image_id,image_filename,image_path,xml_filename,xml_path,license_number,state_code,width,height,depth,xmin,xmax,ymin,ymax,xml_license_number,status
WB18,WB18.jpg,dataset\NumberPlate_Annotated_Dataset-main\Images\WB18.jpg,WB18.xml,dataset\NumberPlate_Annotated_Dataset-main\Labels\WB18.xml,WB06J2192,WB,272,364,3,73,166,231,252,WB06J2192,OK
TR6,TR6.jpg,dataset\NumberPlate_Annotated_Dataset-main\Images\TR6.jpg,TR6.xml,dataset\NumberPlate_Annotated_Dataset-main\Labels\TR6.xml,TR01BG0365,TR,272,125,3,105,152,93,104,TR01BG0365,OK
AS8,AS8.jpg,dataset\NumberPlate_Annotated_Dataset-main\Images\AS8.jpg,AS8.xml,dataset\NumberPlate_Annotated_Dataset-main\Labels\AS8.xml,AS01AM1419,AS,272,363,3,97,164,242,258,AS01AM1419,OK
HP21,HP21.jpg,dataset\NumberPlate_Annotated_Dataset-main\Images\HP21.jpg,HP21.xml,dataset\NumberPlate_Annotated_Dataset-main\Labels\HP21.xml,HP40B8992,HP,272,544,3,76,169,290,327,HP40B8992,OK
PB23,PB23.jpg,dataset\NumberPlate_Annotated_Dataset-main\Images\PB23.jpg,PB23.xml,dataset\NumberPlate_Annotated_Dataset-main\Labels\PB23.xml,PB02CC7299,PB,272,153,3,122,163,112,123,PB02CC7299,OK
MH18,MH18.jpg,dataset\NumberPlate_Annotated_Dataset-main\Images\MH18.jpg,MH18.xml,dataset\NumberPlate_Annotated_Dataset-main\Labels\MH18.xml,MH12HN4507,MH,272,544,3,104,165,319,336,MH12HN4507,OK
PB15,PB15.jpg,dataset\NumberPlate_Annotated_Dataset-main\Images\PB15.jpg,PB15.xml,dataset\NumberPlate_Annotated_Dataset-main\Labels\PB15.xml,PB30L5010,PB,272,484,3,99,171,293,310,PB30L5010,OK
TS1,TS1.jpg,dataset\NumberPlate_Annotated_Dataset-main\Images\TS1.jpg,TS1.xml,dataset\NumberPlate_Annotated_Dataset-main\Labels\TS1.xml,TS08FQ1262,TS,272,363,3,89,183,267,287,TS08FQ1262,OK
TS14,TS14.jpg,dataset\NumberPlate_Annotated_Dataset-main\Images\TS14.jpg,TS14.xml,dataset\NumberPlate_Annotated_Dataset-main\Labels\TS14.xml,TS36H6578,TS,271,481,3,86,160,279,296,TS36H6578,OK
ML28,ML28.jpg,dataset\NumberPlate_Annotated_Dataset-main\Images\ML28.jpg,ML28.xml,dataset\NumberPlate_Annotated_Dataset-main\Labels\ML28.xml,ML08C8061,ML,272,363,3,72,158,234,255,ML08C8061,OK
TS6,TS6.jpg,dataset\NumberPlate_Annotated_Dataset-main\Images\TS6.jpg,TS6.xml,dataset\NumberPlate_Annotated_Dataset-main\Labels\TS6.xml,TS18T3899,TS,272,204,3,110,155,145,156,TS18T3899,OK
ML30,ML30.jpg,dataset\NumberPlate_Annotated_Dataset-main\Images\ML30.jpg,ML30.xml,dataset\NumberPlate_Annotated_Dataset-main\Labels\ML30.xml,ML05C5389,ML,167,363,3,49,106,222,236,ML05C5389,OK
HP14,HP14.jpg,dataset\NumberPlate_Annotated_Dataset-main\Images\HP14.jpg,HP14.xml,dataset\NumberPlate_Annotated_Dataset-main\Labels\HP14.xml,HP3SG1539,HP,272,363,3,98,199,256,271,HP3SG1539,OK
ML12,ML12.jpg,dataset\NumberPlate_Annotated_Dataset-main\Images\ML12.jpg,ML12.xml,dataset\NumberPlate_Annotated_Dataset-main\Labels\ML12.xml,ML05F9854,ML,272,204,3,105,182,163,181,ML05F9854,OK
AR11,AR11.jpg,dataset\NumberPlate_Annotated_Dataset-main\Images\AR11.jpg,AR11.xml,dataset\NumberPlate_Annotated_Dataset-main\Labels\AR11.xml,AR01J0123,AR,272,597,3,26,217,415,447,AR01J0123,OK
BR9,BR9.jpg,dataset\NumberPlate_Annotated_Dataset-main\Images\BR9.jpg,BR9.xml,dataset\NumberPlate_Annotated_Dataset-main\Labels\BR9.xml,BR01AW1250,BR,272,363,3,168,218,219,240,BR01AW1250,OK
PB2,PB2.jpg,dataset\NumberPlate_Annotated_Dataset-main\Images\PB2.jpg,PB2.xml,dataset\NumberPlate_Annotated_Dataset-main\Labels\PB2.xml,PB04S4253,PB,272,363,3,112,173,213,225,PB04S4253,OK
JK1,JK1.jpg,dataset\NumberPlate_Annotated_Dataset-main\Images\JK1.jpg,JK1.xml,dataset\NumberPlate_Annotated_Dataset-main\Labels\JK1.xml,JK02BF5058,JK,272,363,3,101,185,209,231,JK02BF5058,OK
PB26,PB26.jpg,dataset\NumberPlate_Annotated_Dataset-main\Images\PB26.jpg,PB26.xml,dataset\NumberPlate_Annotated_Dataset-main\Labels\PB26.xml,PB04T0678,PB,272,363,3,23,92,244,295,PB04T0678,OK
ML2,ML2.jpg,dataset\NumberPlate_Annotated_Dataset-main\Images\ML2.jpg,ML2.xml,dataset\NumberPlate_Annotated_Dataset-main\Labels\ML2.xml,ML05Q8790,ML,272,363,3,89,189,247,265,ML05Q8790,OK
BR11,BR11.jpg,dataset\NumberPlate_Annotated_Dataset-main\Images\BR11.jpg,BR11.xml,dataset\NumberPlate_Annotated_Dataset-main\Labels\BR11.xml,BR02AF7424,BR,272,363,3,77,141,211,225,BR02AF7424,OK
CG7,CG7.jpg,dataset\NumberPlate_Annotated_Dataset-main\Images\CG7.jpg,CG7.xml,dataset\NumberPlate_Annotated_Dataset-main\Labels\CG7.xml,CG08K2057,CG,272,575,3,76,165,372,390,CG08K2057,OK
AR3,AR3.jpg,dataset\NumberPlate_Annotated_Dataset-main\Images\AR3.jpg,AR3.xml,dataset\NumberPlate_Annotated_Dataset-main\Labels\AR3.xml,AR169723,AR,272,363,3,54,97,234,261,AR169723,OK
KL7,KL7.jpg,dataset\NumberPlate_Annotated_Dataset-main\Images\KL7.jpg,KL7.xml,dataset\NumberPlate_Annotated_Dataset-main\Labels\KL7.xml,KL41M93,KL,272,204,3,113,162,134,146,KL41M93,OK
DL20,DL20.jpg,dataset\NumberPlate_Annotated_Dataset-main\Images\DL20.jpg,DL20.xml,dataset\NumberPlate_Annotated_Dataset-main\Labels\DL20.xml,DL12CL2555,DL,272,204,3,107,175,115,130,DL12CL2555,OK
JH17,JH17.jpg,dataset\NumberPlate_Annotated_Dataset-main\Images\JH17.jpg,JH17.xml,dataset\NumberPlate_Annotated_Dataset-main\Labels\JH17.xml,JH01AR2011,JH,270,184,3,108,161,143,155,JH01AR2011,OK
PY2,PY2.jpg,dataset\NumberPlate_Annotated_Dataset-main\Images\PY2.jpg,PY2.xml,dataset\NumberPlate_Annotated_Dataset-main\Labels\PY2.xml,PY01CM9549,PY,269,333,3,91,189,264,285,PY01CM9549,OK
DL38,DL38.jpg,dataset\NumberPlate_Annotated_Dataset-main\Images\DL38.jpg,DL38.xml,dataset\NumberPlate_Annotated_Dataset-main\Labels\DL38.xml,DL4CAQ3231,DL,272,204,3,101,166,145,160,DL4CAQ3231,OK
JH15,JH15.jpg,dataset\NumberPlate_Annotated_Dataset-main\Images\JH15.jpg,JH15.xml,dataset\NumberPlate_Annotated_Dataset-main\Labels\JH15.xml,JH08C0625,JH,272,204,3,92,178,127,146,JH08C0625,OK
CG20,CG20.jpg,dataset\NumberPlate_Annotated_Dataset-main\Images\CG20.jpg,CG20.xml,dataset\NumberPlate_Annotated_Dataset-main\Labels\CG20.xml,CG251612,CG,272,204,3,73,136,126,140,CG251612,OK
PY14,PY14.jpg,dataset\NumberPlate_Annotated_Dataset-main\Images\PY14.jpg,PY14.xml,dataset\NumberPlate_Annotated_Dataset-main\Labels\PY14.xml,PY01CV2447,PY,272,363,3,121,183,224,252,PY01CV2447,OK
CG18,CG18.jpg,dataset\NumberPlate_Annotated_Dataset-main\Images\CG18.jpg,CG18.xml,dataset\NumberPlate_Annotated_Dataset-main\Labels\CG18.xml,CG07CA7784,CG,272,363,3,111,212,247,288,CG07CA7784,OK
OD23,OD23.jpg,dataset\NumberPlate_Annotated_Dataset-main\Images\OD23.jpg,OD23.xml,dataset\NumberPlate_Annotated_Dataset-main\Labels\OD23.xml,OR21E1033,OR,193,153,3,108,161,118,129,OR21E1033,OK
AP12,AP12.jpg,dataset\NumberPlate_Annotated_Dataset-main\Images\AP12.jpg,AP12.xml,dataset\NumberPlate_Annotated_Dataset-main\Labels\AP12.xml,AP310U7562,AP,272,363,3,77,132,226,248,AP310U7562,OK
TN1,TN1.jpg,dataset\NumberPlate_Annotated_Dataset-main\Images\TN1.jpg,TN1.xml,dataset\NumberPlate_Annotated_Dataset-main\Labels\TN1.xml,TN63BV7954,TN,272,363,3,107,162,222,238,TN63BV7954,OK
JK3,JK3.jpg,dataset\NumberPlate_Annotated_Dataset-main\Images\JK3.jpg,JK3.xml,dataset\NumberPlate_Annotated_Dataset-main\Labels\JK3.xml,JK02BL1212,JK,272,204,3,104,171,169,185,JK02BL1212,OK
TR4,TR4.jpg,dataset\NumberPlate_Annotated_Dataset-main\Images\TR4.jpg,TR4.xml,dataset\NumberPlate_Annotated_Dataset-main\Labels\TR4.xml,TR01N0481,TR,272,204,3,102,164,148,163,TR01N0481,OK
DL1,DL1.jpg,dataset\NumberPlate_Annotated_Dataset-main\Images\DL1.jpg,DL1.xml,dataset\NumberPlate_Annotated_Dataset-main\Labels\DL1.xml,DL6CJ8404,DL,272,363,3,89,176,235,255,DL6CJ8404,OK
CH1,CH1.jpg,dataset\NumberPlate_Annotated_Dataset-main\Images\CH1.jpg,CH1.xml,dataset\NumberPlate_Annotated_Dataset-main\Labels\CH1.xml,CH01BQ5604,CH,272,174,3,34,69,132,145,CH01BQ5604,OK
AP16,AP16.jpg,dataset\NumberPlate_Annotated_Dataset-main\Images\AP16.jpg,AP16.xml,dataset\NumberPlate_Annotated_Dataset-main\Labels\AP16.xml,AP39GR3492,AP,272,153,3,104,154,127,138,AP39GR3492,OK
MN3,MN3.jpg,dataset\NumberPlate_Annotated_Dataset-main\Images\MN3.jpg,MN3.xml,dataset\NumberPlate_Annotated_Dataset-main\Labels\MN3.xml,MN01G0297,MN,272,363,3,81,150,175,191,MN01G0297,OK
TR10,TR10.jpg,dataset\NumberPlate_Annotated_Dataset-main\Images\TR10.jpg,TR10.xml,dataset\NumberPlate_Annotated_Dataset-main\Labels\TR10.xml,TR07D0569,TR,272,604,3,93,185,329,348,TR07D0569,OK
HP11,HP11.jpg,dataset\NumberPlate_Annotated_Dataset-main\Images\HP11.jpg,HP11.xml,dataset\NumberPlate_Annotated_Dataset-main\Labels\HP11.xml,HP12H7917,HP,272,204,3,102,173,130,144,HP12H7917,OK
UK9,UK9.jpg,dataset\NumberPlate_Annotated_Dataset-main\Images\UK9.jpg,UK9.xml,dataset\NumberPlate_Annotated_Dataset-main\Labels\UK9.xml,UK06J3953,UK,272,363,3,96,173,334,353,UK06J3953,OK
DN2,DN2.jpg,dataset\NumberPlate_Annotated_Dataset-main\Images\DN2.jpg,DN2.xml,dataset\NumberPlate_Annotated_Dataset-main\Labels\DN2.xml,DN09J1548,DN,272,136,3,102,148,107,116,DN09J1548,OK
JH16,JH16.jpg,dataset\NumberPlate_Annotated_Dataset-main\Images\JH16.jpg,JH16.xml,dataset\NumberPlate_Annotated_Dataset-main\Labels\JH16.xml,JH10S5378,JH,272,604,3,65,170,313,347,JH10S5378,OK
GJ27,GJ27.jpg,dataset\NumberPlate_Annotated_Dataset-main\Images\GJ27.jpg,GJ27.xml,dataset\NumberPlate_Annotated_Dataset-main\Labels\GJ27.xml,GJ18BK6705,GJ,272,204,3,107,160,144,157,GJ18BK6705,OK
ML26,ML26.jpg,dataset\NumberPlate_Annotated_Dataset-main\Images\ML26.jpg,ML26.xml,dataset\NumberPlate_Annotated_Dataset-main\Labels\ML26.xml,ML068346,ML,272,363,3,93,171,249,271,ML068346,OK
AS16,AS16.jpg,dataset\NumberPlate_Annotated_Dataset-main\Images\AS16.jpg,AS16.xml,dataset\NumberPlate_Annotated_Dataset-main\Labels\AS16.xml,AS01AL3746,AS,271,325,3,80,172,240,261,AS01AL3746,OK
ML1,ML1.jpg,dataset\NumberPlate_Annotated_Dataset-main\Images\ML1.jpg,ML1.xml,dataset\NumberPlate_Annotated_Dataset-main\Labels\ML1.xml,ML05F6894,ML,271,129,3,93,165,65,82,ML05F6894,OK
SK4,SK4.jpg,dataset\NumberPlate_Annotated_Dataset-main\Images\SK4.jpg,SK4.xml,dataset\NumberPlate_Annotated_Dataset-main\Labels\SK4.xml,SK01PA4521,SK,272,363,3,190,247,274,306,SK01PA4521,OK
UP29,UP29.jpg,dataset\NumberPlate_Annotated_Dataset-main\Images\UP29.jpg,UP29.xml,dataset\NumberPlate_Annotated_Dataset-main\Labels\UP29.xml,UP14AF3804,UP,272,605,3,80,167,309,329,UP14AF3804,OK
UP22,UP22.jpg,dataset\NumberPlate_Annotated_Dataset-main\Images\UP22.jpg,UP22.xml,dataset\NumberPlate_Annotated_Dataset-main\Labels\UP22.xml,UP11AY0646,UP,272,363,3,106,186,280,294,UP11AY0646,OK
AP24,AP24.jpg,dataset\NumberPlate_Annotated_Dataset-main\Images\AP24.jpg,AP24.xml,dataset\NumberPlate_Annotated_Dataset-main\Labels\AP24.xml,AP07AD5555,AP,272,363,3,90,183,265,285,AP07AD5555,OK
AR7,AR7.jpg,dataset\NumberPlate_Annotated_Dataset-main\Images\AR7.jpg,AR7.xml,dataset\NumberPlate_Annotated_Dataset-main\Labels\AR7.xml,AR02A7116,AR,272,154,3,86,163,57,75,AR02A7116,OK
WB6,WB6.jpg,dataset\NumberPlate_Annotated_Dataset-main\Images\WB6.jpg,WB6.xml,dataset\NumberPlate_Annotated_Dataset-main\Labels\WB6.xml,WB02AH4655,WB,272,363,3,108,181,247,266,WB02AH4655,OK
UP26,UP26.jpg,dataset\NumberPlate_Annotated_Dataset-main\Images\UP26.jpg,UP26.xml,dataset\NumberPlate_Annotated_Dataset-main\Labels\UP26.xml,UP14AX9754,UP,272,363,3,48,103,199,214,UP14AX9754,OK
BR10,BR10.jpg,dataset\NumberPlate_Annotated_Dataset-main\Images\BR10.jpg,BR10.xml,dataset\NumberPlate_Annotated_Dataset-main\Labels\BR10.xml,BR32PA6558,BR,272,363,3,112,192,235,255,BR32PA6558,OK
PB25,PB25.jpg,dataset\NumberPlate_Annotated_Dataset-main\Images\PB25.jpg,PB25.xml,dataset\NumberPlate_Annotated_Dataset-main\Labels\PB25.xml,PB10CK5005,PB,272,363,3,124,185,232,246,PB10CK5005,OK
AP8,AP8.jpg,dataset\NumberPlate_Annotated_Dataset-main\Images\AP8.jpg,AP8.xml,dataset\NumberPlate_Annotated_Dataset-main\Labels\AP8.xml,AP16DP7065,AP,272,366,3,100,172,220,237,AP16DP7065,OK
MP11,MP11.jpg,dataset\NumberPlate_Annotated_Dataset-main\Images\MP11.jpg,MP11.xml,dataset\NumberPlate_Annotated_Dataset-main\Labels\MP11.xml,MP07CB8897,MP,272,292,3,92,186,201,228,MP07CB8897,OK
MH16,MH16.jpg,dataset\NumberPlate_Annotated_Dataset-main\Images\MH16.jpg,MH16.xml,dataset\NumberPlate_Annotated_Dataset-main\Labels\MH16.xml,MH12GR862,MH,272,327,3,106,171,245,264,MH12GR862,OK
JK11,JK11.jpg,dataset\NumberPlate_Annotated_Dataset-main\Images\JK11.jpg,JK11.xml,dataset\NumberPlate_Annotated_Dataset-main\Labels\JK11.xml,JK03D7750,JK,272,593,3,94,164,340,358,JK03D7750,OK
JH10,JH10.jpg,dataset\NumberPlate_Annotated_Dataset-main\Images\JH10.jpg,JH10.xml,dataset\NumberPlate_Annotated_Dataset-main\Labels\JH10.xml,JH02AD2533,JH,272,604,3,123,173,289,304,JH02AD2533,OK
AR4,AR4.jpg,dataset\NumberPlate_Annotated_Dataset-main\Images\AR4.jpg,AR4.xml,dataset\NumberPlate_Annotated_Dataset-main\Labels\AR4.xml,AR01C5723,AR,272,327,3,95,191,270,290,AR01C5723,OK
CH7,CH7.jpg,dataset\NumberPlate_Annotated_Dataset-main\Images\CH7.jpg,CH7.xml,dataset\NumberPlate_Annotated_Dataset-main\Labels\CH7.xml,CH01AL4920,CH,272,204,3,96,204,160,186,CH01AL4920,OK
OD16,OD16.jpg,dataset\NumberPlate_Annotated_Dataset-main\Images\OD16.jpg,OD16.xml,dataset\NumberPlate_Annotated_Dataset-main\Labels\OD16.xml,OR14U8730,OR,272,604,3,83,171,331,351,OR14U8730,OK
TR7,TR7.jpg,dataset\NumberPlate_Annotated_Dataset-main\Images\TR7.jpg,TR7.xml,dataset\NumberPlate_Annotated_Dataset-main\Labels\TR7.xml,TR03F0375,TR,272,153,3,154,198,106,137,TR03F0375,OK
TN3,TN3.jpg,dataset\NumberPlate_Annotated_Dataset-main\Images\TN3.jpg,TN3.xml,dataset\NumberPlate_Annotated_Dataset-main\Labels\TN3.xml,TN02AU9295,TN,272,590,3,88,184,306,330,TN02AU9295,OK
AP29,AP29.jpg,dataset\NumberPlate_Annotated_Dataset-main\Images\AP29.jpg,AP29.xml,dataset\NumberPlate_Annotated_Dataset-main\Labels\AP29.xml,AP31DF2833,AP,269,141,3,105,183,1,16,AP31DF2833,OK
DN6,DN6.jpg,dataset\NumberPlate_Annotated_Dataset-main\Images\DN6.jpg,DN6.xml,dataset\NumberPlate_Annotated_Dataset-main\Labels\DN6.xml,DN0901438,DN,272,153,3,74,130,70,83,DN0901438,OK
JH19,JH19.jpg,dataset\NumberPlate_Annotated_Dataset-main\Images\JH19.jpg,JH19.xml,dataset\NumberPlate_Annotated_Dataset-main\Labels\JH19.xml,JH05Y9636,JH,271,132,3,109,191,77,94,JH05Y9636,OK
PY13,PY13.jpg,dataset\NumberPlate_Annotated_Dataset-main\Images\PY13.jpg,PY13.xml,dataset\NumberPlate_Annotated_Dataset-main\Labels\PY13.xml,PY01CG2929,PY,272,363,3,96,177,291,311,PY01CG2929,OK
BR5,BR5.jpg,dataset\NumberPlate_Annotated_Dataset-main\Images\BR5.jpg,BR5.xml,dataset\NumberPlate_Annotated_Dataset-main\Labels\BR5.xml,BR01BE0777,BR,272,363,3,100,169,297,311,BR01BE0777,OK
CG4,CG4.jpg,dataset\NumberPlate_Annotated_Dataset-main\Images\CG4.jpg,CG4.xml,dataset\NumberPlate_Annotated_Dataset-main\Labels\CG4.xml,CG04HV7009,CG,272,153,3,104,175,140,153,CG04HV7009,OK
HR6,HR6.jpg,dataset\NumberPlate_Annotated_Dataset-main\Images\HR6.jpg,HR6.xml,dataset\NumberPlate_Annotated_Dataset-main\Labels\HR6.xml,HR26DJ8832,HR,272,363,3,102,172,266,282,HR26DJ8832,OK
PB8,PB8.jpg,dataset\NumberPlate_Annotated_Dataset-main\Images\PB8.jpg,PB8.xml,dataset\NumberPlate_Annotated_Dataset-main\Labels\PB8.xml,PB10CQ0006,PB,272,363,3,89,175,242,263,PB10CQ0006,OK
DL15,DL15.jpg,dataset\NumberPlate_Annotated_Dataset-main\Images\DL15.jpg,DL15.xml,dataset\NumberPlate_Annotated_Dataset-main\Labels\DL15.xml,DL8CZ7230,DL,272,292,3,164,226,162,189,DL8CZ7230,OK
CG9,CG9.jpg,dataset\NumberPlate_Annotated_Dataset-main\Images\CG9.jpg,CG9.xml,dataset\NumberPlate_Annotated_Dataset-main\Labels\CG9.xml,CG04HC4887,CG,272,363,3,86,182,196,220,CG04HC4887,OK
GJ29,GJ29.jpg,dataset\NumberPlate_Annotated_Dataset-main\Images\GJ29.jpg,GJ29.xml,dataset\NumberPlate_Annotated_Dataset-main\Labels\GJ29.xml,GJ01RM3413,GJ,272,204,3,105,165,140,153,GJ01RM3413,OK
AP41,AP41.jpg,dataset\NumberPlate_Annotated_Dataset-main\Images\AP41.jpg,AP41.xml,dataset\NumberPlate_Annotated_Dataset-main\Labels\AP41.xml,AP5CG6320,AP,271,327,3,79,190,265,290,AP5CG6320,OK
PY7,PY7.jpg,dataset\NumberPlate_Annotated_Dataset-main\Images\PY7.jpg,PY7.xml,dataset\NumberPlate_Annotated_Dataset-main\Labels\PY7.xml,PY036993,PY,272,364,3,116,188,312,331,PY036993,OK
PY15,PY15.jpg,dataset\NumberPlate_Annotated_Dataset-main\Images\PY15.jpg,PY15.xml,dataset\NumberPlate_Annotated_Dataset-main\Labels\PY15.xml,PY05A8339,PY,272,342,3,101,170,225,241,PY05A8339,OK
AS6,AS6.jpg,dataset\NumberPlate_Annotated_Dataset-main\Images\AS6.jpg,AS6.xml,dataset\NumberPlate_Annotated_Dataset-main\Labels\AS6.xml,AS12S6951,AS,204,204,3,17,68,154,176,AS12S6951,OK
WB26,WB26.jpg,dataset\NumberPlate_Annotated_Dataset-main\Images\WB26.jpg,WB26.xml,dataset\NumberPlate_Annotated_Dataset-main\Labels\WB26.xml,WB02A03017,WB,272,186,3,30,80,120,143,WB02A03017,OK
HR18,HR18.jpg,dataset\NumberPlate_Annotated_Dataset-main\Images\HR18.jpg,HR18.xml,dataset\NumberPlate_Annotated_Dataset-main\Labels\HR18.xml,HR26DM2296,HR,272,605,3,96,164,333,352,HR26DM2296,OK
MH6,MH6.jpg,dataset\NumberPlate_Annotated_Dataset-main\Images\MH6.jpg,MH6.xml,dataset\NumberPlate_Annotated_Dataset-main\Labels\MH6.xml,MH47N0712,MH,272,363,3,111,173,225,240,MH47N0712,OK
OD4,OD4.jpg,dataset\NumberPlate_Annotated_Dataset-main\Images\OD4.jpg,OD4.xml,dataset\NumberPlate_Annotated_Dataset-main\Labels\OD4.xml,OD02C2836,OD,272,586,3,124,219,328,350,OD02C2836,OK
JK31,JK31.jpg,dataset\NumberPlate_Annotated_Dataset-main\Images\JK31.jpg,JK31.xml,dataset\NumberPlate_Annotated_Dataset-main\Labels\JK31.xml,JK03A8042,JK,272,204,3,105,159,142,153,JK03A8042,OK
UP23,UP23.jpg,dataset\NumberPlate_Annotated_Dataset-main\Images\UP23.jpg,UP23.xml,dataset\NumberPlate_Annotated_Dataset-main\Labels\UP23.xml,UP78ED0449,UP,272,365,3,96,165,184,198,UP78ED0449,OK
JH14,JH14.jpg,dataset\NumberPlate_Annotated_Dataset-main\Images\JH14.jpg,JH14.xml,dataset\NumberPlate_Annotated_Dataset-main\Labels\JH14.xml,JH10BV1496,JH,272,364,3,100,182,276,293,JH10BV1496,OK
MH24,MH24.jpg,dataset\NumberPlate_Annotated_Dataset-main\Images\MH24.jpg,MH24.xml,dataset\NumberPlate_Annotated_Dataset-main\Labels\MH24.xml,MH04HF5092,MH,272,229,3,90,178,173,190,MH04HF5092,OK
DL18,DL18.jpg,dataset\NumberPlate_Annotated_Dataset-main\Images\DL18.jpg,DL18.xml,dataset\NumberPlate_Annotated_Dataset-main\Labels\DL18.xml,DL1CS8739,DL,272,363,3,98,167,217,233,DL1CS8739,OK
HP9,HP9.jpg,dataset\NumberPlate_Annotated_Dataset-main\Images\HP9.jpg,HP9.xml,dataset\NumberPlate_Annotated_Dataset-main\Labels\HP9.xml,HP23A6365,HP,272,297,3,86,160,194,218,HP23A6365,OK
OD17,OD17.jpg,dataset\NumberPlate_Annotated_Dataset-main\Images\OD17.jpg,OD17.xml,dataset\NumberPlate_Annotated_Dataset-main\Labels\OD17.xml,OD14B7432,OD,272,204,3,101,149,140,152,OD14B7432,OK
ML18,ML18.jpg,dataset\NumberPlate_Annotated_Dataset-main\Images\ML18.jpg,ML18.xml,dataset\NumberPlate_Annotated_Dataset-main\Labels\ML18.xml,ML10B4503,ML,272,604,3,69,163,417,444,ML10B4503,OK
GA5,GA5.jpg,dataset\NumberPlate_Annotated_Dataset-main\Images\GA5.jpg,GA5.xml,dataset\NumberPlate_Annotated_Dataset-main\Labels\GA5.xml,GA01E5947,GA,272,204,3,100,187,155,172,GA01E5947,OK
AP3,AP3.jpg,dataset\NumberPlate_Annotated_Dataset-main\Images\AP3.jpg,AP3.xml,dataset\NumberPlate_Annotated_Dataset-main\Labels\AP3.xml,AP2D4014,AP,272,363,3,175,249,273,320,AP2D4014,OK
PB14,PB14.jpg,dataset\NumberPlate_Annotated_Dataset-main\Images\PB14.jpg,PB14.xml,dataset\NumberPlate_Annotated_Dataset-main\Labels\PB14.xml,PB10EH0164,PB,272,363,3,111,202,261,280,PB10EH0164,OK
ML22,ML22.jpg,dataset\NumberPlate_Annotated_Dataset-main\Images\ML22.jpg,ML22.xml,dataset\NumberPlate_Annotated_Dataset-main\Labels\ML22.xml,ML1032811,ML,272,363,3,106,163,196,211,ML1032811,OK
GJ28,GJ28.jpg,dataset\NumberPlate_Annotated_Dataset-main\Images\GJ28.jpg,GJ28.xml,dataset\NumberPlate_Annotated_Dataset-main\Labels\GJ28.xml,GJ05JB6589,GJ,272,204,3,121,183,136,163,GJ05JB6589,OK
JK32,JK32.jpg,dataset\NumberPlate_Annotated_Dataset-main\Images\JK32.jpg,JK32.xml,dataset\NumberPlate_Annotated_Dataset-main\Labels\JK32.xml,JK13C4452,JK,271,220,3,163,211,199,219,JK13C4452,OK
JK19,JK19.jpg,dataset\NumberPlate_Annotated_Dataset-main\Images\JK19.jpg,JK19.xml,dataset\NumberPlate_Annotated_Dataset-main\Labels\JK19.xml,JK127959,JK,272,363,3,138,203,174,214,JK127959,OK
CG8,CG8.jpg,dataset\NumberPlate_Annotated_Dataset-main\Images\CG8.jpg,CG8.xml,dataset\NumberPlate_Annotated_Dataset-main\Labels\CG8.xml,CG04H5060,CG,272,363,3,90,181,171,194,CG04H5060,OK
WB16,WB16.jpg,dataset\NumberPlate_Annotated_Dataset-main\Images\WB16.jpg,WB16.xml,dataset\NumberPlate_Annotated_Dataset-main\Labels\WB16.xml,WB06J9177,WB,272,363,3,96,165,253,269,WB06J9177,OK
KA21,KA21.jpg,dataset\NumberPlate_Annotated_Dataset-main\Images\KA21.jpg,KA21.xml,dataset\NumberPlate_Annotated_Dataset-main\Labels\KA21.xml,KA28M3589,KA,272,604,3,105,174,319,337,KA28M3589,OK
TS7,TS7.jpg,dataset\NumberPlate_Annotated_Dataset-main\Images\TS7.jpg,TS7.xml,dataset\NumberPlate_Annotated_Dataset-main\Labels\TS7.xml,TS08EZ9463,TS,272,363,3,100,178,229,247,TS08EZ9463,OK
DL3,DL3.jpg,dataset\NumberPlate_Annotated_Dataset-main\Images\DL3.jpg,DL3.xml,dataset\NumberPlate_Annotated_Dataset-main\Labels\DL3.xml,DL8CAU6883,DL,272,484,3,118,190,290,307,DL8CAU6883,OK
WB21,WB21.jpg,dataset\NumberPlate_Annotated_Dataset-main\Images\WB21.jpg,WB21.xml,dataset\NumberPlate_Annotated_Dataset-main\Labels\WB21.xml,WB02W9S3S,WB,272,364,3,34,106,194,220,WB02W9S3S,OK
HR16,HR16.jpg,dataset\NumberPlate_Annotated_Dataset-main\Images\HR16.jpg,HR16.xml,dataset\NumberPlate_Annotated_Dataset-main\Labels\HR16.xml,HR56B2626,HR,272,363,3,140,224,264,295,HR56B2626,OK
KL11,KL11.jpg,dataset\NumberPlate_Annotated_Dataset-main\Images\KL11.jpg,KL11.xml,dataset\NumberPlate_Annotated_Dataset-main\Labels\KL11.xml,KL0BBJ5001,KL,272,363,3,92,179,242,261,KL0BBJ5001,OK
WB4,WB4.jpg,dataset\NumberPlate_Annotated_Dataset-main\Images\WB4.jpg,WB4.xml,dataset\NumberPlate_Annotated_Dataset-main\Labels\WB4.xml,WB02X8795,WB,272,363,3,119,191,268,292,WB02X8795,OK
AP22,AP22.jpg,dataset\NumberPlate_Annotated_Dataset-main\Images\AP22.jpg,AP22.xml,dataset\NumberPlate_Annotated_Dataset-main\Labels\AP22.xml,AP16CH9545,AP,272,363,3,74,172,229,248,AP16CH9545,OK
AP5,AP5.jpg,dataset\NumberPlate_Annotated_Dataset-main\Images\AP5.jpg,AP5.xml,dataset\NumberPlate_Annotated_Dataset-main\Labels\AP5.xml,AP39TP0211,AP,272,363,3,93,155,163,179,AP39TP0211,OK
AP19,AP19.jpg,dataset\NumberPlate_Annotated_Dataset-main\Images\AP19.jpg,AP19.xml,dataset\NumberPlate_Annotated_Dataset-main\Labels\AP19.xml,AP04M7627,AP,272,604,3,98,158,341,357,AP04M7627,OK
UP5,UP5.jpg,dataset\NumberPlate_Annotated_Dataset-main\Images\UP5.jpg,UP5.xml,dataset\NumberPlate_Annotated_Dataset-main\Labels\UP5.xml,UP32EC5577,UP,272,602,3,99,167,282,300,UP32EC5577,OK
KL10,KL10.jpg,dataset\NumberPlate_Annotated_Dataset-main\Images\KL10.jpg,KL10.xml,dataset\NumberPlate_Annotated_Dataset-main\Labels\KL10.xml,KL45C4411,KL,272,363,3,58,130,201,230,KL45C4411,OK
AS17,AS17.jpg,dataset\NumberPlate_Annotated_Dataset-main\Images\AS17.jpg,AS17.xml,dataset\NumberPlate_Annotated_Dataset-main\Labels\AS17.xml,AS01AR1986,AS,271,342,3,89,182,250,268,AS01AR1986,OK
BR18,BR18.jpg,dataset\NumberPlate_Annotated_Dataset-main\Images\BR18.jpg,BR18.xml,dataset\NumberPlate_Annotated_Dataset-main\Labels\BR18.xml,BR01BD5042,BR,272,484,3,91,198,338,360,BR01BD5042,OK
AP43,AP43.jpg,dataset\NumberPlate_Annotated_Dataset-main\Images\AP43.jpg,AP43.xml,dataset\NumberPlate_Annotated_Dataset-main\Labels\AP43.xml,AP31BG7827,AP,272,363,3,110,198,322,344,AP31BG7827,OK
AS5,AS5.jpg,dataset\NumberPlate_Annotated_Dataset-main\Images\AS5.jpg,AS5.xml,dataset\NumberPlate_Annotated_Dataset-main\Labels\AS5.xml,AS23H0770,AS,272,575,3,94,189,316,346,AS23H0770,OK
AN4,AN4.jpg,dataset\NumberPlate_Annotated_Dataset-main\Images\AN4.jpg,AN4.xml,dataset\NumberPlate_Annotated_Dataset-main\Labels\AN4.xml,AN01M4M,AN,272,363,3,82,141,229,245,AN01M4M,OK
WB11,WB11.jpg,dataset\NumberPlate_Annotated_Dataset-main\Images\WB11.jpg,WB11.xml,dataset\NumberPlate_Annotated_Dataset-main\Labels\WB11.xml,WB08A4101,WB,272,570,3,78,173,304,328,WB08A4101,OK
KA18,KA18.jpg,dataset\NumberPlate_Annotated_Dataset-main\Images\KA18.jpg,KA18.xml,dataset\NumberPlate_Annotated_Dataset-main\Labels\KA18.xml,KA04MK312,KA,272,204,3,105,154,128,138,KA04MK312,OK
WB19,WB19.jpg,dataset\NumberPlate_Annotated_Dataset-main\Images\WB19.jpg,WB19.xml,dataset\NumberPlate_Annotated_Dataset-main\Labels\WB19.xml,WB061061,WB,272,364,3,84,170,174,199,WB061061,OK
AR1,AR1.jpg,dataset\NumberPlate_Annotated_Dataset-main\Images\AR1.jpg,AR1.xml,dataset\NumberPlate_Annotated_Dataset-main\Labels\AR1.xml,AR048395,AR,272,153,3,99,156,110,122,AR048395,OK
RJ6,RJ6.jpg,dataset\NumberPlate_Annotated_Dataset-main\Images\RJ6.jpg,RJ6.xml,dataset\NumberPlate_Annotated_Dataset-main\Labels\RJ6.xml,RJ23CB2272,RJ,272,484,3,154,229,261,295,RJ23CB2272,OK
MP9,MP9.jpg,dataset\NumberPlate_Annotated_Dataset-main\Images\MP9.jpg,MP9.xml,dataset\NumberPlate_Annotated_Dataset-main\Labels\MP9.xml,MP45G0872,MP,272,471,3,189,248,216,248,MP45G0872,OK
KL15,KL15.jpg,dataset\NumberPlate_Annotated_Dataset-main\Images\KL15.jpg,KL15.xml,dataset\NumberPlate_Annotated_Dataset-main\Labels\KL15.xml,KL43G6619,KL,272,363,3,141,223,225,259,KL43G6619,OK
DL30,DL30.jpg,dataset\NumberPlate_Annotated_Dataset-main\Images\DL30.jpg,DL30.xml,dataset\NumberPlate_Annotated_Dataset-main\Labels\DL30.xml,DL10C05520,DL,270,347,3,169,221,207,229,DL10C05520,OK
DN3,DN3.jpg,dataset\NumberPlate_Annotated_Dataset-main\Images\DN3.jpg,DN3.xml,dataset\NumberPlate_Annotated_Dataset-main\Labels\DN3.xml,DN09H0968,DN,272,363,3,71,189,247,274,DN09H0968,OK
MH10,MH10.jpg,dataset\NumberPlate_Annotated_Dataset-main\Images\MH10.jpg,MH10.xml,dataset\NumberPlate_Annotated_Dataset-main\Labels\MH10.xml,MH11CQ8516,MH,270,334,3,90,182,307,325,MH11CQ8516,OK
PB10,PB10.jpg,dataset\NumberPlate_Annotated_Dataset-main\Images\PB10.jpg,PB10.xml,dataset\NumberPlate_Annotated_Dataset-main\Labels\PB10.xml,PB11BN6101,PB,272,588,3,102,193,356,377,PB11BN6101,OK
HP19,HP19.jpg,dataset\NumberPlate_Annotated_Dataset-main\Images\HP19.jpg,HP19.xml,dataset\NumberPlate_Annotated_Dataset-main\Labels\HP19.xml,HP54C6564,HP,272,306,3,105,167,183,197,HP54C6564,OK
NL4,NL4.jpg,dataset\NumberPlate_Annotated_Dataset-main\Images\NL4.jpg,NL4.xml,dataset\NumberPlate_Annotated_Dataset-main\Labels\NL4.xml,NL02C3947,NL,271,555,3,176,233,387,420,NL02C3947,OK
KA25,KA25.jpg,dataset\NumberPlate_Annotated_Dataset-main\Images\KA25.jpg,KA25.xml,dataset\NumberPlate_Annotated_Dataset-main\Labels\KA25.xml,KA38M8037,KA,271,546,3,65,178,344,370,KA38M8037,OK
DL27,DL27.jpg,dataset\NumberPlate_Annotated_Dataset-main\Images\DL27.jpg,DL27.xml,dataset\NumberPlate_Annotated_Dataset-main\Labels\DL27.xml,DL10CA0986,DL,272,589,3,93,192,373,401,DL10CA0986,OK
UK5,UK5.jpg,dataset\NumberPlate_Annotated_Dataset-main\Images\UK5.jpg,UK5.xml,dataset\NumberPlate_Annotated_Dataset-main\Labels\UK5.xml,UK106679,UK,272,204,3,108,176,144,158,UK106679,OK
JK16,JK16.jpg,dataset\NumberPlate_Annotated_Dataset-main\Images\JK16.jpg,JK16.xml,dataset\NumberPlate_Annotated_Dataset-main\Labels\JK16.xml,JK09B7745,JK,272,363,3,79,196,236,260,JK09B7745,OK
HR12,HR12.jpg,dataset\NumberPlate_Annotated_Dataset-main\Images\HR12.jpg,HR12.xml,dataset\NumberPlate_Annotated_Dataset-main\Labels\HR12.xml,HR29R9466,HR,272,331,3,149,198,275,294,HR29R9466,OK
DL11,DL11.jpg,dataset\NumberPlate_Annotated_Dataset-main\Images\DL11.jpg,DL11.xml,dataset\NumberPlate_Annotated_Dataset-main\Labels\DL11.xml,DL9CAP8884,DL,272,363,3,90,180,219,241,DL9CAP8884,OK
PY10,PY10.jpg,dataset\NumberPlate_Annotated_Dataset-main\Images\PY10.jpg,PY10.xml,dataset\NumberPlate_Annotated_Dataset-main\Labels\PY10.xml,PY01CE4149,PY,272,363,3,91,184,274,295,PY01CE4149,OK
UK3,UK3.jpg,dataset\NumberPlate_Annotated_Dataset-main\Images\UK3.jpg,UK3.xml,dataset\NumberPlate_Annotated_Dataset-main\Labels\UK3.xml,UK185763,UK,272,604,3,92,175,306,326,UK185763,OK
HP1,HP1.jpg,dataset\NumberPlate_Annotated_Dataset-main\Images\HP1.jpg,HP1.xml,dataset\NumberPlate_Annotated_Dataset-main\Labels\HP1.xml,HP12H1324,HP,272,363,3,121,178,230,242,HP12H1324,OK
CH6,CH6.jpg,dataset\NumberPlate_Annotated_Dataset-main\Images\CH6.jpg,CH6.xml,dataset\NumberPlate_Annotated_Dataset-main\Labels\CH6.xml,CH01AZ2642,CH,272,204,3,108,178,149,166,CH01AZ2642,OK
JH6,JH6.jpg,dataset\NumberPlate_Annotated_Dataset-main\Images\JH6.jpg,JH6.xml,dataset\NumberPlate_Annotated_Dataset-main\Labels\JH6.xml,JH02AH0750,JH,272,204,3,87,139,151,163,JH02AH0750,OK
UK6,UK6.jpg,dataset\NumberPlate_Annotated_Dataset-main\Images\UK6.jpg,UK6.xml,dataset\NumberPlate_Annotated_Dataset-main\Labels\UK6.xml,UK07055789,UK,272,363,3,111,188,274,291,UK07055789,OK
KA23,KA23.jpg,dataset\NumberPlate_Annotated_Dataset-main\Images\KA23.jpg,KA23.xml,dataset\NumberPlate_Annotated_Dataset-main\Labels\KA23.xml,KA51ML4025,KA,272,363,3,106,158,238,249,KA51ML4025,OK
WB17,WB17.jpg,dataset\NumberPlate_Annotated_Dataset-main\Images\WB17.jpg,WB17.xml,dataset\NumberPlate_Annotated_Dataset-main\Labels\WB17.xml,WB02AJ4534,WB,272,363,3,97,185,265,287,WB02AJ4534,OK
AP26,AP26.jpg,dataset\NumberPlate_Annotated_Dataset-main\Images\AP26.jpg,AP26.xml,dataset\NumberPlate_Annotated_Dataset-main\Labels\AP26.xml,AP31BR9501,AP,272,213,3,96,179,45,63,AP31BR9501,OK
KA5,KA5.jpg,dataset\NumberPlate_Annotated_Dataset-main\Images\KA5.jpg,KA5.xml,dataset\NumberPlate_Annotated_Dataset-main\Labels\KA5.xml,KA53P7604,KA,272,204,3,108,169,130,144,KA53P7604,OK
GA12,GA12.jpg,dataset\NumberPlate_Annotated_Dataset-main\Images\GA12.jpg,GA12.xml,dataset\NumberPlate_Annotated_Dataset-main\Labels\GA12.xml,GA03Y9512,GA,272,272,3,99,170,185,205,GA03Y9512,OK
PB13,PB13.jpg,dataset\NumberPlate_Annotated_Dataset-main\Images\PB13.jpg,PB13.xml,dataset\NumberPlate_Annotated_Dataset-main\Labels\PB13.xml,PB08DT7342,PB,272,204,3,112,178,155,171,PB08DT7342,OK
BR16,BR16.jpg,dataset\NumberPlate_Annotated_Dataset-main\Images\BR16.jpg,BR16.xml,dataset\NumberPlate_Annotated_Dataset-main\Labels\BR16.xml,BR33M0001,BR,272,363,3,43,112,255,285,BR33M0001,OK
SK2,SK2.jpg,dataset\NumberPlate_Annotated_Dataset-main\Images\SK2.jpg,SK2.xml,dataset\NumberPlate_Annotated_Dataset-main\Labels\SK2.xml,SK01T3794,SK,272,363,3,94,171,233,254,SK01T3794,OK
ML29,ML29.jpg,dataset\NumberPlate_Annotated_Dataset-main\Images\ML29.jpg,ML29.xml,dataset\NumberPlate_Annotated_Dataset-main\Labels\ML29.xml,ML04C4738,ML,271,160,3,111,189,71,87,ML04C4738,OK
PB24,PB24.jpg,dataset\NumberPlate_Annotated_Dataset-main\Images\PB24.jpg,PB24.xml,dataset\NumberPlate_Annotated_Dataset-main\Labels\PB24.xml,PB02DY7380,PB,272,363,3,85,168,262,279,PB02DY7380,OK
TN10,TN10.jpg,dataset\NumberPlate_Annotated_Dataset-main\Images\TN10.jpg,TN10.xml,dataset\NumberPlate_Annotated_Dataset-main\Labels\TN10.xml,TN69AJ4455,TN,272,304,3,79,184,242,264,TN69AJ4455,OK
GJ16,GJ16.jpg,dataset\NumberPlate_Annotated_Dataset-main\Images\GJ16.jpg,GJ16.xml,dataset\NumberPlate_Annotated_Dataset-main\Labels\GJ16.xml,GJ01KC9959,GJ,272,204,3,105,177,149,165,GJ01KC9959,OK
PB29,PB29.jpg,dataset\NumberPlate_Annotated_Dataset-main\Images\PB29.jpg,PB29.xml,dataset\NumberPlate_Annotated_Dataset-main\Labels\PB29.xml,PB10EE0888,PB,272,363,3,109,181,187,203,PB10EE0888,OK
BR3,BR3.jpg,dataset\NumberPlate_Annotated_Dataset-main\Images\BR3.jpg,BR3.xml,dataset\NumberPlate_Annotated_Dataset-main\Labels\BR3.xml,BR01AZ6290,BR,272,363,3,112,178,213,228,BR01AZ6290,OK
ML20,ML20.jpg,dataset\NumberPlate_Annotated_Dataset-main\Images\ML20.jpg,ML20.xml,dataset\NumberPlate_Annotated_Dataset-main\Labels\ML20.xml,ML137827,ML,272,363,3,128,206,252,272,ML137827,OK
TR1,TR1.jpg,dataset\NumberPlate_Annotated_Dataset-main\Images\TR1.jpg,TR1.xml,dataset\NumberPlate_Annotated_Dataset-main\Labels\TR1.xml,TR05B0308,TR,271,242,3,83,163,94,110,TR05B0308,OK
HP22,HP22.jpg,dataset\NumberPlate_Annotated_Dataset-main\Images\HP22.jpg,HP22.xml,dataset\NumberPlate_Annotated_Dataset-main\Labels\HP22.xml,HP64B3380,HP,272,363,3,85,157,198,215,HP64B3380,OK
WB20,WB20.jpg,dataset\NumberPlate_Annotated_Dataset-main\Images\WB20.jpg,WB20.xml,dataset\NumberPlate_Annotated_Dataset-main\Labels\WB20.xml,WB171717,WB,272,364,3,105,176,202,235,WB171717,OK
UP10,UP10.jpg,dataset\NumberPlate_Annotated_Dataset-main\Images\UP10.jpg,UP10.xml,dataset\NumberPlate_Annotated_Dataset-main\Labels\UP10.xml,UP78DB3730,UP,272,363,3,99,184,277,289,UP78DB3730,OK
GA6,GA6.jpg,dataset\NumberPlate_Annotated_Dataset-main\Images\GA6.jpg,GA6.xml,dataset\NumberPlate_Annotated_Dataset-main\Labels\GA6.xml,GA02J2129,GA,272,604,3,95,185,343,362,GA02J2129,OK
AP45,AP45.jpg,dataset\NumberPlate_Annotated_Dataset-main\Images\AP45.jpg,AP45.xml,dataset\NumberPlate_Annotated_Dataset-main\Labels\AP45.xml,AP31BL2833,AP,272,483,3,98,182,231,263,AP31BL2833,OK
AN1,AN1.jpg,dataset\NumberPlate_Annotated_Dataset-main\Images\AN1.jpg,AN1.xml,dataset\NumberPlate_Annotated_Dataset-main\Labels\AN1.xml,AN01P9687,AN,272,575,3,94,185,364,385,AN01P9687,OK
AS25,AS25.jpg,dataset\NumberPlate_Annotated_Dataset-main\Images\AS25.jpg,AS25.xml,dataset\NumberPlate_Annotated_Dataset-main\Labels\AS25.xml,AS01BS4362,AS,272,204,3,96,166,144,162,AS01BS4362,OK
HP7,HP7.jpg,dataset\NumberPlate_Annotated_Dataset-main\Images\HP7.jpg,HP7.xml,dataset\NumberPlate_Annotated_Dataset-main\Labels\HP7.xml,HP12C3766,HP,272,363,3,70,158,283,310,HP12C3766,OK
DL24,DL24.jpg,dataset\NumberPlate_Annotated_Dataset-main\Images\DL24.jpg,DL24.xml,dataset\NumberPlate_Annotated_Dataset-main\Labels\DL24.xml,DL3CCK8019,DL,272,363,3,94,178,237,253,DL3CCK8019,OK
ML38,ML38.jpg,dataset\NumberPlate_Annotated_Dataset-main\Images\ML38.jpg,ML38.xml,dataset\NumberPlate_Annotated_Dataset-main\Labels\ML38.xml,ML064696,ML,272,484,3,97,202,269,298,ML064696,OK
CG19,CG19.jpg,dataset\NumberPlate_Annotated_Dataset-main\Images\CG19.jpg,CG19.xml,dataset\NumberPlate_Annotated_Dataset-main\Labels\CG19.xml,CG07MA7848,CG,272,363,3,106,170,205,220,CG07MA7848,OK
SK8,SK8.jpg,dataset\NumberPlate_Annotated_Dataset-main\Images\SK8.jpg,SK8.xml,dataset\NumberPlate_Annotated_Dataset-main\Labels\SK8.xml,SK01PA5349,SK,272,363,3,34,96,187,222,SK01PA5349,OK
DL19,DL19.jpg,dataset\NumberPlate_Annotated_Dataset-main\Images\DL19.jpg,DL19.xml,dataset\NumberPlate_Annotated_Dataset-main\Labels\DL19.xml,DL1CT2782,DL,272,204,3,102,181,162,177,DL1CT2782,OK
ML31,ML31.jpg,dataset\NumberPlate_Annotated_Dataset-main\Images\ML31.jpg,ML31.xml,dataset\NumberPlate_Annotated_Dataset-main\Labels\ML31.xml,ML05J8950,ML,272,181,3,58,179,132,151,ML05J8950,OK
ML35,ML35.jpg,dataset\NumberPlate_Annotated_Dataset-main\Images\ML35.jpg,ML35.xml,dataset\NumberPlate_Annotated_Dataset-main\Labels\ML35.xml,ML05G3474,ML,272,363,3,123,191,225,242,ML05G3474,OK
MZ1,MZ1.jpg,dataset\NumberPlate_Annotated_Dataset-main\Images\MZ1.jpg,MZ1.xml,dataset\NumberPlate_Annotated_Dataset-main\Labels\MZ1.xml,MZ01G9825,MZ,272,125,3,119,181,98,112,MZ01G9825,OK
KA20,KA20.jpg,dataset\NumberPlate_Annotated_Dataset-main\Images\KA20.jpg,KA20.xml,dataset\NumberPlate_Annotated_Dataset-main\Labels\KA20.xml,KA19MF1763,KA,272,363,3,77,169,281,302,KA19MF1763,OK
DL28,DL28.jpg,dataset\NumberPlate_Annotated_Dataset-main\Images\DL28.jpg,DL28.xml,dataset\NumberPlate_Annotated_Dataset-main\Labels\DL28.xml,DL40NA7238,DL,272,364,3,103,170,259,277,DL40NA7238,OK
AS26,AS26.jpg,dataset\NumberPlate_Annotated_Dataset-main\Images\AS26.jpg,AS26.xml,dataset\NumberPlate_Annotated_Dataset-main\Labels\AS26.xml,AS06Z0841,AS,272,204,3,106,168,135,149,AS06Z0841,OK
HR5,HR5.jpg,dataset\NumberPlate_Annotated_Dataset-main\Images\HR5.jpg,HR5.xml,dataset\NumberPlate_Annotated_Dataset-main\Labels\HR5.xml,HR26CC7676,HR,272,204,3,93,165,140,156,HR26CC7676,OK
GJ22,GJ22.jpg,dataset\NumberPlate_Annotated_Dataset-main\Images\GJ22.jpg,GJ22.xml,dataset\NumberPlate_Annotated_Dataset-main\Labels\GJ22.xml,GJ18BD5216,GJ,272,204,3,113,177,116,130,GJ18BD5216,OK
UP16,UP16.jpg,dataset\NumberPlate_Annotated_Dataset-main\Images\UP16.jpg,UP16.xml,dataset\NumberPlate_Annotated_Dataset-main\Labels\UP16.xml,UP32KW7325,UP,272,546,3,75,152,295,320,UP32KW7325,OK
DL16,DL16.jpg,dataset\NumberPlate_Annotated_Dataset-main\Images\DL16.jpg,DL16.xml,dataset\NumberPlate_Annotated_Dataset-main\Labels\DL16.xml,DL9CAV1739,DL,272,484,3,91,167,227,244,DL9CAV1739,OK
WB8,WB8.jpg,dataset\NumberPlate_Annotated_Dataset-main\Images\WB8.jpg,WB8.xml,dataset\NumberPlate_Annotated_Dataset-main\Labels\WB8.xml,WB06J4432,WB,272,272,3,98,184,210,229,WB06J4432,OK
JH2,JH2.jpg,dataset\NumberPlate_Annotated_Dataset-main\Images\JH2.jpg,JH2.xml,dataset\NumberPlate_Annotated_Dataset-main\Labels\JH2.xml,JH01AM0100,JH,272,427,3,97,180,268,284,JH01AM0100,OK
JK29,JK29.jpg,dataset\NumberPlate_Annotated_Dataset-main\Images\JK29.jpg,JK29.xml,dataset\NumberPlate_Annotated_Dataset-main\Labels\JK29.xml,JK01AF0310,JK,272,604,3,70,172,333,358,JK01AF0310,OK
HP12,HP12.jpg,dataset\NumberPlate_Annotated_Dataset-main\Images\HP12.jpg,HP12.xml,dataset\NumberPlate_Annotated_Dataset-main\Labels\HP12.xml,HP36E3330,HP,272,363,3,77,145,250,291,HP36E3330,OK
GJ24,GJ24.jpg,dataset\NumberPlate_Annotated_Dataset-main\Images\GJ24.jpg,GJ24.xml,dataset\NumberPlate_Annotated_Dataset-main\Labels\GJ24.xml,GJ23CC8798,GJ,272,581,3,102,172,348,365,GJ23CC8798,OK
PY12,PY12.jpg,dataset\NumberPlate_Annotated_Dataset-main\Images\PY12.jpg,PY12.xml,dataset\NumberPlate_Annotated_Dataset-main\Labels\PY12.xml,PY01AH9067,PY,272,204,3,119,180,163,183,PY01AH9067,OK
OD22,OD22.jpg,dataset\NumberPlate_Annotated_Dataset-main\Images\OD22.jpg,OD22.xml,dataset\NumberPlate_Annotated_Dataset-main\Labels\OD22.xml,OR05AC0422,OR,271,179,3,103,222,51,120,OR05AC0422,OK
SK13,SK13.jpg,dataset\NumberPlate_Annotated_Dataset-main\Images\SK13.jpg,SK13.xml,dataset\NumberPlate_Annotated_Dataset-main\Labels\SK13.xml,SK05T0338,SK,272,153,3,107,172,124,140,SK05T0338,OK
OD5,OD5.jpg,dataset\NumberPlate_Annotated_Dataset-main\Images\OD5.jpg,OD5.xml,dataset\NumberPlate_Annotated_Dataset-main\Labels\OD5.xml,OD14E3131,OD,272,236,3,105,181,195,211,OD14E3131,OK
PB12,PB12.jpg,dataset\NumberPlate_Annotated_Dataset-main\Images\PB12.jpg,PB12.xml,dataset\NumberPlate_Annotated_Dataset-main\Labels\PB12.xml,PB07BY3563,PB,272,240,3,89,179,135,155,PB07BY3563,OK
BR7,BR7.jpg,dataset\NumberPlate_Annotated_Dataset-main\Images\BR7.jpg,BR7.xml,dataset\NumberPlate_Annotated_Dataset-main\Labels\BR7.xml,BR44E1206,BR,272,363,3,99,181,301,316,BR44E1206,OK
TS12,TS12.jpg,dataset\NumberPlate_Annotated_Dataset-main\Images\TS12.jpg,TS12.xml,dataset\NumberPlate_Annotated_Dataset-main\Labels\TS12.xml,TS09UA7948,TS,272,590,3,87,186,343,363,TS09UA7948,OK
JK7,JK7.jpg,dataset\NumberPlate_Annotated_Dataset-main\Images\JK7.jpg,JK7.xml,dataset\NumberPlate_Annotated_Dataset-main\Labels\JK7.xml,JK11B4928,JK,272,363,3,142,218,233,253,JK11B4928,OK
KL9,KL9.jpg,dataset\NumberPlate_Annotated_Dataset-main\Images\KL9.jpg,KL9.xml,dataset\NumberPlate_Annotated_Dataset-main\Labels\KL9.xml,KL16U8863,KL,272,272,3,104,181,188,201,KL16U8863,OK
HR7,HR7.jpg,dataset\NumberPlate_Annotated_Dataset-main\Images\HR7.jpg,HR7.xml,dataset\NumberPlate_Annotated_Dataset-main\Labels\HR7.xml,HR01W0080,HR,272,153,3,112,171,120,135,HR01W0080,OK
ML32,ML32.jpg,dataset\NumberPlate_Annotated_Dataset-main\Images\ML32.jpg,ML32.xml,dataset\NumberPlate_Annotated_Dataset-main\Labels\ML32.xml,ML10C2674,ML,272,590,3,94,174,346,364,ML10C2674,OK
WB13,WB13.jpg,dataset\NumberPlate_Annotated_Dataset-main\Images\WB13.jpg,WB13.xml,dataset\NumberPlate_Annotated_Dataset-main\Labels\WB13.xml,WB26K2760,WB,272,154,3,170,221,117,127,WB26K2760,OK
SK10,SK10.jpg,dataset\NumberPlate_Annotated_Dataset-main\Images\SK10.jpg,SK10.xml,dataset\NumberPlate_Annotated_Dataset-main\Labels\SK10.xml,SK01PB5004,SK,272,363,3,69,127,191,205,SK01PB5004,OK
PB7,PB7.jpg,dataset\NumberPlate_Annotated_Dataset-main\Images\PB7.jpg,PB7.xml,dataset\NumberPlate_Annotated_Dataset-main\Labels\PB7.xml,PB10DV5354,PB,272,242,3,109,167,153,166,PB10DV5354,OK
UP15,UP15.jpg,dataset\NumberPlate_Annotated_Dataset-main\Images\UP15.jpg,UP15.xml,dataset\NumberPlate_Annotated_Dataset-main\Labels\UP15.xml,UP79L0567,UP,272,604,3,74,176,333,360,UP79L0567,OK
TR9,TR9.jpg,dataset\NumberPlate_Annotated_Dataset-main\Images\TR9.jpg,TR9.xml,dataset\NumberPlate_Annotated_Dataset-main\Labels\TR9.xml,TR01AS0609,TR,272,590,3,88,171,313,337,TR01AS0609,OK
ML27,ML27.jpg,dataset\NumberPlate_Annotated_Dataset-main\Images\ML27.jpg,ML27.xml,dataset\NumberPlate_Annotated_Dataset-main\Labels\ML27.xml,ML05K9494,ML,272,363,3,115,179,210,226,ML05K9494,OK
KA2,KA2.jpg,dataset\NumberPlate_Annotated_Dataset-main\Images\KA2.jpg,KA2.xml,dataset\NumberPlate_Annotated_Dataset-main\Labels\KA2.xml,KA05MF1762,KA,272,204,3,108,170,133,148,KA05MF1762,OK
MH26,MH26.jpg,dataset\NumberPlate_Annotated_Dataset-main\Images\MH26.jpg,MH26.xml,dataset\NumberPlate_Annotated_Dataset-main\Labels\MH26.xml,MH12HF5057,MH,272,274,3,100,171,212,228,MH12HF5057,OK
GA9,GA9.jpg,dataset\NumberPlate_Annotated_Dataset-main\Images\GA9.jpg,GA9.xml,dataset\NumberPlate_Annotated_Dataset-main\Labels\GA9.xml,GA06E3855,GA,272,363,3,93,167,251,269,GA06E3855,OK
AP6,AP6.jpg,dataset\NumberPlate_Annotated_Dataset-main\Images\AP6.jpg,AP6.xml,dataset\NumberPlate_Annotated_Dataset-main\Labels\AP6.xml,AP31TV7236,AP,272,262,3,98,176,221,239,AP31TV7236,OK
AR12,AR12.jpg,dataset\NumberPlate_Annotated_Dataset-main\Images\AR12.jpg,AR12.xml,dataset\NumberPlate_Annotated_Dataset-main\Labels\AR12.xml,AR118724,AR,272,204,3,110,176,136,151,AR118724,OK
WB15,WB15.jpg,dataset\NumberPlate_Annotated_Dataset-main\Images\WB15.jpg,WB15.xml,dataset\NumberPlate_Annotated_Dataset-main\Labels\WB15.xml,WB12AX2987,WB,272,363,3,94,182,246,273,WB12AX2987,OK
GA10,GA10.jpg,dataset\NumberPlate_Annotated_Dataset-main\Images\GA10.jpg,GA10.xml,dataset\NumberPlate_Annotated_Dataset-main\Labels\GA10.xml,GA01R6315,GA,272,311,3,86,157,170,203,GA01R6315,OK
GJ7,GJ7.jpg,dataset\NumberPlate_Annotated_Dataset-main\Images\GJ7.jpg,GJ7.xml,dataset\NumberPlate_Annotated_Dataset-main\Labels\GJ7.xml,GJ34B9811,GJ,272,204,3,110,187,134,151,GJ34B9811,OK
JK26,JK26.jpg,dataset\NumberPlate_Annotated_Dataset-main\Images\JK26.jpg,JK26.xml,dataset\NumberPlate_Annotated_Dataset-main\Labels\JK26.xml,JK02AG2454,JK,272,363,3,129,214,256,285,JK02AG2454,OK
TS4,TS4.jpg,dataset\NumberPlate_Annotated_Dataset-main\Images\TS4.jpg,TS4.xml,dataset\NumberPlate_Annotated_Dataset-main\Labels\TS4.xml,TS09EZ9296,TS,272,363,3,109,172,208,224,TS09EZ9296,OK
UP17,UP17.jpg,dataset\NumberPlate_Annotated_Dataset-main\Images\UP17.jpg,UP17.xml,dataset\NumberPlate_Annotated_Dataset-main\Labels\UP17.xml,UP32CX3400,UP,272,363,3,91,179,231,252,UP32CX3400,OK
HR21,HR21.jpg,dataset\NumberPlate_Annotated_Dataset-main\Images\HR21.jpg,HR21.xml,dataset\NumberPlate_Annotated_Dataset-main\Labels\HR21.xml,HR4281329,HR,272,153,3,95,165,109,123,HR4281329,OK
TS9,TS9.jpg,dataset\NumberPlate_Annotated_Dataset-main\Images\TS9.jpg,TS9.xml,dataset\NumberPlate_Annotated_Dataset-main\Labels\TS9.xml,TS21J8351,TS,272,153,3,94,144,67,79,TS21J8351,OK
MH11,MH11.jpg,dataset\NumberPlate_Annotated_Dataset-main\Images\MH11.jpg,MH11.xml,dataset\NumberPlate_Annotated_Dataset-main\Labels\MH11.xml,MH36H5700,MH,272,363,3,110,159,192,202,MH36H5700,OK
GJ4,GJ4.jpg,dataset\NumberPlate_Annotated_Dataset-main\Images\GJ4.jpg,GJ4.xml,dataset\NumberPlate_Annotated_Dataset-main\Labels\GJ4.xml,GJ06JE4788,GJ,272,363,3,103,178,251,271,GJ06JE4788,OK
PY17,PY17.jpg,dataset\NumberPlate_Annotated_Dataset-main\Images\PY17.jpg,PY17.xml,dataset\NumberPlate_Annotated_Dataset-main\Labels\PY17.xml,PY02S9326,PY,272,204,3,85,170,135,156,PY02S9326,OK
MP6,MP6.jpg,dataset\NumberPlate_Annotated_Dataset-main\Images\MP6.jpg,MP6.xml,dataset\NumberPlate_Annotated_Dataset-main\Labels\MP6.xml,MP07CA5563,MP,272,363,3,91,178,239,256,MP07CA5563,OK
JK20,JK20.jpg,dataset\NumberPlate_Annotated_Dataset-main\Images\JK20.jpg,JK20.xml,dataset\NumberPlate_Annotated_Dataset-main\Labels\JK20.xml,JK02BJ4045,JK,272,363,3,3,70,217,251,JK02BJ4045,OK
PB1,PB1.jpg,dataset\NumberPlate_Annotated_Dataset-main\Images\PB1.jpg,PB1.xml,dataset\NumberPlate_Annotated_Dataset-main\Labels\PB1.xml,PB11BG7347,PB,272,544,3,94,187,214,239,PB11BG7347,OK
TN9,TN9.jpg,dataset\NumberPlate_Annotated_Dataset-main\Images\TN9.jpg,TN9.xml,dataset\NumberPlate_Annotated_Dataset-main\Labels\TN9.xml,TN19Q0835,TN,272,586,3,88,169,279,297,TN19Q0835,OK
UP1,UP1.jpg,dataset\NumberPlate_Annotated_Dataset-main\Images\UP1.jpg,UP1.xml,dataset\NumberPlate_Annotated_Dataset-main\Labels\UP1.xml,UP57H8173,UP,272,363,3,100,197,170,197,UP57H8173,OK
GA7,GA7.jpg,dataset\NumberPlate_Annotated_Dataset-main\Images\GA7.jpg,GA7.xml,dataset\NumberPlate_Annotated_Dataset-main\Labels\GA7.xml,GA07K7150,GA,272,226,3,46,104,109,127,GA07K7150,OK
GJ17,GJ17.jpg,dataset\NumberPlate_Annotated_Dataset-main\Images\GJ17.jpg,GJ17.xml,dataset\NumberPlate_Annotated_Dataset-main\Labels\GJ17.xml,GJ06DQ3712,GJ,272,204,3,101,182,146,164,GJ06DQ3712,OK
GJ14,GJ14.jpg,dataset\NumberPlate_Annotated_Dataset-main\Images\GJ14.jpg,GJ14.xml,dataset\NumberPlate_Annotated_Dataset-main\Labels\GJ14.xml,GJ06DG9355,GJ,272,204,3,100,171,151,165,GJ06DG9355,OK
JK2,JK2.jpg,dataset\NumberPlate_Annotated_Dataset-main\Images\JK2.jpg,JK2.xml,dataset\NumberPlate_Annotated_Dataset-main\Labels\JK2.xml,JK02BJ7997,JK,270,219,3,82,191,143,173,JK02BJ7997,OK
AS1,AS1.jpg,dataset\NumberPlate_Annotated_Dataset-main\Images\AS1.jpg,AS1.xml,dataset\NumberPlate_Annotated_Dataset-main\Labels\AS1.xml,AS23H2866,AS,272,363,3,143,216,251,271,AS23H2866,OK
WB9,WB9.jpg,dataset\NumberPlate_Annotated_Dataset-main\Images\WB9.jpg,WB9.xml,dataset\NumberPlate_Annotated_Dataset-main\Labels\WB9.xml,WB02AA5580,WB,272,366,3,92,152,204,221,WB02AA5580,OK
CG6,CG6.jpg,dataset\NumberPlate_Annotated_Dataset-main\Images\CG6.jpg,CG6.xml,dataset\NumberPlate_Annotated_Dataset-main\Labels\CG6.xml,CG22AB1111,CG,272,153,3,116,161,118,129,CG22AB1111,OK
MH19,MH19.jpg,dataset\NumberPlate_Annotated_Dataset-main\Images\MH19.jpg,MH19.xml,dataset\NumberPlate_Annotated_Dataset-main\Labels\MH19.xml,MH12KN8366,MH,272,591,3,96,183,323,347,MH12KN8366,OK
AS9,AS9.jpg,dataset\NumberPlate_Annotated_Dataset-main\Images\AS9.jpg,AS9.xml,dataset\NumberPlate_Annotated_Dataset-main\Labels\AS9.xml,AS04X2780,AS,272,204,3,100,172,135,151,AS04X2780,OK
GJ12,GJ12.jpg,dataset\NumberPlate_Annotated_Dataset-main\Images\GJ12.jpg,GJ12.xml,dataset\NumberPlate_Annotated_Dataset-main\Labels\GJ12.xml,GJ06PA0097,GJ,272,204,3,101,173,136,154,GJ06PA0097,OK
AP13,AP13.jpg,dataset\NumberPlate_Annotated_Dataset-main\Images\AP13.jpg,AP13.xml,dataset\NumberPlate_Annotated_Dataset-main\Labels\AP13.xml,AP39JJ5441,AP,272,363,3,96,169,191,210,AP39JJ5441,OK
GA8,GA8.jpg,dataset\NumberPlate_Annotated_Dataset-main\Images\GA8.jpg,GA8.xml,dataset\NumberPlate_Annotated_Dataset-main\Labels\GA8.xml,GA05B5077,GA,272,119,3,141,208,57,92,GA05B5077,OK
JH1,JH1.jpg,dataset\NumberPlate_Annotated_Dataset-main\Images\JH1.jpg,JH1.xml,dataset\NumberPlate_Annotated_Dataset-main\Labels\JH1.xml,JH01Z3792,JH,272,363,3,77,225,328,356,JH01Z3792,OK
GA13,GA13.jpg,dataset\NumberPlate_Annotated_Dataset-main\Images\GA13.jpg,GA13.xml,dataset\NumberPlate_Annotated_Dataset-main\Labels\GA13.xml,GA07K6090,GA,272,242,3,163,217,153,171,GA07K6090,OK
JH3,JH3.jpg,dataset\NumberPlate_Annotated_Dataset-main\Images\JH3.jpg,JH3.xml,dataset\NumberPlate_Annotated_Dataset-main\Labels\JH3.xml,JH01DB1881,JH,272,204,3,108,167,131,145,JH01DB1881,OK
ML19,ML19.jpg,dataset\NumberPlate_Annotated_Dataset-main\Images\ML19.jpg,ML19.xml,dataset\NumberPlate_Annotated_Dataset-main\Labels\ML19.xml,ML04C0056,ML,272,483,3,104,188,298,319,ML04C0056,OK
AP33,AP33.jpg,dataset\NumberPlate_Annotated_Dataset-main\Images\AP33.jpg,AP33.xml,dataset\NumberPlate_Annotated_Dataset-main\Labels\AP33.xml,AP31DA0020,AP,272,484,3,98,182,231,251,AP31DA0020,OK
MH23,MH23.jpg,dataset\NumberPlate_Annotated_Dataset-main\Images\MH23.jpg,MH23.xml,dataset\NumberPlate_Annotated_Dataset-main\Labels\MH23.xml,MH49AS5099,MH,272,204,3,108,164,145,157,MH49AS5099,OK
KA16,KA16.jpg,dataset\NumberPlate_Annotated_Dataset-main\Images\KA16.jpg,KA16.xml,dataset\NumberPlate_Annotated_Dataset-main\Labels\KA16.xml,KA03NC7167,KA,272,255,3,93,182,183,200,KA03NC7167,OK
HR10,HR10.jpg,dataset\NumberPlate_Annotated_Dataset-main\Images\HR10.jpg,HR10.xml,dataset\NumberPlate_Annotated_Dataset-main\Labels\HR10.xml,HR26BY4812,HR,272,244,3,93,184,123,144,HR26BY4812,OK
ML17,ML17.jpg,dataset\NumberPlate_Annotated_Dataset-main\Images\ML17.jpg,ML17.xml,dataset\NumberPlate_Annotated_Dataset-main\Labels\ML17.xml,ML05L5154,ML,272,293,3,104,176,241,258,ML05L5154,OK
TR5,TR5.jpg,dataset\NumberPlate_Annotated_Dataset-main\Images\TR5.jpg,TR5.xml,dataset\NumberPlate_Annotated_Dataset-main\Labels\TR5.xml,TR01X0482,TR,272,484,3,83,185,393,417,TR01X0482,OK
HR8,HR8.jpg,dataset\NumberPlate_Annotated_Dataset-main\Images\HR8.jpg,HR8.xml,dataset\NumberPlate_Annotated_Dataset-main\Labels\HR8.xml,HR20X8432,HR,272,484,3,95,186,288,309,HR20X8432,OK
DN5,DN5.jpg,dataset\NumberPlate_Annotated_Dataset-main\Images\DN5.jpg,DN5.xml,dataset\NumberPlate_Annotated_Dataset-main\Labels\DN5.xml,DN09D2724,DN,272,592,3,77,178,302,323,DN09D2724,OK
PB11,PB11.jpg,dataset\NumberPlate_Annotated_Dataset-main\Images\PB11.jpg,PB11.xml,dataset\NumberPlate_Annotated_Dataset-main\Labels\PB11.xml,PB08C03690,PB,272,204,3,68,186,146,171,PB08C03690,OK
CG12,CG12.jpg,dataset\NumberPlate_Annotated_Dataset-main\Images\CG12.jpg,CG12.xml,dataset\NumberPlate_Annotated_Dataset-main\Labels\CG12.xml,CG12AG1130,CG,272,363,3,84,180,260,281,CG12AG1130,OK
ML5,ML5.jpg,dataset\NumberPlate_Annotated_Dataset-main\Images\ML5.jpg,ML5.xml,dataset\NumberPlate_Annotated_Dataset-main\Labels\ML5.xml,ML05D0571,ML,272,363,3,103,158,221,234,ML05D0571,OK
HR2,HR2.jpg,dataset\NumberPlate_Annotated_Dataset-main\Images\HR2.jpg,HR2.xml,dataset\NumberPlate_Annotated_Dataset-main\Labels\HR2.xml,HR71F9259,HR,272,204,3,109,184,137,153,HR71F9259,OK
OD14,OD14.jpg,dataset\NumberPlate_Annotated_Dataset-main\Images\OD14.jpg,OD14.xml,dataset\NumberPlate_Annotated_Dataset-main\Labels\OD14.xml,OD02L4656,OD,271,453,3,89,168,187,205,OD02L4656,OK
HR9,HR9.jpg,dataset\NumberPlate_Annotated_Dataset-main\Images\HR9.jpg,HR9.xml,dataset\NumberPlate_Annotated_Dataset-main\Labels\HR9.xml,HR29AS0015,HR,272,315,3,104,168,210,224,HR29AS0015,OK
MH5,,,MH5.xml,dataset\NumberPlate_Annotated_Dataset-main\Labels\MH5.xml,MH04M1275,MH,272,204,3,101,160,145,159,MH04M1275,MISSING_IMAGE
JK5,JK5.jpg,dataset\NumberPlate_Annotated_Dataset-main\Images\JK5.jpg,JK5.xml,dataset\NumberPlate_Annotated_Dataset-main\Labels\JK5.xml,JK05H3594,JK,272,598,3,83,167,330,352,JK05H3594,OK
AP40,AP40.jpg,dataset\NumberPlate_Annotated_Dataset-main\Images\AP40.jpg,AP40.xml,dataset\NumberPlate_Annotated_Dataset-main\Labels\AP40.xml,AP04BA4464,AP,272,363,3,76,169,233,253,AP04BA4464,OK
AR8,AR8.jpg,dataset\NumberPlate_Annotated_Dataset-main\Images\AR8.jpg,AR8.xml,dataset\NumberPlate_Annotated_Dataset-main\Labels\AR8.xml,AR08983,AR,272,592,3,32,73,299,316,AR08983,OK
HP18,HP18.jpg,dataset\NumberPlate_Annotated_Dataset-main\Images\HP18.jpg,HP18.xml,dataset\NumberPlate_Annotated_Dataset-main\Labels\HP18.xml,HP24C8D32,HP,272,363,3,140,183,283,293,HP24C8D32,OK
AP1,AP1.jpg,dataset\NumberPlate_Annotated_Dataset-main\Images\AP1.jpg,AP1.xml,dataset\NumberPlate_Annotated_Dataset-main\Labels\AP1.xml,AP05BY7799,AP,272,204,3,101,179,145,162,AP05BY7799,OK
HR14,HR14.jpg,dataset\NumberPlate_Annotated_Dataset-main\Images\HR14.jpg,HR14.xml,dataset\NumberPlate_Annotated_Dataset-main\Labels\HR14.xml,HR51BU8218,HR,272,482,3,84,185,266,289,HR51BU8218,OK
PY4,PY4.jpg,dataset\NumberPlate_Annotated_Dataset-main\Images\PY4.jpg,PY4.xml,dataset\NumberPlate_Annotated_Dataset-main\Labels\PY4.xml,PY02S7828,PY,272,128,3,90,179,89,109,PY02S7828,OK
UP21,UP21.jpg,dataset\NumberPlate_Annotated_Dataset-main\Images\UP21.jpg,UP21.xml,dataset\NumberPlate_Annotated_Dataset-main\Labels\UP21.xml,UP52AH9705,UP,272,604,3,101,192,286,317,UP52AH9705,OK
DN1,DN1.jpg,dataset\NumberPlate_Annotated_Dataset-main\Images\DN1.jpg,DN1.xml,dataset\NumberPlate_Annotated_Dataset-main\Labels\DN1.xml,DN09H2191,DN,272,363,3,95,174,208,225,DN09H2191,OK
SK12,SK12.jpg,dataset\NumberPlate_Annotated_Dataset-main\Images\SK12.jpg,SK12.xml,dataset\NumberPlate_Annotated_Dataset-main\Labels\SK12.xml,SK01T3835,SK,272,363,3,63,144,290,325,SK01T3835,OK
ML16,ML16.jpg,dataset\NumberPlate_Annotated_Dataset-main\Images\ML16.jpg,ML16.xml,dataset\NumberPlate_Annotated_Dataset-main\Labels\ML16.xml,ML133317,ML,272,136,3,25,76,87,115,ML133317,OK
TS15,TS15.jpg,dataset\NumberPlate_Annotated_Dataset-main\Images\TS15.jpg,TS15.xml,dataset\NumberPlate_Annotated_Dataset-main\Labels\TS15.xml,TS13EK6213,TS,272,178,3,89,165,156,170,TS13EK6213,OK
JK28,JK28.jpg,dataset\NumberPlate_Annotated_Dataset-main\Images\JK28.jpg,JK28.xml,dataset\NumberPlate_Annotated_Dataset-main\Labels\JK28.xml,JK10A5217,JK,266,332,3,143,219,254,291,JK10A5217,OK
DL14,DL14.jpg,dataset\NumberPlate_Annotated_Dataset-main\Images\DL14.jpg,DL14.xml,dataset\NumberPlate_Annotated_Dataset-main\Labels\DL14.xml,DL9CAU4743,DL,272,363,3,89,165,217,235,DL9CAU4743,OK
PB9,PB9.jpg,dataset\NumberPlate_Annotated_Dataset-main\Images\PB9.jpg,PB9.xml,dataset\NumberPlate_Annotated_Dataset-main\Labels\PB9.xml,PB35F9333,PB,272,363,3,103,172,231,244,PB35F9333,OK
DN7,DN7.jpg,dataset\NumberPlate_Annotated_Dataset-main\Images\DN7.jpg,DN7.xml,dataset\NumberPlate_Annotated_Dataset-main\Labels\DN7.xml,DN0909704,DN,272,585,3,106,179,362,381,DN0909704,OK
CG14,CG14.jpg,dataset\NumberPlate_Annotated_Dataset-main\Images\CG14.jpg,CG14.xml,dataset\NumberPlate_Annotated_Dataset-main\Labels\CG14.xml,CG09JA2359,CG,272,204,3,91,138,136,145,CG09JA2359,OK
KL3,KL3.jpg,dataset\NumberPlate_Annotated_Dataset-main\Images\KL3.jpg,KL3.xml,dataset\NumberPlate_Annotated_Dataset-main\Labels\KL3.xml,KL02AF6723,KL,272,370,3,39,87,216,243,KL02AF6723,OK
KL6,KL6.jpg,dataset\NumberPlate_Annotated_Dataset-main\Images\KL6.jpg,KL6.xml,dataset\NumberPlate_Annotated_Dataset-main\Labels\KL6.xml,KL46R3613,KL,272,363,3,91,169,229,244,KL46R3613,OK
RJ9,RJ9.jpg,dataset\NumberPlate_Annotated_Dataset-main\Images\RJ9.jpg,RJ9.xml,dataset\NumberPlate_Annotated_Dataset-main\Labels\RJ9.xml,RJ20UB0137,RJ,272,363,3,101,171,261,275,RJ20UB0137,OK
HR22,HR22.jpg,dataset\NumberPlate_Annotated_Dataset-main\Images\HR22.jpg,HR22.xml,dataset\NumberPlate_Annotated_Dataset-main\Labels\HR22.xml,HR09G8378,HR,265,329,3,74,136,215,233,HR09G8378,OK
HP10,HP10.jpg,dataset\NumberPlate_Annotated_Dataset-main\Images\HP10.jpg,HP10.xml,dataset\NumberPlate_Annotated_Dataset-main\Labels\HP10.xml,HP52B5958,HP,272,590,3,102,165,352,368,HP52B5958,OK
AS20,AS20.jpg,dataset\NumberPlate_Annotated_Dataset-main\Images\AS20.jpg,AS20.xml,dataset\NumberPlate_Annotated_Dataset-main\Labels\AS20.xml,AS01AT8119,AS,272,189,3,51,114,124,152,AS01AT8119,OK
DL33,DL33.jpg,dataset\NumberPlate_Annotated_Dataset-main\Images\DL33.jpg,DL33.xml,dataset\NumberPlate_Annotated_Dataset-main\Labels\DL33.xml,DL4CNA7231,DL,272,364,3,94,168,272,291,DL4CNA7231,OK
JK23,JK23.jpg,dataset\NumberPlate_Annotated_Dataset-main\Images\JK23.jpg,JK23.xml,dataset\NumberPlate_Annotated_Dataset-main\Labels\JK23.xml,JK02CC0447,JK,270,322,3,76,159,194,218,JK02CC0447,OK
DL26,DL26.jpg,dataset\NumberPlate_Annotated_Dataset-main\Images\DL26.jpg,DL26.xml,dataset\NumberPlate_Annotated_Dataset-main\Labels\DL26.xml,DL11CA4900,DL,272,363,3,90,193,285,308,DL11CA4900,OK
JK35,JK35.jpg,dataset\NumberPlate_Annotated_Dataset-main\Images\JK35.jpg,JK35.xml,dataset\NumberPlate_Annotated_Dataset-main\Labels\JK35.xml,JK10A4638,JK,270,448,3,96,173,259,276,JK10A4638,OK
DL35,DL35.jpg,dataset\NumberPlate_Annotated_Dataset-main\Images\DL35.jpg,DL35.xml,dataset\NumberPlate_Annotated_Dataset-main\Labels\DL35.xml,DL3CBS5881,DL,272,483,3,78,155,306,324,DL3CBS5881,OK
WB2,WB2.jpg,dataset\NumberPlate_Annotated_Dataset-main\Images\WB2.jpg,WB2.xml,dataset\NumberPlate_Annotated_Dataset-main\Labels\WB2.xml,WB02M8447,WB,272,606,3,83,187,420,445,WB02M8447,OK
KL5,KL5.jpg,dataset\NumberPlate_Annotated_Dataset-main\Images\KL5.jpg,KL5.xml,dataset\NumberPlate_Annotated_Dataset-main\Labels\KL5.xml,KL34A7564,KL,272,233,3,100,162,158,171,KL34A7564,OK
TN5,TN5.jpg,dataset\NumberPlate_Annotated_Dataset-main\Images\TN5.jpg,TN5.xml,dataset\NumberPlate_Annotated_Dataset-main\Labels\TN5.xml,TN47T4464,TN,272,606,3,108,190,341,360,TN47T4464,OK
JH7,JH7.jpg,dataset\NumberPlate_Annotated_Dataset-main\Images\JH7.jpg,JH7.xml,dataset\NumberPlate_Annotated_Dataset-main\Labels\JH7.xml,JH01BX0013,JH,272,126,3,113,167,81,93,JH01BX0013,OK
ML21,ML21.jpg,dataset\NumberPlate_Annotated_Dataset-main\Images\ML21.jpg,ML21.xml,dataset\NumberPlate_Annotated_Dataset-main\Labels\ML21.xml,ML05J3288,ML,270,243,3,103,174,210,227,ML05J3288,OK
PB27,PB27.jpg,dataset\NumberPlate_Annotated_Dataset-main\Images\PB27.jpg,PB27.xml,dataset\NumberPlate_Annotated_Dataset-main\Labels\PB27.xml,PB65AN2583,PB,272,363,3,91,176,235,254,PB65AN2583,OK
CG16,CG16.jpg,dataset\NumberPlate_Annotated_Dataset-main\Images\CG16.jpg,CG16.xml,dataset\NumberPlate_Annotated_Dataset-main\Labels\CG16.xml,CG07R2684,CG,272,204,3,90,137,128,139,CG07R2684,OK
AS22,AS22.jpg,dataset\NumberPlate_Annotated_Dataset-main\Images\AS22.jpg,AS22.xml,dataset\NumberPlate_Annotated_Dataset-main\Labels\AS22.xml,AS01AN8668,AS,272,481,3,101,166,280,298,AS01AN8668,OK
ML13,ML13.jpg,dataset\NumberPlate_Annotated_Dataset-main\Images\ML13.jpg,ML13.xml,dataset\NumberPlate_Annotated_Dataset-main\Labels\ML13.xml,ML05H1958,ML,272,603,3,97,180,319,335,ML05H1958,OK
JK14,JK14.jpg,dataset\NumberPlate_Annotated_Dataset-main\Images\JK14.jpg,JK14.xml,dataset\NumberPlate_Annotated_Dataset-main\Labels\JK14.xml,JK11D8143,JK,272,484,3,75,179,372,395,JK11D8143,OK
OD18,OD18.jpg,dataset\NumberPlate_Annotated_Dataset-main\Images\OD18.jpg,OD18.xml,dataset\NumberPlate_Annotated_Dataset-main\Labels\OD18.xml,OD22J9911,OD,181,153,3,65,131,124,134,OD22J9911,OK
SK6,SK6.jpg,dataset\NumberPlate_Annotated_Dataset-main\Images\SK6.jpg,SK6.xml,dataset\NumberPlate_Annotated_Dataset-main\Labels\SK6.xml,SK04P1320,SK,272,484,3,99,177,259,278,SK04P1320,OK
CG1,CG1.jpg,dataset\NumberPlate_Annotated_Dataset-main\Images\CG1.jpg,CG1.xml,dataset\NumberPlate_Annotated_Dataset-main\Labels\CG1.xml,CG04HD6930,CG,270,332,3,102,192,262,283,CG04HD6930,OK
UP2,UP2.jpg,dataset\NumberPlate_Annotated_Dataset-main\Images\UP2.jpg,UP2.xml,dataset\NumberPlate_Annotated_Dataset-main\Labels\UP2.xml,UP85BN4203,UP,272,363,3,94,174,176,194,UP85BN4203,OK
KA7,KA7.jpg,dataset\NumberPlate_Annotated_Dataset-main\Images\KA7.jpg,KA7.xml,dataset\NumberPlate_Annotated_Dataset-main\Labels\KA7.xml,KA51P7755,KA,272,204,3,128,167,154,162,KA51P7755,OK
SK5,SK5.jpg,dataset\NumberPlate_Annotated_Dataset-main\Images\SK5.jpg,SK5.xml,dataset\NumberPlate_Annotated_Dataset-main\Labels\SK5.xml,SK01PB3596,SK,272,606,3,105,173,418,431,SK01PB3596,OK
OD24,OD24.jpg,dataset\NumberPlate_Annotated_Dataset-main\Images\OD24.jpg,OD24.xml,dataset\NumberPlate_Annotated_Dataset-main\Labels\OD24.xml,OD02J0435,OD,272,363,3,105,160,221,232,OD02J0435,OK
ML34,ML34.jpg,dataset\NumberPlate_Annotated_Dataset-main\Images\ML34.jpg,ML34.xml,dataset\NumberPlate_Annotated_Dataset-main\Labels\ML34.xml,ML05H6564,ML,271,404,3,103,181,153,170,ML05H6564,OK
HR15,HR15.jpg,dataset\NumberPlate_Annotated_Dataset-main\Images\HR15.jpg,HR15.xml,dataset\NumberPlate_Annotated_Dataset-main\Labels\HR15.xml,HR29K7840,HR,272,327,3,94,157,221,239,HR29K7840,OK
WB14,WB14.jpg,dataset\NumberPlate_Annotated_Dataset-main\Images\WB14.jpg,WB14.xml,dataset\NumberPlate_Annotated_Dataset-main\Labels\WB14.xml,WB36G6682,WB,272,590,3,93,169,368,392,WB36G6682,OK
KA4,KA4.jpg,dataset\NumberPlate_Annotated_Dataset-main\Images\KA4.jpg,KA4.xml,dataset\NumberPlate_Annotated_Dataset-main\Labels\KA4.xml,KA38M8037,KA,271,558,3,65,177,344,370,KA38M8037,OK
AS19,AS19.jpg,dataset\NumberPlate_Annotated_Dataset-main\Images\AS19.jpg,AS19.xml,dataset\NumberPlate_Annotated_Dataset-main\Labels\AS19.xml,AS06U1295,AS,272,363,3,84,168,247,269,AS06U1295,OK
KL14,KL14.jpg,dataset\NumberPlate_Annotated_Dataset-main\Images\KL14.jpg,KL14.xml,dataset\NumberPlate_Annotated_Dataset-main\Labels\KL14.xml,KL03S6394,KL,272,363,3,154,223,224,261,KL03S6394,OK
AN2,AN2.jpg,dataset\NumberPlate_Annotated_Dataset-main\Images\AN2.jpg,AN2.xml,dataset\NumberPlate_Annotated_Dataset-main\Labels\AN2.xml,AN01D4163,AN,272,363,3,121,179,224,237,AN01D4163,OK
CG21,CG21.jpg,dataset\NumberPlate_Annotated_Dataset-main\Images\CG21.jpg,CG21.xml,dataset\NumberPlate_Annotated_Dataset-main\Labels\CG21.xml,CG04FJ5834,CG,272,204,3,106,165,156,169,CG04FJ5834,OK
HR19,HR19.jpg,dataset\NumberPlate_Annotated_Dataset-main\Images\HR19.jpg,HR19.xml,dataset\NumberPlate_Annotated_Dataset-main\Labels\HR19.xml,HR29AQ4939,HR,271,185,3,100,167,147,161,HR29AQ4939,OK
UK7,UK7.jpg,dataset\NumberPlate_Annotated_Dataset-main\Images\UK7.jpg,UK7.xml,dataset\NumberPlate_Annotated_Dataset-main\Labels\UK7.xml,UK07AM5665,UK,272,363,3,87,158,180,194,UK07AM5665,OK
ML37,ML37.jpg,dataset\NumberPlate_Annotated_Dataset-main\Images\ML37.jpg,ML37.xml,dataset\NumberPlate_Annotated_Dataset-main\Labels\ML37.xml,ML08E9223,ML,272,127,3,112,155,91,103,ML08E9223,OK
UP27,UP27.jpg,dataset\NumberPlate_Annotated_Dataset-main\Images\UP27.jpg,UP27.xml,dataset\NumberPlate_Annotated_Dataset-main\Labels\UP27.xml,UP70ET7816,UP,272,363,3,97,165,252,274,UP70ET7816,OK
PB6,PB6.jpg,dataset\NumberPlate_Annotated_Dataset-main\Images\PB6.jpg,PB6.xml,dataset\NumberPlate_Annotated_Dataset-main\Labels\PB6.xml,PB13AF6756,PB,271,331,3,107,201,257,285,PB13AF6756,OK
OD27,OD27.jpg,dataset\NumberPlate_Annotated_Dataset-main\Images\OD27.jpg,OD27.xml,dataset\NumberPlate_Annotated_Dataset-main\Labels\OD27.xml,OD25F7400,OD,272,183,3,119,176,130,142,OD25F7400,OK
MH3,MH3.jpg,dataset\NumberPlate_Annotated_Dataset-main\Images\MH3.jpg,MH3.xml,dataset\NumberPlate_Annotated_Dataset-main\Labels\MH3.xml,MH48AC6244,MH,272,363,3,103,168,234,249,MH48AC6244,OK
NL8,NL8.jpg,dataset\NumberPlate_Annotated_Dataset-main\Images\NL8.jpg,NL8.xml,dataset\NumberPlate_Annotated_Dataset-main\Labels\NL8.xml,NL07T0937,NL,272,254,3,119,197,186,202,NL07T0937,OK
ML15,ML15.jpg,dataset\NumberPlate_Annotated_Dataset-main\Images\ML15.jpg,ML15.xml,dataset\NumberPlate_Annotated_Dataset-main\Labels\ML15.xml,ML111909,ML,272,363,3,88,188,282,306,ML111909,OK
KA8,KA8.jpg,dataset\NumberPlate_Annotated_Dataset-main\Images\KA8.jpg,KA8.xml,dataset\NumberPlate_Annotated_Dataset-main\Labels\KA8.xml,KA51D9662,KA,272,204,3,113,192,162,180,KA51D9662,OK
KL8,KL8.jpg,dataset\NumberPlate_Annotated_Dataset-main\Images\KL8.jpg,KL8.xml,dataset\NumberPlate_Annotated_Dataset-main\Labels\KL8.xml,KL07BU7707,KL,272,363,3,124,200,207,223,KL07BU7707,OK
MH21,MH21.jpg,dataset\NumberPlate_Annotated_Dataset-main\Images\MH21.jpg,MH21.xml,dataset\NumberPlate_Annotated_Dataset-main\Labels\MH21.xml,MH04DR8508,MH,272,589,3,99,186,367,389,MH04DR8508,OK
JH5,JH5.jpg,dataset\NumberPlate_Annotated_Dataset-main\Images\JH5.jpg,JH5.xml,dataset\NumberPlate_Annotated_Dataset-main\Labels\JH5.xml,JH09AA2570,JH,272,204,3,170,227,139,166,JH09AA2570,OK
AS7,AS7.jpg,dataset\NumberPlate_Annotated_Dataset-main\Images\AS7.jpg,AS7.xml,dataset\NumberPlate_Annotated_Dataset-main\Labels\AS7.xml,AS06Q4437,AS,272,304,3,61,128,217,245,AS06Q4437,OK
PB22,PB22.jpg,dataset\NumberPlate_Annotated_Dataset-main\Images\PB22.jpg,PB22.xml,dataset\NumberPlate_Annotated_Dataset-main\Labels\PB22.xml,PB06AN6162,PB,272,204,3,103,190,147,166,PB06AN6162,OK
AP17,AP17.jpg,dataset\NumberPlate_Annotated_Dataset-main\Images\AP17.jpg,AP17.xml,dataset\NumberPlate_Annotated_Dataset-main\Labels\AP17.xml,AP31TP2282,AP,272,590,3,106,180,340,355,AP31TP2282,OK
PB18,PB18.jpg,dataset\NumberPlate_Annotated_Dataset-main\Images\PB18.jpg,PB18.xml,dataset\NumberPlate_Annotated_Dataset-main\Labels\PB18.xml,PB08BF6160,PB,272,204,3,114,187,159,173,PB08BF6160,OK
UP4,UP4.jpg,dataset\NumberPlate_Annotated_Dataset-main\Images\UP4.jpg,UP4.xml,dataset\NumberPlate_Annotated_Dataset-main\Labels\UP4.xml,UP16U3849,UP,272,581,3,169,266,347,384,UP16U3849,OK
DL7,DL7.jpg,dataset\NumberPlate_Annotated_Dataset-main\Images\DL7.jpg,DL7.xml,dataset\NumberPlate_Annotated_Dataset-main\Labels\DL7.xml,DL12CK8643,DL,272,305,3,98,170,214,230,DL12CK8643,OK
TN7,TN7.jpg,dataset\NumberPlate_Annotated_Dataset-main\Images\TN7.jpg,TN7.xml,dataset\NumberPlate_Annotated_Dataset-main\Labels\TN7.xml,TN07BT5778,TN,272,363,3,98,183,232,249,TN07BT5778,OK
DL8,DL8.jpg,dataset\NumberPlate_Annotated_Dataset-main\Images\DL8.jpg,DL8.xml,dataset\NumberPlate_Annotated_Dataset-main\Labels\DL8.xml,DL10CH1252,DL,272,204,3,118,176,147,161,DL10CH1252,OK
HP4,HP4.jpg,dataset\NumberPlate_Annotated_Dataset-main\Images\HP4.jpg,HP4.xml,dataset\NumberPlate_Annotated_Dataset-main\Labels\HP4.xml,HP48B2252,HP,272,363,3,60,132,227,246,HP48B2252,OK
ML39,ML39.jpg,dataset\NumberPlate_Annotated_Dataset-main\Images\ML39.jpg,ML39.xml,dataset\NumberPlate_Annotated_Dataset-main\Labels\ML39.xml,ML05G6098,ML,272,204,3,128,198,118,136,ML05G6098,OK
GJ26,GJ26.jpg,dataset\NumberPlate_Annotated_Dataset-main\Images\GJ26.jpg,GJ26.xml,dataset\NumberPlate_Annotated_Dataset-main\Labels\GJ26.xml,GJ09AG8384,GJ,272,333,3,84,179,263,283,GJ09AG8384,OK
HP17,HP17.jpg,dataset\NumberPlate_Annotated_Dataset-main\Images\HP17.jpg,HP17.xml,dataset\NumberPlate_Annotated_Dataset-main\Labels\HP17.xml,HP20E3953,HP,272,363,3,79,176,245,265,HP20E3953,OK
MP1,MP1.jpg,dataset\NumberPlate_Annotated_Dataset-main\Images\MP1.jpg,MP1.xml,dataset\NumberPlate_Annotated_Dataset-main\Labels\MP1.xml,MP04CL3546,MP,269,436,3,90,171,269,287,MP04CL3546,OK
AP18,AP18.jpg,dataset\NumberPlate_Annotated_Dataset-main\Images\AP18.jpg,AP18.xml,dataset\NumberPlate_Annotated_Dataset-main\Labels\AP18.xml,AP16BS4500,AP,271,170,3,105,163,114,129,AP16BS4500,OK
CG22,CG22.jpg,dataset\NumberPlate_Annotated_Dataset-main\Images\CG22.jpg,CG22.xml,dataset\NumberPlate_Annotated_Dataset-main\Labels\CG22.xml,CG13AE4060,CG,272,291,3,94,173,237,255,CG13AE4060,OK
GJ9,GJ9.jpg,dataset\NumberPlate_Annotated_Dataset-main\Images\GJ9.jpg,GJ9.xml,dataset\NumberPlate_Annotated_Dataset-main\Labels\GJ9.xml,GJ05RE8119,GJ,272,286,3,90,173,189,206,GJ05RE8119,OK
OD20,OD20.jpg,dataset\NumberPlate_Annotated_Dataset-main\Images\OD20.jpg,OD20.xml,dataset\NumberPlate_Annotated_Dataset-main\Labels\OD20.xml,OD01Q4668,OD,271,156,3,116,191,121,138,OD01Q4668,OK
UP25,UP25.jpg,dataset\NumberPlate_Annotated_Dataset-main\Images\UP25.jpg,UP25.xml,dataset\NumberPlate_Annotated_Dataset-main\Labels\UP25.xml,UP32BF3577,UP,272,593,3,76,187,302,340,UP32BF3577,OK
AP20,AP20.jpg,dataset\NumberPlate_Annotated_Dataset-main\Images\AP20.jpg,AP20.xml,dataset\NumberPlate_Annotated_Dataset-main\Labels\AP20.xml,AP04AS8753,AP,272,363,3,100,165,261,275,AP04AS8753,OK
DN8,DN8.jpg,dataset\NumberPlate_Annotated_Dataset-main\Images\DN8.jpg,DN8.xml,dataset\NumberPlate_Annotated_Dataset-main\Labels\DN8.xml,DN09C0868,DN,272,484,3,55,133,268,291,DN09C0868,OK
UP8,UP8.jpg,dataset\NumberPlate_Annotated_Dataset-main\Images\UP8.jpg,UP8.xml,dataset\NumberPlate_Annotated_Dataset-main\Labels\UP8.xml,UP16AJ0704,UP,272,363,3,172,239,224,254,UP16AJ0704,OK
MP7,MP7.jpg,dataset\NumberPlate_Annotated_Dataset-main\Images\MP7.jpg,MP7.xml,dataset\NumberPlate_Annotated_Dataset-main\Labels\MP7.xml,MP09BD1270,MP,272,484,3,97,181,230,253,MP09BD1270,OK
GJ11,GJ11.jpg,dataset\NumberPlate_Annotated_Dataset-main\Images\GJ11.jpg,GJ11.xml,dataset\NumberPlate_Annotated_Dataset-main\Labels\GJ11.xml,GJ06HS1855,GJ,272,581,3,90,196,241,273,GJ06HS1855,OK
JK30,JK30.jpg,dataset\NumberPlate_Annotated_Dataset-main\Images\JK30.jpg,JK30.xml,dataset\NumberPlate_Annotated_Dataset-main\Labels\JK30.xml,JK02ACB876,JK,272,204,3,24,78,185,199,JK02ACB876,OK
HP6,HP6.jpg,dataset\NumberPlate_Annotated_Dataset-main\Images\HP6.jpg,HP6.xml,dataset\NumberPlate_Annotated_Dataset-main\Labels\HP6.xml,HP01A7630,HP,191,139,3,30,74,97,111,HP01A7630,OK
TS2,TS2.jpg,dataset\NumberPlate_Annotated_Dataset-main\Images\TS2.jpg,TS2.xml,dataset\NumberPlate_Annotated_Dataset-main\Labels\TS2.xml,TS07EL3335,TS,272,363,3,112,172,232,247,TS07EL3335,OK
HR1,HR1.jpg,dataset\NumberPlate_Annotated_Dataset-main\Images\HR1.jpg,HR1.xml,dataset\NumberPlate_Annotated_Dataset-main\Labels\HR1.xml,HR26BQ8176,HR,272,363,3,101,181,273,289,HR26BQ8176,OK
HP3,HP3.jpg,dataset\NumberPlate_Annotated_Dataset-main\Images\HP3.jpg,HP3.xml,dataset\NumberPlate_Annotated_Dataset-main\Labels\HP3.xml,HP666807,HP,272,363,3,80,167,278,303,HP666807,OK
HP15,HP15.jpg,dataset\NumberPlate_Annotated_Dataset-main\Images\HP15.jpg,HP15.xml,dataset\NumberPlate_Annotated_Dataset-main\Labels\HP15.xml,HP22E8000,HP,272,214,3,111,170,156,169,HP22E8000,OK
SK1,SK1.jpg,dataset\NumberPlate_Annotated_Dataset-main\Images\SK1.jpg,SK1.xml,dataset\NumberPlate_Annotated_Dataset-main\Labels\SK1.xml,SK01PA2969,SK,272,204,3,100,172,142,159,SK01PA2969,OK
GJ10,GJ10.jpg,dataset\NumberPlate_Annotated_Dataset-main\Images\GJ10.jpg,GJ10.xml,dataset\NumberPlate_Annotated_Dataset-main\Labels\GJ10.xml,GJ01RA8370,GJ,272,204,3,117,164,149,160,GJ01RA8370,OK
ML25,ML25.jpg,dataset\NumberPlate_Annotated_Dataset-main\Images\ML25.jpg,ML25.xml,dataset\NumberPlate_Annotated_Dataset-main\Labels\ML25.xml,ML04B8389,ML,272,425,3,105,176,204,221,ML04B8389,OK
HR4,HR4.jpg,dataset\NumberPlate_Annotated_Dataset-main\Images\HR4.jpg,HR4.xml,dataset\NumberPlate_Annotated_Dataset-main\Labels\HR4.xml,HR10AE9885,HR,272,300,3,98,186,217,241,HR10AE9885,OK
AS2,AS2.jpg,dataset\NumberPlate_Annotated_Dataset-main\Images\AS2.jpg,AS2.xml,dataset\NumberPlate_Annotated_Dataset-main\Labels\AS2.xml,AS07AC6653,AS,272,363,3,99,189,249,268,AS07AC6653,OK
NL3,NL3.jpg,dataset\NumberPlate_Annotated_Dataset-main\Images\NL3.jpg,NL3.xml,dataset\NumberPlate_Annotated_Dataset-main\Labels\NL3.xml,NL078440,NL,272,204,3,118,197,144,172,NL078440,OK
RJ2,RJ2.jpg,dataset\NumberPlate_Annotated_Dataset-main\Images\RJ2.jpg,RJ2.xml,dataset\NumberPlate_Annotated_Dataset-main\Labels\RJ2.xml,RJ14CW4115,RJ,272,363,3,99,174,116,137,RJ14CW4115,OK
UP20,UP20.jpg,dataset\NumberPlate_Annotated_Dataset-main\Images\UP20.jpg,UP20.xml,dataset\NumberPlate_Annotated_Dataset-main\Labels\UP20.xml,UP14AK8604,UP,272,204,3,102,174,151,168,UP14AK8604,OK
TR2,TR2.jpg,dataset\NumberPlate_Annotated_Dataset-main\Images\TR2.jpg,TR2.xml,dataset\NumberPlate_Annotated_Dataset-main\Labels\TR2.xml,TR03H0259,TR,272,574,3,80,178,274,296,TR03H0259,OK
JK8,JK8.jpg,dataset\NumberPlate_Annotated_Dataset-main\Images\JK8.jpg,JK8.xml,dataset\NumberPlate_Annotated_Dataset-main\Labels\JK8.xml,JK02W2657,JK,269,333,3,100,183,253,270,JK02W2657,OK
HP16,HP16.jpg,dataset\NumberPlate_Annotated_Dataset-main\Images\HP16.jpg,HP16.xml,dataset\NumberPlate_Annotated_Dataset-main\Labels\HP16.xml,HP302165,HP,272,204,3,81,131,124,137,HP302165,OK
DL22,DL22.jpg,dataset\NumberPlate_Annotated_Dataset-main\Images\DL22.jpg,DL22.xml,dataset\NumberPlate_Annotated_Dataset-main\Labels\DL22.xml,DL6CL0457,DL,272,363,3,104,168,230,245,DL6CL0457,OK
KA19,KA19.jpg,dataset\NumberPlate_Annotated_Dataset-main\Images\KA19.jpg,KA19.xml,dataset\NumberPlate_Annotated_Dataset-main\Labels\KA19.xml,KA03MQ6984,KA,272,247,3,101,167,158,176,KA03MQ6984,OK
DN4,DN4.jpg,dataset\NumberPlate_Annotated_Dataset-main\Images\DN4.jpg,DN4.xml,dataset\NumberPlate_Annotated_Dataset-main\Labels\DN4.xml,DN09J0032,DN,270,505,3,91,182,206,228,DN09J0032,OK
PB4,PB4.jpg,dataset\NumberPlate_Annotated_Dataset-main\Images\PB4.jpg,PB4.xml,dataset\NumberPlate_Annotated_Dataset-main\Labels\PB4.xml,PB07BL8058,PB,272,363,3,103,184,270,285,PB07BL8058,OK
RJ5,RJ5.jpg,dataset\NumberPlate_Annotated_Dataset-main\Images\RJ5.jpg,RJ5.xml,dataset\NumberPlate_Annotated_Dataset-main\Labels\RJ5.xml,RJ14CF5807,RJ,272,287,3,90,180,200,224,RJ14CF5807,OK
CG15,CG15.jpg,dataset\NumberPlate_Annotated_Dataset-main\Images\CG15.jpg,CG15.xml,dataset\NumberPlate_Annotated_Dataset-main\Labels\CG15.xml,CG07BR3255,CG,272,204,3,109,166,130,142,CG07BR3255,OK
BR15,BR15.jpg,dataset\NumberPlate_Annotated_Dataset-main\Images\BR15.jpg,BR15.xml,dataset\NumberPlate_Annotated_Dataset-main\Labels\BR15.xml,BR01BR5435,BR,272,204,3,77,145,123,165,BR01BR5435,OK
TR3,TR3.jpg,dataset\NumberPlate_Annotated_Dataset-main\Images\TR3.jpg,TR3.xml,dataset\NumberPlate_Annotated_Dataset-main\Labels\TR3.xml,TR02L0569,TR,272,363,3,143,208,228,246,TR02L0569,OK
ML7,ML7.jpg,dataset\NumberPlate_Annotated_Dataset-main\Images\ML7.jpg,ML7.xml,dataset\NumberPlate_Annotated_Dataset-main\Labels\ML7.xml,ML069642,ML,272,363,3,80,171,232,257,ML069642,OK
MH25,MH25.jpg,dataset\NumberPlate_Annotated_Dataset-main\Images\MH25.jpg,MH25.xml,dataset\NumberPlate_Annotated_Dataset-main\Labels\MH25.xml,MH12FK1392,MH,272,363,3,89,178,264,284,MH12FK1392,OK
UP28,UP28.jpg,dataset\NumberPlate_Annotated_Dataset-main\Images\UP28.jpg,UP28.xml,dataset\NumberPlate_Annotated_Dataset-main\Labels\UP28.xml,UP32HY6077,UP,272,363,3,94,176,247,266,UP32HY6077,OK
AP14,AP14.jpg,dataset\NumberPlate_Annotated_Dataset-main\Images\AP14.jpg,AP14.xml,dataset\NumberPlate_Annotated_Dataset-main\Labels\AP14.xml,AP10AS3445,AP,272,620,3,103,191,176,206,AP10AS3445,OK
CG17,CG17.jpg,dataset\NumberPlate_Annotated_Dataset-main\Images\CG17.jpg,CG17.xml,dataset\NumberPlate_Annotated_Dataset-main\Labels\CG17.xml,CG07MA2529,CG,272,204,3,103,155,122,135,CG07MA2529,OK
OD11,OD11.jpg,dataset\NumberPlate_Annotated_Dataset-main\Images\OD11.jpg,OD11.xml,dataset\NumberPlate_Annotated_Dataset-main\Labels\OD11.xml,OR02BV0701,OR,272,363,3,166,216,248,270,OR02BV0701,OK
JK13,JK13.jpg,dataset\NumberPlate_Annotated_Dataset-main\Images\JK13.jpg,JK13.xml,dataset\NumberPlate_Annotated_Dataset-main\Labels\JK13.xml,JK01AF7715,JK,272,257,3,88,185,176,196,JK01AF7715,OK
NL9,NL9.jpg,dataset\NumberPlate_Annotated_Dataset-main\Images\NL9.jpg,NL9.xml,dataset\NumberPlate_Annotated_Dataset-main\Labels\NL9.xml,NL02C6709,NL,272,572,3,69,167,418,446,NL02C6709,OK
GJ8,GJ8.jpg,dataset\NumberPlate_Annotated_Dataset-main\Images\GJ8.jpg,GJ8.xml,dataset\NumberPlate_Annotated_Dataset-main\Labels\GJ8.xml,GJ16CH9827,GJ,272,204,3,98,172,148,164,GJ16CH9827,OK
KA1,KA1.jpg,dataset\NumberPlate_Annotated_Dataset-main\Images\KA1.jpg,KA1.xml,dataset\NumberPlate_Annotated_Dataset-main\Labels\KA1.xml,KA03MQ6984,KA,272,247,3,100,167,159,177,KA03MQ6984,OK
AS3,AS3.jpg,dataset\NumberPlate_Annotated_Dataset-main\Images\AS3.jpg,AS3.xml,dataset\NumberPlate_Annotated_Dataset-main\Labels\AS3.xml,AS23E0596,AS,272,204,3,71,122,139,165,AS23E0596,OK
JK36,JK36.jpg,dataset\NumberPlate_Annotated_Dataset-main\Images\JK36.jpg,JK36.xml,dataset\NumberPlate_Annotated_Dataset-main\Labels\JK36.xml,JK072483,JK,272,484,3,137,203,286,322,JK072483,OK
AS11,AS11.jpg,dataset\NumberPlate_Annotated_Dataset-main\Images\AS11.jpg,AS11.xml,dataset\NumberPlate_Annotated_Dataset-main\Labels\AS11.xml,AS01DS7523,AS,231,143,3,80,120,94,104,AS01DS7523,OK
PY8,PY8.jpg,dataset\NumberPlate_Annotated_Dataset-main\Images\PY8.jpg,PY8.xml,dataset\NumberPlate_Annotated_Dataset-main\Labels\PY8.xml,PY01BD9020,PY,272,568,3,100,207,396,427,PY01BD9020,OK
HR3,HR3.jpg,dataset\NumberPlate_Annotated_Dataset-main\Images\HR3.jpg,HR3.xml,dataset\NumberPlate_Annotated_Dataset-main\Labels\HR3.xml,HR29W8286,HR,272,204,3,104,180,136,154,HR29W8286,OK
MN5,MN5.jpg,dataset\NumberPlate_Annotated_Dataset-main\Images\MN5.jpg,MN5.xml,dataset\NumberPlate_Annotated_Dataset-main\Labels\MN5.xml,MN01G5395,MN,272,204,3,113,181,162,178,MN01G5395,OK
KA24,KA24.jpg,dataset\NumberPlate_Annotated_Dataset-main\Images\KA24.jpg,KA24.xml,dataset\NumberPlate_Annotated_Dataset-main\Labels\KA24.xml,KA25P5080,KA,272,216,3,140,209,156,176,KA25P5080,OK
WB22,WB22.jpg,dataset\NumberPlate_Annotated_Dataset-main\Images\WB22.jpg,WB22.xml,dataset\NumberPlate_Annotated_Dataset-main\Labels\WB22.xml,WB20H0271,WB,272,364,3,106,164,247,264,WB20H0271,OK
TS8,TS8.jpg,dataset\NumberPlate_Annotated_Dataset-main\Images\TS8.jpg,TS8.xml,dataset\NumberPlate_Annotated_Dataset-main\Labels\TS8.xml,TS09EG6565,TS,272,608,3,92,179,339,360,TS09EG6565,OK
JK34,JK34.jpg,dataset\NumberPlate_Annotated_Dataset-main\Images\JK34.jpg,JK34.xml,dataset\NumberPlate_Annotated_Dataset-main\Labels\JK34.xml,JK10B2313,JK,272,363,3,128,199,270,294,JK10B2313,OK
JK4,JK4.jpg,dataset\NumberPlate_Annotated_Dataset-main\Images\JK4.jpg,JK4.xml,dataset\NumberPlate_Annotated_Dataset-main\Labels\JK4.xml,JK01M4723,JK,271,503,3,55,145,296,335,JK01M4723,OK
AP44,AP44.jpg,dataset\NumberPlate_Annotated_Dataset-main\Images\AP44.jpg,AP44.xml,dataset\NumberPlate_Annotated_Dataset-main\Labels\AP44.xml,AP318L4935,AP,272,363,3,95,159,251,270,AP318L4935,OK
PB19,PB19.jpg,dataset\NumberPlate_Annotated_Dataset-main\Images\PB19.jpg,PB19.xml,dataset\NumberPlate_Annotated_Dataset-main\Labels\PB19.xml,PB10CX0209,PB,272,204,3,111,170,152,165,PB10CX0209,OK
AS13,AS13.jpg,dataset\NumberPlate_Annotated_Dataset-main\Images\AS13.jpg,AS13.xml,dataset\NumberPlate_Annotated_Dataset-main\Labels\AS13.xml,AS25S6858,AS,272,179,3,120,170,111,122,AS25S6858,OK
GJ21,GJ21.jpg,dataset\NumberPlate_Annotated_Dataset-main\Images\GJ21.jpg,GJ21.xml,dataset\NumberPlate_Annotated_Dataset-main\Labels\GJ21.xml,GJ12CG2526,GJ,272,278,3,94,176,193,212,GJ12CG2526,OK
GJ23,GJ23.jpg,dataset\NumberPlate_Annotated_Dataset-main\Images\GJ23.jpg,GJ23.xml,dataset\NumberPlate_Annotated_Dataset-main\Labels\GJ23.xml,GJ01RS0198,GJ,272,204,3,116,175,117,130,GJ01RS0198,OK
ML36,ML36.jpg,dataset\NumberPlate_Annotated_Dataset-main\Images\ML36.jpg,ML36.xml,dataset\NumberPlate_Annotated_Dataset-main\Labels\ML36.xml,ML08B1100,ML,272,363,3,116,176,225,244,ML08B1100,OK
RJ4,RJ4.jpg,dataset\NumberPlate_Annotated_Dataset-main\Images\RJ4.jpg,RJ4.xml,dataset\NumberPlate_Annotated_Dataset-main\Labels\RJ4.xml,RJ20CD5118,RJ,272,363,3,87,183,250,272,RJ20CD5118,OK
HP5,HP5.jpg,dataset\NumberPlate_Annotated_Dataset-main\Images\HP5.jpg,HP5.xml,dataset\NumberPlate_Annotated_Dataset-main\Labels\HP5.xml,HP01N0304,HP,272,363,3,89,175,187,205,HP01N0304,OK
AP39,AP39.jpg,dataset\NumberPlate_Annotated_Dataset-main\Images\AP39.jpg,AP39.xml,dataset\NumberPlate_Annotated_Dataset-main\Labels\AP39.xml,AP05DY3395,AP,272,204,3,94,167,157,172,AP05DY3395,OK
HP2,HP2.jpg,dataset\NumberPlate_Annotated_Dataset-main\Images\HP2.jpg,HP2.xml,dataset\NumberPlate_Annotated_Dataset-main\Labels\HP2.xml,HP16A2014,HP,272,363,3,113,231,295,317,HP16A2014,OK
MP3,MP3.jpg,dataset\NumberPlate_Annotated_Dataset-main\Images\MP3.jpg,MP3.xml,dataset\NumberPlate_Annotated_Dataset-main\Labels\MP3.xml,MP65C0654,MP,272,363,3,93,167,206,223,MP65C0654,OK
MN4,MN4.jpg,dataset\NumberPlate_Annotated_Dataset-main\Images\MN4.jpg,MN4.xml,dataset\NumberPlate_Annotated_Dataset-main\Labels\MN4.xml,MN06LA0861,MN,272,87,3,103,159,9,22,MN06LA0861,OK
MH7,MH7.jpg,dataset\NumberPlate_Annotated_Dataset-main\Images\MH7.jpg,MH7.xml,dataset\NumberPlate_Annotated_Dataset-main\Labels\MH7.xml,MH12KY6921,MH,272,284,3,94,184,221,237,MH12KY6921,OK
MH4,MH4.jpg,dataset\NumberPlate_Annotated_Dataset-main\Images\MH4.jpg,MH4.xml,dataset\NumberPlate_Annotated_Dataset-main\Labels\MH4.xml,MH12MF6822,MH,271,487,3,92,176,190,207,MH12MF6822,OK
AN10,AN10.jpg,dataset\NumberPlate_Annotated_Dataset-main\Images\AN10.jpg,AN10.xml,dataset\NumberPlate_Annotated_Dataset-main\Labels\AN10.xml,AN01K9412,AN,272,363,3,109,165,168,181,AN01K9412,OK
DL4,DL4.jpg,dataset\NumberPlate_Annotated_Dataset-main\Images\DL4.jpg,DL4.xml,dataset\NumberPlate_Annotated_Dataset-main\Labels\DL4.xml,DL9CAU5573,DL,270,336,3,90,171,228,246,DL9CAU5573,OK
ML33,ML33.jpg,dataset\NumberPlate_Annotated_Dataset-main\Images\ML33.jpg,ML33.xml,dataset\NumberPlate_Annotated_Dataset-main\Labels\ML33.xml,ML04B8918,ML,272,590,3,86,169,277,299,ML04B8918,OK
MH12,MH12.jpg,dataset\NumberPlate_Annotated_Dataset-main\Images\MH12.jpg,MH12.xml,dataset\NumberPlate_Annotated_Dataset-main\Labels\MH12.xml,MH12NJ5838,MH,270,340,3,87,189,287,305,MH12NJ5838,OK
DL5,DL5.jpg,dataset\NumberPlate_Annotated_Dataset-main\Images\DL5.jpg,DL5.xml,dataset\NumberPlate_Annotated_Dataset-main\Labels\DL5.xml,DL12CN8660,DL,272,363,3,80,182,278,300,DL12CN8660,OK
HR13,HR13.jpg,dataset\NumberPlate_Annotated_Dataset-main\Images\HR13.jpg,HR13.xml,dataset\NumberPlate_Annotated_Dataset-main\Labels\HR13.xml,HR51AQ0911,HR,272,363,3,101,180,245,265,HR51AQ0911,OK
TN8,TN8.jpg,dataset\NumberPlate_Annotated_Dataset-main\Images\TN8.jpg,TN8.xml,dataset\NumberPlate_Annotated_Dataset-main\Labels\TN8.xml,TN07AP0659,TN,272,230,3,87,171,71,93,TN07AP0659,OK
AP2,AP2.jpg,dataset\NumberPlate_Annotated_Dataset-main\Images\AP2.jpg,AP2.xml,dataset\NumberPlate_Annotated_Dataset-main\Labels\AP2.xml,AP07AN3915,AP,272,125,3,95,141,48,59,AP07AN3915,OK
MH13,MH13.jpg,dataset\NumberPlate_Annotated_Dataset-main\Images\MH13.jpg,MH13.xml,dataset\NumberPlate_Annotated_Dataset-main\Labels\MH13.xml,MH05BS3471,MH,272,589,3,103,176,331,349,MH05BS3471,OK
JK17,JK17.jpg,dataset\NumberPlate_Annotated_Dataset-main\Images\JK17.jpg,JK17.xml,dataset\NumberPlate_Annotated_Dataset-main\Labels\JK17.xml,JK02AS3888,JK,272,363,3,67,180,269,293,JK02AS3888,OK
MP5,MP5.jpg,dataset\NumberPlate_Annotated_Dataset-main\Images\MP5.jpg,MP5.xml,dataset\NumberPlate_Annotated_Dataset-main\Labels\MP5.xml,MP20TA0919,MP,272,363,3,101,171,230,244,MP20TA0919,OK
DL13,DL13.jpg,dataset\NumberPlate_Annotated_Dataset-main\Images\DL13.jpg,DL13.xml,dataset\NumberPlate_Annotated_Dataset-main\Labels\DL13.xml,DL12CJ9823,DL,272,363,3,94,175,235,254,DL12CJ9823,OK
BR8,BR8.jpg,dataset\NumberPlate_Annotated_Dataset-main\Images\BR8.jpg,BR8.xml,dataset\NumberPlate_Annotated_Dataset-main\Labels\BR8.xml,BR01DG6692,BR,272,153,3,99,161,132,145,BR01DG6692,OK
AS21,AS21.jpg,dataset\NumberPlate_Annotated_Dataset-main\Images\AS21.jpg,AS21.xml,dataset\NumberPlate_Annotated_Dataset-main\Labels\AS21.xml,AS23X5585,AS,272,363,3,112,181,190,206,AS23X5585,OK
DL23,DL23.jpg,dataset\NumberPlate_Annotated_Dataset-main\Images\DL23.jpg,DL23.xml,dataset\NumberPlate_Annotated_Dataset-main\Labels\DL23.xml,DL2CAX2886,DL,272,364,3,75,186,256,287,DL2CAX2886,OK
ML10,ML10.jpg,dataset\NumberPlate_Annotated_Dataset-main\Images\ML10.jpg,ML10.xml,dataset\NumberPlate_Annotated_Dataset-main\Labels\ML10.xml,ML06A1659,ML,268,180,3,126,178,152,164,ML06A1659,OK
OD12,OD12.jpg,dataset\NumberPlate_Annotated_Dataset-main\Images\OD12.jpg,OD12.xml,dataset\NumberPlate_Annotated_Dataset-main\Labels\OD12.xml,OR05AN4494,OR,272,604,3,105,174,310,330,OR05AN4494,OK
CH9,CH9.jpg,dataset\NumberPlate_Annotated_Dataset-main\Images\CH9.jpg,CH9.xml,dataset\NumberPlate_Annotated_Dataset-main\Labels\CH9.xml,CH01AF1382,CH,272,204,3,108,162,105,118,CH01AF1382,OK
NL2,NL2.jpg,dataset\NumberPlate_Annotated_Dataset-main\Images\NL2.jpg,NL2.xml,dataset\NumberPlate_Annotated_Dataset-main\Labels\NL2.xml,NL01CB433,NL,271,333,3,77,178,303,332,NL01CB433,OK
AR6,AR6.jpg,dataset\NumberPlate_Annotated_Dataset-main\Images\AR6.jpg,AR6.xml,dataset\NumberPlate_Annotated_Dataset-main\Labels\AR6.xml,AR168272,AR,214,204,3,129,198,161,183,AR168272,OK
KA12,KA12.jpg,dataset\NumberPlate_Annotated_Dataset-main\Images\KA12.jpg,KA12.xml,dataset\NumberPlate_Annotated_Dataset-main\Labels\KA12.xml,KA02MF3336,KA,272,204,3,98,169,111,128,KA02MF3336,OK
UP19,UP19.jpg,dataset\NumberPlate_Annotated_Dataset-main\Images\UP19.jpg,UP19.xml,dataset\NumberPlate_Annotated_Dataset-main\Labels\UP19.xml,UP45Q3028,UP,272,604,3,108,187,214,234,UP45Q3028,OK
DL25,DL25.jpg,dataset\NumberPlate_Annotated_Dataset-main\Images\DL25.jpg,DL25.xml,dataset\NumberPlate_Annotated_Dataset-main\Labels\DL25.xml,DL9C0S1537,DL,272,204,3,123,183,148,169,DL9C0S1537,OK
PY6,PY6.jpg,dataset\NumberPlate_Annotated_Dataset-main\Images\PY6.jpg,PY6.xml,dataset\NumberPlate_Annotated_Dataset-main\Labels\PY6.xml,PY01AP0555,PY,272,363,3,93,182,262,281,PY01AP0555,OK
PY9,PY9.jpg,dataset\NumberPlate_Annotated_Dataset-main\Images\PY9.jpg,PY9.xml,dataset\NumberPlate_Annotated_Dataset-main\Labels\PY9.xml,PY055353,PY,272,363,3,98,172,255,272,PY055353,OK
UK10,UK10.jpg,dataset\NumberPlate_Annotated_Dataset-main\Images\UK10.jpg,UK10.xml,dataset\NumberPlate_Annotated_Dataset-main\Labels\UK10.xml,UK07AA2432,UK,272,336,3,78,168,250,269,UK07AA2432,OK
HP20,HP20.jpg,dataset\NumberPlate_Annotated_Dataset-main\Images\HP20.jpg,HP20.xml,dataset\NumberPlate_Annotated_Dataset-main\Labels\HP20.xml,HP2020TR6255G,HP,153,272,3,44,98,158,175,HP2020TR6255G,OK
BR14,BR14.jpg,dataset\NumberPlate_Annotated_Dataset-main\Images\BR14.jpg,BR14.xml,dataset\NumberPlate_Annotated_Dataset-main\Labels\BR14.xml,BR01BL6628,BR,272,363,3,21,68,185,223,BR01BL6628,OK
PB30,PB30.jpg,dataset\NumberPlate_Annotated_Dataset-main\Images\PB30.jpg,PB30.xml,dataset\NumberPlate_Annotated_Dataset-main\Labels\PB30.xml,PB08DY4824,PB,272,153,3,74,130,102,112,PB08DY4824,OK
WB27,WB27.jpg,dataset\NumberPlate_Annotated_Dataset-main\Images\WB27.jpg,WB27.xml,dataset\NumberPlate_Annotated_Dataset-main\Labels\WB27.xml,WB02AD4162,WB,272,281,3,101,187,165,186,WB02AD4162,OK
JK6,JK6.jpg,dataset\NumberPlate_Annotated_Dataset-main\Images\JK6.jpg,JK6.xml,dataset\NumberPlate_Annotated_Dataset-main\Labels\JK6.xml,JK01R8021,JK,272,363,3,158,220,245,275,JK01R8021,OK
AN7,AN7.jpg,dataset\NumberPlate_Annotated_Dataset-main\Images\AN7.jpg,AN7.xml,dataset\NumberPlate_Annotated_Dataset-main\Labels\AN7.xml,AN01H0908,AN,272,590,3,89,192,366,391,AN01H0908,OK
BR17,BR17.jpg,dataset\NumberPlate_Annotated_Dataset-main\Images\BR17.jpg,BR17.xml,dataset\NumberPlate_Annotated_Dataset-main\Labels\BR17.xml,BF06P00006,BF,272,363,3,90,154,233,250,BF06P00006,OK
AR10,AR10.jpg,dataset\NumberPlate_Annotated_Dataset-main\Images\AR10.jpg,AR10.xml,dataset\NumberPlate_Annotated_Dataset-main\Labels\AR10.xml,AR152019,AR,272,363,3,34,88,171,188,AR152019,OK
MP4,MP4.jpg,dataset\NumberPlate_Annotated_Dataset-main\Images\MP4.jpg,MP4.xml,dataset\NumberPlate_Annotated_Dataset-main\Labels\MP4.xml,MP09CK4943,MP,272,363,3,99,158,199,213,MP09CK4943,OK
AR2,AR2.jpg,dataset\NumberPlate_Annotated_Dataset-main\Images\AR2.jpg,AR2.xml,dataset\NumberPlate_Annotated_Dataset-main\Labels\AR2.xml,AR01F2523,AR,272,204,3,114,175,162,176,AR01F2523,OK
KA11,KA11.jpg,dataset\NumberPlate_Annotated_Dataset-main\Images\KA11.jpg,KA11.xml,dataset\NumberPlate_Annotated_Dataset-main\Labels\KA11.xml,KA04MK0368,KA,272,204,3,101,167,151,165,KA04MK0368,OK
GJ18,GJ18.jpg,dataset\NumberPlate_Annotated_Dataset-main\Images\GJ18.jpg,GJ18.xml,dataset\NumberPlate_Annotated_Dataset-main\Labels\GJ18.xml,GJ01RN4259,GJ,272,204,3,107,176,150,165,GJ01RN4259,OK
CG11,CG11.jpg,dataset\NumberPlate_Annotated_Dataset-main\Images\CG11.jpg,CG11.xml,dataset\NumberPlate_Annotated_Dataset-main\Labels\CG11.xml,CG04HA4553,CG,272,363,3,133,189,173,184,CG04HA4553,OK
SK3,SK3.jpg,dataset\NumberPlate_Annotated_Dataset-main\Images\SK3.jpg,SK3.xml,dataset\NumberPlate_Annotated_Dataset-main\Labels\SK3.xml,SK01PA7708,SK,272,363,3,104,183,237,256,SK01PA7708,OK
HR17,HR17.jpg,dataset\NumberPlate_Annotated_Dataset-main\Images\HR17.jpg,HR17.xml,dataset\NumberPlate_Annotated_Dataset-main\Labels\HR17.xml,HR26BK8597,HR,272,603,3,91,180,282,306,HR26BK8597,OK
WB23,WB23.jpg,dataset\NumberPlate_Annotated_Dataset-main\Images\WB23.jpg,WB23.xml,dataset\NumberPlate_Annotated_Dataset-main\Labels\WB23.xml,WB20AG9041,WB,272,216,3,93,180,143,161,WB20AG9041,OK
GA11,GA11.jpg,dataset\NumberPlate_Annotated_Dataset-main\Images\GA11.jpg,GA11.xml,dataset\NumberPlate_Annotated_Dataset-main\Labels\GA11.xml,GA03P2839,GA,271,495,3,46,95,330,359,GA03P2839,OK
HR11,HR11.jpg,dataset\NumberPlate_Annotated_Dataset-main\Images\HR11.jpg,HR11.xml,dataset\NumberPlate_Annotated_Dataset-main\Labels\HR11.xml,HR01H4731,HR,270,331,3,95,196,250,273,HR01H4731,OK
AS10,AS10.jpg,dataset\NumberPlate_Annotated_Dataset-main\Images\AS10.jpg,AS10.xml,dataset\NumberPlate_Annotated_Dataset-main\Labels\AS10.xml,AS01DG6002,AS,272,603,3,99,177,358,379,AS01DG6002,OK
AP23,AP23.jpg,dataset\NumberPlate_Annotated_Dataset-main\Images\AP23.jpg,AP23.xml,dataset\NumberPlate_Annotated_Dataset-main\Labels\AP23.xml,AP39DL3537,AP,272,363,3,78,136,223,234,AP39DL3537,OK
OD3,OD3.jpg,dataset\NumberPlate_Annotated_Dataset-main\Images\OD3.jpg,OD3.xml,dataset\NumberPlate_Annotated_Dataset-main\Labels\OD3.xml,OD02V0007,OD,272,153,3,107,165,82,97,OD02V0007,OK
OD26,OD26.jpg,dataset\NumberPlate_Annotated_Dataset-main\Images\OD26.jpg,OD26.xml,dataset\NumberPlate_Annotated_Dataset-main\Labels\OD26.xml,OD021481,OD,272,363,3,106,199,190,215,OD021481,OK
JK15,JK15.jpg,dataset\NumberPlate_Annotated_Dataset-main\Images\JK15.jpg,JK15.xml,dataset\NumberPlate_Annotated_Dataset-main\Labels\JK15.xml,JK02AJ1525,JK,272,363,3,93,168,183,199,JK02AJ1525,OK
DL10,DL10.jpg,dataset\NumberPlate_Annotated_Dataset-main\Images\DL10.jpg,DL10.xml,dataset\NumberPlate_Annotated_Dataset-main\Labels\DL10.xml,DL9CAE1359,DL,272,363,3,98,161,215,228,DL9CAE1359,OK
HR20,HR20.jpg,dataset\NumberPlate_Annotated_Dataset-main\Images\HR20.jpg,HR20.xml,dataset\NumberPlate_Annotated_Dataset-main\Labels\HR20.xml,HR26EJ7668,HR,272,363,3,101,190,238,254,HR26EJ7668,OK
JH11,JH11.jpg,dataset\NumberPlate_Annotated_Dataset-main\Images\JH11.jpg,JH11.xml,dataset\NumberPlate_Annotated_Dataset-main\Labels\JH11.xml,JH01BC5210,JH,272,571,3,141,202,300,315,JH01BC5210,OK
UP14,UP14.jpg,dataset\NumberPlate_Annotated_Dataset-main\Images\UP14.jpg,UP14.xml,dataset\NumberPlate_Annotated_Dataset-main\Labels\UP14.xml,UP16BD4866,UP,270,573,3,77,159,301,332,UP16BD4866,OK
PY5,PY5.jpg,dataset\NumberPlate_Annotated_Dataset-main\Images\PY5.jpg,PY5.xml,dataset\NumberPlate_Annotated_Dataset-main\Labels\PY5.xml,PY01AW2814,PY,272,484,3,82,175,273,293,PY01AW2814,OK
PB20,PB20.jpg,dataset\NumberPlate_Annotated_Dataset-main\Images\PB20.jpg,PB20.xml,dataset\NumberPlate_Annotated_Dataset-main\Labels\PB20.xml,PB31R8123,PB,272,256,3,104,165,164,178,PB31R8123,OK
ML11,ML11.jpg,dataset\NumberPlate_Annotated_Dataset-main\Images\ML11.jpg,ML11.xml,dataset\NumberPlate_Annotated_Dataset-main\Labels\ML11.xml,ML05L1434,ML,272,193,3,46,115,77,106,ML05L1434,OK
DL29,DL29.jpg,dataset\NumberPlate_Annotated_Dataset-main\Images\DL29.jpg,DL29.xml,dataset\NumberPlate_Annotated_Dataset-main\Labels\DL29.xml,DL8CAL4134,DL,272,364,3,103,177,276,300,DL8CAL4134,OK
JK10,JK10.jpg,dataset\NumberPlate_Annotated_Dataset-main\Images\JK10.jpg,JK10.xml,dataset\NumberPlate_Annotated_Dataset-main\Labels\JK10.xml,JK02AK8967,JK,272,204,3,108,187,168,187,JK02AK8967,OK
KA9,KA9.jpg,dataset\NumberPlate_Annotated_Dataset-main\Images\KA9.jpg,KA9.xml,dataset\NumberPlate_Annotated_Dataset-main\Labels\KA9.xml,KA01MB9714,KA,272,363,3,100,168,261,275,KA01MB9714,OK
GJ1,GJ1.jpg,dataset\NumberPlate_Annotated_Dataset-main\Images\GJ1.jpg,GJ1.xml,dataset\NumberPlate_Annotated_Dataset-main\Labels\GJ1.xml,GJ7AG4373,GJ,264,469,3,42,106,286,321,GJ7AG4373,OK
HP8,HP8.jpg,dataset\NumberPlate_Annotated_Dataset-main\Images\HP8.jpg,HP8.xml,dataset\NumberPlate_Annotated_Dataset-main\Labels\HP8.xml,HP719898,HP,272,363,3,104,178,166,188,HP719898,OK
DL6,DL6.jpg,dataset\NumberPlate_Annotated_Dataset-main\Images\DL6.jpg,DL6.xml,dataset\NumberPlate_Annotated_Dataset-main\Labels\DL6.xml,DL4CAM9066,DL,272,403,3,90,178,201,222,DL4CAM9066,OK
DL9,DL9.jpg,dataset\NumberPlate_Annotated_Dataset-main\Images\DL9.jpg,DL9.xml,dataset\NumberPlate_Annotated_Dataset-main\Labels\DL9.xml,DL2CH8634,DL,272,134,3,94,147,96,108,DL2CH8634,OK
PB17,PB17.jpg,dataset\NumberPlate_Annotated_Dataset-main\Images\PB17.jpg,PB17.xml,dataset\NumberPlate_Annotated_Dataset-main\Labels\PB17.xml,PB23S8600,PB,272,204,3,80,166,158,177,PB23S8600,OK
MH15,MH15.jpg,dataset\NumberPlate_Annotated_Dataset-main\Images\MH15.jpg,MH15.xml,dataset\NumberPlate_Annotated_Dataset-main\Labels\MH15.xml,MH05EQ4066,MH,272,363,3,68,170,232,258,MH05EQ4066,OK
NL5,NL5.jpg,dataset\NumberPlate_Annotated_Dataset-main\Images\NL5.jpg,NL5.xml,dataset\NumberPlate_Annotated_Dataset-main\Labels\NL5.xml,NL07CA7631,NL,272,604,3,51,122,360,406,NL07CA7631,OK
OD6,OD6.jpg,dataset\NumberPlate_Annotated_Dataset-main\Images\OD6.jpg,OD6.xml,dataset\NumberPlate_Annotated_Dataset-main\Labels\OD6.xml,OR08F1001,OR,271,545,3,99,177,330,357,OR08F1001,OK
MH14,MH14.jpg,dataset\NumberPlate_Annotated_Dataset-main\Images\MH14.jpg,MH14.xml,dataset\NumberPlate_Annotated_Dataset-main\Labels\MH14.xml,MH43X8997,MH,272,283,3,94,183,222,239,MH43X8997,OK
GJ13,GJ13.jpg,dataset\NumberPlate_Annotated_Dataset-main\Images\GJ13.jpg,GJ13.xml,dataset\NumberPlate_Annotated_Dataset-main\Labels\GJ13.xml,GJ06KP8508,GJ,272,204,3,94,180,143,163,GJ06KP8508,OK
TS10,TS10.jpg,dataset\NumberPlate_Annotated_Dataset-main\Images\TS10.jpg,TS10.xml,dataset\NumberPlate_Annotated_Dataset-main\Labels\TS10.xml,TS11EQ2914,TS,272,605,3,84,182,300,322,TS11EQ2914,OK
CG10,CG10.jpg,dataset\NumberPlate_Annotated_Dataset-main\Images\CG10.jpg,CG10.xml,dataset\NumberPlate_Annotated_Dataset-main\Labels\CG10.xml,CG22H7740,CG,272,604,3,74,178,372,395,CG22H7740,OK
DL21,DL21.jpg,dataset\NumberPlate_Annotated_Dataset-main\Images\DL21.jpg,DL21.xml,dataset\NumberPlate_Annotated_Dataset-main\Labels\DL21.xml,DL12CS7886,DL,272,363,3,95,185,242,260,DL12CS7886,OK
TR8,TR8.jpg,dataset\NumberPlate_Annotated_Dataset-main\Images\TR8.jpg,TR8.xml,dataset\NumberPlate_Annotated_Dataset-main\Labels\TR8.xml,TR01E2157,TR,271,187,3,106,164,36,57,TR01E2157,OK
AN6,AN6.jpg,dataset\NumberPlate_Annotated_Dataset-main\Images\AN6.jpg,AN6.xml,dataset\NumberPlate_Annotated_Dataset-main\Labels\AN6.xml,AN01H1689,AN,272,363,3,121,184,229,246,AN01H1689,OK
CH3,CH3.jpg,dataset\NumberPlate_Annotated_Dataset-main\Images\CH3.jpg,CH3.xml,dataset\NumberPlate_Annotated_Dataset-main\Labels\CH3.xml,CH03K7672,CH,272,363,3,55,144,270,291,CH03K7672,OK
BR13,BR13.jpg,dataset\NumberPlate_Annotated_Dataset-main\Images\BR13.jpg,BR13.xml,dataset\NumberPlate_Annotated_Dataset-main\Labels\BR13.xml,BR01PL7594,BR,272,363,3,97,166,196,213,BR01PL7594,OK
GA1,GA1.jpg,dataset\NumberPlate_Annotated_Dataset-main\Images\GA1.jpg,GA1.xml,dataset\NumberPlate_Annotated_Dataset-main\Labels\GA1.xml,GA03R9230,GA,272,363,3,129,177,207,224,GA03R9230,OK
CH4,CH4.jpg,dataset\NumberPlate_Annotated_Dataset-main\Images\CH4.jpg,CH4.xml,dataset\NumberPlate_Annotated_Dataset-main\Labels\CH4.xml,CH01AX9090,CH,272,259,3,96,192,192,218,CH01AX9090,OK
CH8,CH8.jpg,dataset\NumberPlate_Annotated_Dataset-main\Images\CH8.jpg,CH8.xml,dataset\NumberPlate_Annotated_Dataset-main\Labels\CH8.xml,CH01A09331,CH,272,204,3,59,140,184,201,CH01A09331,OK
OD9,OD9.jpg,dataset\NumberPlate_Annotated_Dataset-main\Images\OD9.jpg,OD9.xml,dataset\NumberPlate_Annotated_Dataset-main\Labels\OD9.xml,OD33L2616,OD,272,363,3,103,195,228,250,OD33L2616,OK
AP7,AP7.jpg,dataset\NumberPlate_Annotated_Dataset-main\Images\AP7.jpg,AP7.xml,dataset\NumberPlate_Annotated_Dataset-main\Labels\AP7.xml,AP31BL8656,AP,272,366,3,79,158,223,240,AP31BL8656,OK
MH1,MH1.jpg,dataset\NumberPlate_Annotated_Dataset-main\Images\MH1.jpg,MH1.xml,dataset\NumberPlate_Annotated_Dataset-main\Labels\MH1.xml,MH06AB8620,MH,271,168,3,98,178,126,145,MH06AB8620,OK
GJ25,GJ25.jpg,dataset\NumberPlate_Annotated_Dataset-main\Images\GJ25.jpg,GJ25.xml,dataset\NumberPlate_Annotated_Dataset-main\Labels\GJ25.xml,GJ01HM5887,GJ,272,153,3,108,167,135,151,GJ01HM5887,OK
MP8,MP8.jpg,dataset\NumberPlate_Annotated_Dataset-main\Images\MP8.jpg,MP8.xml,dataset\NumberPlate_Annotated_Dataset-main\Labels\MP8.xml,MP09CQ9712,MP,272,363,3,92,174,182,206,MP09CQ9712,OK
AR13,AR13.jpg,dataset\NumberPlate_Annotated_Dataset-main\Images\AR13.jpg,AR13.xml,dataset\NumberPlate_Annotated_Dataset-main\Labels\AR13.xml,AR200692,AR,272,119,3,93,180,35,56,AR200692,OK
JK22,JK22.jpg,dataset\NumberPlate_Annotated_Dataset-main\Images\JK22.jpg,JK22.xml,dataset\NumberPlate_Annotated_Dataset-main\Labels\JK22.xml,JK01AL4613,JK,272,204,3,99,155,135,150,JK01AL4613,OK
TN4,TN4.jpg,dataset\NumberPlate_Annotated_Dataset-main\Images\TN4.jpg,TN4.xml,dataset\NumberPlate_Annotated_Dataset-main\Labels\TN4.xml,TN10AR0131,TN,272,204,3,93,173,149,168,TN10AR0131,OK
JK27,JK27.jpg,dataset\NumberPlate_Annotated_Dataset-main\Images\JK27.jpg,JK27.xml,dataset\NumberPlate_Annotated_Dataset-main\Labels\JK27.xml,JK01D8354,JK,272,363,3,163,243,227,262,JK01D8354,OK
GJ5,GJ5.jpg,dataset\NumberPlate_Annotated_Dataset-main\Images\GJ5.jpg,GJ5.xml,dataset\NumberPlate_Annotated_Dataset-main\Labels\GJ5.xml,GJ1SCG7928,GJ,272,350,3,92,174,267,285,GJ1SCG7928,OK
WB12,WB12.jpg,dataset\NumberPlate_Annotated_Dataset-main\Images\WB12.jpg,WB12.xml,dataset\NumberPlate_Annotated_Dataset-main\Labels\WB12.xml,WB26S5093,WB,272,204,3,95,184,166,187,WB26S5093,OK
GJ2,GJ2.jpg,dataset\NumberPlate_Annotated_Dataset-main\Images\GJ2.jpg,GJ2.xml,dataset\NumberPlate_Annotated_Dataset-main\Labels\GJ2.xml,GJ15CB3980,GJ,272,484,3,89,176,185,210,GJ15CB3980,OK
KL19,KL19.jpg,dataset\NumberPlate_Annotated_Dataset-main\Images\KL19.jpg,KL19.xml,dataset\NumberPlate_Annotated_Dataset-main\Labels\KL19.xml,KL43D4389,KL,272,204,3,104,155,120,131,KL43D4389,OK
CG13,CG13.jpg,dataset\NumberPlate_Annotated_Dataset-main\Images\CG13.jpg,CG13.xml,dataset\NumberPlate_Annotated_Dataset-main\Labels\CG13.xml,CG16B1802,CG,272,363,3,92,177,245,267,CG16B1802,OK
MH17,MH17.jpg,dataset\NumberPlate_Annotated_Dataset-main\Images\MH17.jpg,MH17.xml,dataset\NumberPlate_Annotated_Dataset-main\Labels\MH17.xml,MH01BT7906,MH,272,484,3,106,170,340,357,MH01BT7906,OK
TS3,TS3.jpg,dataset\NumberPlate_Annotated_Dataset-main\Images\TS3.jpg,TS3.xml,dataset\NumberPlate_Annotated_Dataset-main\Labels\TS3.xml,TS09EZ9293,TS,272,363,3,103,172,234,253,TS09EZ9293,OK
PB21,PB21.jpg,dataset\NumberPlate_Annotated_Dataset-main\Images\PB21.jpg,PB21.xml,dataset\NumberPlate_Annotated_Dataset-main\Labels\PB21.xml,PB37A8269,PB,272,581,3,72,168,363,396,PB37A8269,OK
UK2,UK2.jpg,dataset\NumberPlate_Annotated_Dataset-main\Images\UK2.jpg,UK2.xml,dataset\NumberPlate_Annotated_Dataset-main\Labels\UK2.xml,UK06CB4595,UK,272,604,3,30,155,415,470,UK06CB4595,OK
NL7,NL7.jpg,dataset\NumberPlate_Annotated_Dataset-main\Images\NL7.jpg,NL7.xml,dataset\NumberPlate_Annotated_Dataset-main\Labels\NL7.xml,NL01T8152,NL,272,272,3,96,166,233,249,NL01T8152,OK
BR6,BR6.jpg,dataset\NumberPlate_Annotated_Dataset-main\Images\BR6.jpg,BR6.xml,dataset\NumberPlate_Annotated_Dataset-main\Labels\BR6.xml,BR7P3952,BR,272,592,3,122,207,244,265,BR7P3952,OK
MN2,MN2.jpg,dataset\NumberPlate_Annotated_Dataset-main\Images\MN2.jpg,MN2.xml,dataset\NumberPlate_Annotated_Dataset-main\Labels\MN2.xml,MN05A6028,MN,271,322,3,109,174,256,270,MN05A6028,OK
SK11,SK11.jpg,dataset\NumberPlate_Annotated_Dataset-main\Images\SK11.jpg,SK11.xml,dataset\NumberPlate_Annotated_Dataset-main\Labels\SK11.xml,SK02P1078,SK,272,363,3,90,161,293,308,SK02P1078,OK
GA4,GA4.jpg,dataset\NumberPlate_Annotated_Dataset-main\Images\GA4.jpg,GA4.xml,dataset\NumberPlate_Annotated_Dataset-main\Labels\GA4.xml,GA01C2098,GA,272,363,3,119,227,252,307,GA01C2098,OK
PY18,PY18.jpg,dataset\NumberPlate_Annotated_Dataset-main\Images\PY18.jpg,PY18.xml,dataset\NumberPlate_Annotated_Dataset-main\Labels\PY18.xml,PY02L4602,PY,272,363,3,96,161,217,234,PY02L4602,OK
DL32,DL32.jpg,dataset\NumberPlate_Annotated_Dataset-main\Images\DL32.jpg,DL32.xml,dataset\NumberPlate_Annotated_Dataset-main\Labels\DL32.xml,DL2CAR0108,DL,272,363,3,114,167,151,164,DL2CAR0108,OK
UP24,UP24.jpg,dataset\NumberPlate_Annotated_Dataset-main\Images\UP24.jpg,UP24.xml,dataset\NumberPlate_Annotated_Dataset-main\Labels\UP24.xml,UP27Z7322,UP,272,363,3,76,161,254,273,UP27Z7322,OK
UK8,UK8.jpg,dataset\NumberPlate_Annotated_Dataset-main\Images\UK8.jpg,UK8.xml,dataset\NumberPlate_Annotated_Dataset-main\Labels\UK8.xml,UK07BK5014,UK,272,363,3,95,169,213,229,UK07BK5014,OK
MH2,MH2.jpg,dataset\NumberPlate_Annotated_Dataset-main\Images\MH2.jpg,MH2.xml,dataset\NumberPlate_Annotated_Dataset-main\Labels\MH2.xml,MH48AK2798,MH,209,191,3,93,157,165,179,MH48AK2798,OK
OD13,OD13.jpg,dataset\NumberPlate_Annotated_Dataset-main\Images\OD13.jpg,OD13.xml,dataset\NumberPlate_Annotated_Dataset-main\Labels\OD13.xml,OD052323,OD,272,129,3,97,156,95,110,OD052323,OK
ML24,ML24.jpg,dataset\NumberPlate_Annotated_Dataset-main\Images\ML24.jpg,ML24.xml,dataset\NumberPlate_Annotated_Dataset-main\Labels\ML24.xml,ML0563550,ML,271,182,3,109,163,116,130,ML0563550,OK
KL4,KL4.jpg,dataset\NumberPlate_Annotated_Dataset-main\Images\KL4.jpg,KL4.xml,dataset\NumberPlate_Annotated_Dataset-main\Labels\KL4.xml,KL27D9809,KL,272,363,3,86,161,232,248,KL27D9809,OK
MH22,MH22.jpg,dataset\NumberPlate_Annotated_Dataset-main\Images\MH22.jpg,MH22.xml,dataset\NumberPlate_Annotated_Dataset-main\Labels\MH22.xml,MH05CH1754,MH,272,127,3,106,150,83,93,MH05CH1754,OK
ML23,ML23.jpg,dataset\NumberPlate_Annotated_Dataset-main\Images\ML23.jpg,ML23.xml,dataset\NumberPlate_Annotated_Dataset-main\Labels\ML23.xml,ML05R1934,ML,272,323,3,83,180,201,222,ML05R1934,OK
JK24,JK24.jpg,dataset\NumberPlate_Annotated_Dataset-main\Images\JK24.jpg,JK24.xml,dataset\NumberPlate_Annotated_Dataset-main\Labels\JK24.xml,JK02BN3088,JK,272,363,3,105,179,242,257,JK02BN3088,OK
TS5,TS5.jpg,dataset\NumberPlate_Annotated_Dataset-main\Images\TS5.jpg,TS5.xml,dataset\NumberPlate_Annotated_Dataset-main\Labels\TS5.xml,TS09EA4088,TS,272,363,3,106,173,232,246,TS09EA4088,OK
AP4,AP4.jpg,dataset\NumberPlate_Annotated_Dataset-main\Images\AP4.jpg,AP4.xml,dataset\NumberPlate_Annotated_Dataset-main\Labels\AP4.xml,AP39HZ0087,AP,272,205,3,111,171,138,150,AP39HZ0087,OK
OD19,OD19.jpg,dataset\NumberPlate_Annotated_Dataset-main\Images\OD19.jpg,OD19.xml,dataset\NumberPlate_Annotated_Dataset-main\Labels\OD19.xml,OD11P6123,OD,272,204,3,99,165,130,148,OD11P6123,OK
KA17,KA17.jpg,dataset\NumberPlate_Annotated_Dataset-main\Images\KA17.jpg,KA17.xml,dataset\NumberPlate_Annotated_Dataset-main\Labels\KA17.xml,KA01MG1660,KA,272,327,3,116,182,231,246,KA01MG1660,OK
UK1,UK1.jpg,dataset\NumberPlate_Annotated_Dataset-main\Images\UK1.jpg,UK1.xml,dataset\NumberPlate_Annotated_Dataset-main\Labels\UK1.xml,UK08W2276,UK,272,363,3,91,167,217,236,UK08W2276,OK
GJ20,GJ20.jpg,dataset\NumberPlate_Annotated_Dataset-main\Images\GJ20.jpg,GJ20.xml,dataset\NumberPlate_Annotated_Dataset-main\Labels\GJ20.xml,GJ01RK2430,GJ,272,181,3,122,182,123,138,GJ01RK2430,OK
WB28,WB28.jpg,dataset\NumberPlate_Annotated_Dataset-main\Images\WB28.jpg,WB28.xml,dataset\NumberPlate_Annotated_Dataset-main\Labels\WB28.xml,WB02AM8548,WB,272,363,3,85,180,305,326,WB02AM8548,OK
AP46,AP46.jpg,dataset\NumberPlate_Annotated_Dataset-main\Images\AP46.jpg,AP46.xml,dataset\NumberPlate_Annotated_Dataset-main\Labels\AP46.xml,AP31CS2511,AP,272,411,3,74,180,262,287,AP31CS2511,OK
MN6,MN6.jpg,dataset\NumberPlate_Annotated_Dataset-main\Images\MN6.jpg,MN6.xml,dataset\NumberPlate_Annotated_Dataset-main\Labels\MN6.xml,MN01K5346,MN,272,363,3,85,157,243,261,MN01K5346,OK
AS18,AS18.jpg,dataset\NumberPlate_Annotated_Dataset-main\Images\AS18.jpg,AS18.xml,dataset\NumberPlate_Annotated_Dataset-main\Labels\AS18.xml,AS04P4549,AS,272,370,3,95,148,219,233,AS04P4549,OK
BR4,BR4.jpg,dataset\NumberPlate_Annotated_Dataset-main\Images\BR4.jpg,BR4.xml,dataset\NumberPlate_Annotated_Dataset-main\Labels\BR4.xml,BR06U2470,BR,272,605,3,37,134,322,351,BR06U2470,OK
OD25,OD25.jpg,dataset\NumberPlate_Annotated_Dataset-main\Images\OD25.jpg,OD25.xml,dataset\NumberPlate_Annotated_Dataset-main\Labels\OD25.xml,OD02AP3010,OD,272,363,3,89,184,279,297,OD02AP3010,OK
HP13,HP13.jpg,dataset\NumberPlate_Annotated_Dataset-main\Images\HP13.jpg,HP13.xml,dataset\NumberPlate_Annotated_Dataset-main\Labels\HP13.xml,HP34C8986,HP,272,590,3,54,185,354,385,HP34C8986,OK
KA3,KA3.jpg,dataset\NumberPlate_Annotated_Dataset-main\Images\KA3.jpg,KA3.xml,dataset\NumberPlate_Annotated_Dataset-main\Labels\KA3.xml,KA06C9590,KA,270,447,3,70,144,236,261,KA06C9590,OK
TN2,TN2.jpg,dataset\NumberPlate_Annotated_Dataset-main\Images\TN2.jpg,TN2.xml,dataset\NumberPlate_Annotated_Dataset-main\Labels\TN2.xml,TN76V1978,TN,272,484,3,101,171,283,299,TN76V1978,OK
AP21,AP21.jpg,dataset\NumberPlate_Annotated_Dataset-main\Images\AP21.jpg,AP21.xml,dataset\NumberPlate_Annotated_Dataset-main\Labels\AP21.xml,AP31AT5064,AP,272,173,3,120,229,99,129,AP31AT5064,OK
MP10,MP10.jpg,dataset\NumberPlate_Annotated_Dataset-main\Images\MP10.jpg,MP10.xml,dataset\NumberPlate_Annotated_Dataset-main\Labels\MP10.xml,MP08CA6293,MP,272,363,3,95,184,265,284,MP08CA6293,OK
WB1,WB1.jpg,dataset\NumberPlate_Annotated_Dataset-main\Images\WB1.jpg,WB1.xml,dataset\NumberPlate_Annotated_Dataset-main\Labels\WB1.xml,WB26T6688,WB,272,245,3,159,223,111,142,WB26T6688,OK
MH20,MH20.jpg,dataset\NumberPlate_Annotated_Dataset-main\Images\MH20.jpg,MH20.xml,dataset\NumberPlate_Annotated_Dataset-main\Labels\MH20.xml,MH12KJ7659,MH,272,300,3,101,179,233,249,MH12KJ7659,OK
GA3,GA3.jpg,dataset\NumberPlate_Annotated_Dataset-main\Images\GA3.jpg,GA3.xml,dataset\NumberPlate_Annotated_Dataset-main\Labels\GA3.xml,GA01S5594,GA,272,363,3,106,164,274,287,GA01S5594,OK
WB25,WB25.jpg,dataset\NumberPlate_Annotated_Dataset-main\Images\WB25.jpg,WB25.xml,dataset\NumberPlate_Annotated_Dataset-main\Labels\WB25.xml,WB06H2237,WB,272,172,3,17,64,116,139,WB06H2237,OK
DL12,DL12.jpg,dataset\NumberPlate_Annotated_Dataset-main\Images\DL12.jpg,DL12.xml,dataset\NumberPlate_Annotated_Dataset-main\Labels\DL12.xml,DL5CH7599,DL,272,363,3,101,185,229,251,DL5CH7599,OK
ML8,ML8.jpg,dataset\NumberPlate_Annotated_Dataset-main\Images\ML8.jpg,ML8.xml,dataset\NumberPlate_Annotated_Dataset-main\Labels\ML8.xml,ML087084,ML,272,363,3,189,260,233,274,ML087084,OK
UP3,UP3.jpg,dataset\NumberPlate_Annotated_Dataset-main\Images\UP3.jpg,UP3.xml,dataset\NumberPlate_Annotated_Dataset-main\Labels\UP3.xml,UP80FA1666,UP,272,363,3,91,174,145,165,UP80FA1666,OK
TN6,TN6.jpg,dataset\NumberPlate_Annotated_Dataset-main\Images\TN6.jpg,TN6.xml,dataset\NumberPlate_Annotated_Dataset-main\Labels\TN6.xml,TN19F0816,TN,271,170,3,99,191,88,110,TN19F0816,OK
RJ7,RJ7.jpg,dataset\NumberPlate_Annotated_Dataset-main\Images\RJ7.jpg,RJ7.xml,dataset\NumberPlate_Annotated_Dataset-main\Labels\RJ7.xml,RJ23CB4320,RJ,272,363,3,89,183,255,277,RJ23CB4320,OK
UP12,UP12.jpg,dataset\NumberPlate_Annotated_Dataset-main\Images\UP12.jpg,UP12.xml,dataset\NumberPlate_Annotated_Dataset-main\Labels\UP12.xml,UP14CV7920,UP,272,574,3,101,175,286,303,UP14CV7920,OK
WB5,WB5.jpg,dataset\NumberPlate_Annotated_Dataset-main\Images\WB5.jpg,WB5.xml,dataset\NumberPlate_Annotated_Dataset-main\Labels\WB5.xml,WB06G4120,WB,272,363,3,105,187,256,280,WB06G4120,OK
AP27,AP27.jpg,dataset\NumberPlate_Annotated_Dataset-main\Images\AP27.jpg,AP27.xml,dataset\NumberPlate_Annotated_Dataset-main\Labels\AP27.xml,AP31EF1155,AP,272,363,3,98,174,197,216,AP31EF1155,OK
JH12,JH12.jpg,dataset\NumberPlate_Annotated_Dataset-main\Images\JH12.jpg,JH12.xml,dataset\NumberPlate_Annotated_Dataset-main\Labels\JH12.xml,JH01AX5392,JH,272,604,3,78,165,306,332,JH01AX5392,OK
AP30,AP30.jpg,dataset\NumberPlate_Annotated_Dataset-main\Images\AP30.jpg,AP30.xml,dataset\NumberPlate_Annotated_Dataset-main\Labels\AP30.xml,AP31DT9378,AP,272,483,3,90,173,276,292,AP31DT9378,OK
AS14,AS14.jpg,dataset\NumberPlate_Annotated_Dataset-main\Images\AS14.jpg,AS14.xml,dataset\NumberPlate_Annotated_Dataset-main\Labels\AS14.xml,AS018P2415,AS,133,204,3,42,91,159,170,AS018P2415,OK
PB5,PB5.jpg,dataset\NumberPlate_Annotated_Dataset-main\Images\PB5.jpg,PB5.xml,dataset\NumberPlate_Annotated_Dataset-main\Labels\PB5.xml,PB2313752,PB,268,314,3,37,79,216,231,PB2313752,OK
AS23,AS23.jpg,dataset\NumberPlate_Annotated_Dataset-main\Images\AS23.jpg,AS23.xml,dataset\NumberPlate_Annotated_Dataset-main\Labels\AS23.xml,AS19D9919,AS,272,153,3,81,179,76,102,AS19D9919,OK
AP42,AP42.jpg,dataset\NumberPlate_Annotated_Dataset-main\Images\AP42.jpg,AP42.xml,dataset\NumberPlate_Annotated_Dataset-main\Labels\AP42.xml,AP31TV6847,AP,272,204,3,115,184,94,110,AP31TV6847,OK
SK7,SK7.jpg,dataset\NumberPlate_Annotated_Dataset-main\Images\SK7.jpg,SK7.xml,dataset\NumberPlate_Annotated_Dataset-main\Labels\SK7.xml,SK02P3471,SK,272,363,3,68,129,245,274,SK02P3471,OK
DL2,DL2.jpg,dataset\NumberPlate_Annotated_Dataset-main\Images\DL2.jpg,DL2.xml,dataset\NumberPlate_Annotated_Dataset-main\Labels\DL2.xml,DL6CR7002,DL,272,204,3,96,171,114,131,DL6CR7002,OK
PY3,PY3.jpg,dataset\NumberPlate_Annotated_Dataset-main\Images\PY3.jpg,PY3.xml,dataset\NumberPlate_Annotated_Dataset-main\Labels\PY3.xml,PY01CM5400,PY,272,484,3,87,168,244,264,PY01CM5400,OK
NL6,NL6.jpg,dataset\NumberPlate_Annotated_Dataset-main\Images\NL6.jpg,NL6.xml,dataset\NumberPlate_Annotated_Dataset-main\Labels\NL6.xml,NL02C9593,NL,272,363,3,213,261,245,264,NL02C9593,OK
BR12,BR12.jpg,dataset\NumberPlate_Annotated_Dataset-main\Images\BR12.jpg,BR12.xml,dataset\NumberPlate_Annotated_Dataset-main\Labels\BR12.xml,BR03PA3803,BR,272,153,3,106,154,130,141,BR03PA3803,OK
KL16,KL16.jpg,dataset\NumberPlate_Annotated_Dataset-main\Images\KL16.jpg,KL16.xml,dataset\NumberPlate_Annotated_Dataset-main\Labels\KL16.xml,KL43D4444,KL,272,363,3,95,179,222,242,KL43D4444,OK
JH8,JH8.jpg,dataset\NumberPlate_Annotated_Dataset-main\Images\JH8.jpg,JH8.xml,dataset\NumberPlate_Annotated_Dataset-main\Labels\JH8.xml,JH04C7104,JH,272,482,3,102,173,267,281,JH04C7104,OK
DL31,DL31.jpg,dataset\NumberPlate_Annotated_Dataset-main\Images\DL31.jpg,DL31.xml,dataset\NumberPlate_Annotated_Dataset-main\Labels\DL31.xml,DL8CNA1596,DL,272,363,3,202,248,226,245,DL8CNA1596,OK
AS15,AS15.jpg,dataset\NumberPlate_Annotated_Dataset-main\Images\AS15.jpg,AS15.xml,dataset\NumberPlate_Annotated_Dataset-main\Labels\AS15.xml,AS01BF9673,AS,272,336,3,86,177,274,293,AS01BF9673,OK
PY1,PY1.jpg,dataset\NumberPlate_Annotated_Dataset-main\Images\PY1.jpg,PY1.xml,dataset\NumberPlate_Annotated_Dataset-main\Labels\PY1.xml,PY01Q7947,PY,272,363,3,97,172,282,299,PY01Q7947,OK
JK9,JK9.jpg,dataset\NumberPlate_Annotated_Dataset-main\Images\JK9.jpg,JK9.xml,dataset\NumberPlate_Annotated_Dataset-main\Labels\JK9.xml,JK02CD0461,JK,266,332,3,79,159,221,240,JK02CD0461,OK
GJ6,GJ6.jpg,dataset\NumberPlate_Annotated_Dataset-main\Images\GJ6.jpg,GJ6.xml,dataset\NumberPlate_Annotated_Dataset-main\Labels\GJ6.xml,GJ06FK2977,GJ,272,204,3,95,177,150,168,GJ06FK2977,OK
SK9,SK9.jpg,dataset\NumberPlate_Annotated_Dataset-main\Images\SK9.jpg,SK9.xml,dataset\NumberPlate_Annotated_Dataset-main\Labels\SK9.xml,SK01T8791,SK,272,363,3,96,190,306,326,SK01T8791,OK
OD15,OD15.jpg,dataset\NumberPlate_Annotated_Dataset-main\Images\OD15.jpg,OD15.xml,dataset\NumberPlate_Annotated_Dataset-main\Labels\OD15.xml,OD05Y5787,OD,268,109,3,110,171,56,72,OD05Y5787,OK
MP2,MP2.jpg,dataset\NumberPlate_Annotated_Dataset-main\Images\MP2.jpg,MP2.xml,dataset\NumberPlate_Annotated_Dataset-main\Labels\MP2.xml,MP04CL8840,MP,207,153,3,39,99,126,142,MP04CL8840,OK
AR9,AR9.jpg,dataset\NumberPlate_Annotated_Dataset-main\Images\AR9.jpg,AR9.xml,dataset\NumberPlate_Annotated_Dataset-main\Labels\AR9.xml,AR01E1034,AR,272,363,3,99,188,267,286,AR01E1034,OK
UP11,UP11.jpg,dataset\NumberPlate_Annotated_Dataset-main\Images\UP11.jpg,UP11.xml,dataset\NumberPlate_Annotated_Dataset-main\Labels\UP11.xml,UP53AK1161,UP,272,363,3,92,169,260,275,UP53AK1161,OK
GJ15,GJ15.jpg,dataset\NumberPlate_Annotated_Dataset-main\Images\GJ15.jpg,GJ15.xml,dataset\NumberPlate_Annotated_Dataset-main\Labels\GJ15.xml,GJ01HS1902,GJ,272,204,3,104,164,148,163,GJ01HS1902,OK
JH18,JH18.jpg,dataset\NumberPlate_Annotated_Dataset-main\Images\JH18.jpg,JH18.xml,dataset\NumberPlate_Annotated_Dataset-main\Labels\JH18.xml,JH05S3291,JH,272,363,3,121,169,278,293,JH05S3291,OK
MH8,MH8.jpg,dataset\NumberPlate_Annotated_Dataset-main\Images\MH8.jpg,MH8.xml,dataset\NumberPlate_Annotated_Dataset-main\Labels\MH8.xml,MH02DN7410,MH,272,204,3,103,172,151,172,MH02DN7410,OK
TS11,TS11.jpg,dataset\NumberPlate_Annotated_Dataset-main\Images\TS11.jpg,TS11.xml,dataset\NumberPlate_Annotated_Dataset-main\Labels\TS11.xml,TS08FZ8298,TS,271,326,3,135,197,223,248,TS08FZ8298,OK
JK12,JK12.jpg,dataset\NumberPlate_Annotated_Dataset-main\Images\JK12.jpg,JK12.xml,dataset\NumberPlate_Annotated_Dataset-main\Labels\JK12.xml,JK01AD3147,JK,268,328,3,106,180,241,259,JK01AD3147,OK
PY16,PY16.jpg,dataset\NumberPlate_Annotated_Dataset-main\Images\PY16.jpg,PY16.xml,dataset\NumberPlate_Annotated_Dataset-main\Labels\PY16.xml,PY01BU2406,PY,272,204,3,103,168,164,178,PY01BU2406,OK
AP25,AP25.jpg,dataset\NumberPlate_Annotated_Dataset-main\Images\AP25.jpg,AP25.xml,dataset\NumberPlate_Annotated_Dataset-main\Labels\AP25.xml,AP26AM1260,AP,272,363,3,90,173,250,267,AP26AM1260,OK
AP34,AP34.jpg,dataset\NumberPlate_Annotated_Dataset-main\Images\AP34.jpg,AP34.xml,dataset\NumberPlate_Annotated_Dataset-main\Labels\AP34.xml,AP37EJ2277,AP,267,94,3,98,183,7,22,AP37EJ2277,OK
CH2,CH2.jpg,dataset\NumberPlate_Annotated_Dataset-main\Images\CH2.jpg,CH2.xml,dataset\NumberPlate_Annotated_Dataset-main\Labels\CH2.xml,CH01BL3528,CH,272,204,3,109,189,140,160,CH01BL3528,OK
CH10,CH10.jpg,dataset\NumberPlate_Annotated_Dataset-main\Images\CH10.jpg,CH10.xml,dataset\NumberPlate_Annotated_Dataset-main\Labels\CH10.xml,CH01AB4559,CH,272,503,3,81,175,301,321,CH01AB4559,OK
RJ10,RJ10.jpg,dataset\NumberPlate_Annotated_Dataset-main\Images\RJ10.jpg,RJ10.xml,dataset\NumberPlate_Annotated_Dataset-main\Labels\RJ10.xml,RJ14CM3730,RJ,272,363,3,98,175,277,295,RJ14CM3730,OK
JH13,JH13.jpg,dataset\NumberPlate_Annotated_Dataset-main\Images\JH13.jpg,JH13.xml,dataset\NumberPlate_Annotated_Dataset-main\Labels\JH13.xml,JH01AM2354,JH,270,332,3,108,181,231,247,JH01AM2354,OK
KA10,KA10.jpg,dataset\NumberPlate_Annotated_Dataset-main\Images\KA10.jpg,KA10.xml,dataset\NumberPlate_Annotated_Dataset-main\Labels\KA10.xml,KA04MG7528,KA,272,250,3,98,172,165,184,KA04MG7528,OK
AS24,AS24.jpg,dataset\NumberPlate_Annotated_Dataset-main\Images\AS24.jpg,AS24.xml,dataset\NumberPlate_Annotated_Dataset-main\Labels\AS24.xml,AS23G2612,AS,272,539,3,90,183,343,366,AS23G2612,OK
GA2,GA2.jpg,dataset\NumberPlate_Annotated_Dataset-main\Images\GA2.jpg,GA2.xml,dataset\NumberPlate_Annotated_Dataset-main\Labels\GA2.xml,GA08M0184,GA,272,590,3,99,200,299,328,GA08M0184,OK
AN5,AN5.jpg,dataset\NumberPlate_Annotated_Dataset-main\Images\AN5.jpg,AN5.xml,dataset\NumberPlate_Annotated_Dataset-main\Labels\AN5.xml,AN01L6155,AN,272,342,3,150,205,244,256,AN01L6155,OK
OD10,OD10.jpg,dataset\NumberPlate_Annotated_Dataset-main\Images\OD10.jpg,OD10.xml,dataset\NumberPlate_Annotated_Dataset-main\Labels\OD10.xml,OD05K6964,OD,272,363,3,91,181,244,262,OD05K6964,OK
ML14,ML14.jpg,dataset\NumberPlate_Annotated_Dataset-main\Images\ML14.jpg,ML14.xml,dataset\NumberPlate_Annotated_Dataset-main\Labels\ML14.xml,ML10B9308,ML,272,369,3,135,205,17,37,ML10B9308,OK
AP15,AP15.jpg,dataset\NumberPlate_Annotated_Dataset-main\Images\AP15.jpg,AP15.xml,dataset\NumberPlate_Annotated_Dataset-main\Labels\AP15.xml,AP28AT5333,AP,272,363,3,93,203,240,260,AP28AT5333,OK
TS16,TS16.jpg,dataset\NumberPlate_Annotated_Dataset-main\Images\TS16.jpg,TS16.xml,dataset\NumberPlate_Annotated_Dataset-main\Labels\TS16.xml,TS07HM2684,TS,272,577,3,9,92,318,417,TS07HM2684,OK
JH9,JH9.jpg,dataset\NumberPlate_Annotated_Dataset-main\Images\JH9.jpg,JH9.xml,dataset\NumberPlate_Annotated_Dataset-main\Labels\JH9.xml,JH01BU9956,JH,272,153,3,114,169,140,153,JH01BU9956,OK
WB3,WB3.jpg,dataset\NumberPlate_Annotated_Dataset-main\Images\WB3.jpg,WB3.xml,dataset\NumberPlate_Annotated_Dataset-main\Labels\WB3.xml,WB70G3763,WB,272,204,3,94,171,146,163,WB70G3763,OK
AP10,AP10.jpg,dataset\NumberPlate_Annotated_Dataset-main\Images\AP10.jpg,AP10.xml,dataset\NumberPlate_Annotated_Dataset-main\Labels\AP10.xml,AP39E1493,AP,272,423,3,111,188,267,284,AP39E1493,OK
JK18,JK18.jpg,dataset\NumberPlate_Annotated_Dataset-main\Images\JK18.jpg,JK18.xml,dataset\NumberPlate_Annotated_Dataset-main\Labels\JK18.xml,JK1182360,JK,272,604,3,96,164,359,377,JK1182360,OK
CH5,CH5.jpg,dataset\NumberPlate_Annotated_Dataset-main\Images\CH5.jpg,CH5.xml,dataset\NumberPlate_Annotated_Dataset-main\Labels\CH5.xml,CH01AP4538,CH,272,204,3,112,178,171,185,CH01AP4538,OK
UK4,UK4.jpg,dataset\NumberPlate_Annotated_Dataset-main\Images\UK4.jpg,UK4.xml,dataset\NumberPlate_Annotated_Dataset-main\Labels\UK4.xml,UP23K0008,UP,272,606,3,89,180,348,368,UP23K0008,OK
LA1,LA1.jpg,dataset\NumberPlate_Annotated_Dataset-main\Images\LA1.jpg,LA1.xml,dataset\NumberPlate_Annotated_Dataset-main\Labels\LA1.xml,LA020749,LA,272,363,3,79,144,183,203,LA020749,OK
TS13,TS13.jpg,dataset\NumberPlate_Annotated_Dataset-main\Images\TS13.jpg,TS13.xml,dataset\NumberPlate_Annotated_Dataset-main\Labels\TS13.xml,TS15ES0894,TS,272,363,3,88,198,233,261,TS15ES0894,OK
DL34,DL34.jpg,dataset\NumberPlate_Annotated_Dataset-main\Images\DL34.jpg,DL34.xml,dataset\NumberPlate_Annotated_Dataset-main\Labels\DL34.xml,DL8CNA5085,DL,272,188,3,159,213,144,173,DL8CNA5085,OK
