vehicle_id,registration_number,state_code,vehicle_type,commercial_vehicle,manufacturer,model,registered_colour,operator,permit_status,permit_expiry,fitness_status,fitness_expiry,insurance_status,insurance_expiry,puc_status,puc_expiry,fastag_id,fastag_status,registry_status,chassis_reference,engine_reference,source_image_id,source_image_path,data_source
VH-000001,WB06J2192,WB,Bike,NO,Bajaj,Pulsar,Grey,Tamil Fleet Services,VALID,2028-03-23,EXPIRED,2026-04-14,VALID,2027-07-14,EXPIRED,2026-09-19,FT-000001,ACTIVE,ACTIVE,CHASSIS-SYN-000001,ENGINE-SYN-000001,WB18,dataset\NumberPlate_Annotated_Dataset-main\Images\WB18.jpg,SYNTHETIC_PROTOTYPE
VH-000002,TR01BG0365,TR,Bike,NO,Bajaj,Pulsar,White,GreenLine Transport,VALID,2027-03-26,VALID,2028-04-08,VALID,2027-07-25,VALID,2027-02-03,FT-000002,ACTIVE,ACTIVE,CHASSIS-SYN-000002,ENGINE-SYN-000002,TR6,dataset\NumberPlate_Annotated_Dataset-main\Images\TR6.jpg,SYNTHETIC_PROTOTYPE
VH-000003,AS01AM1419,AS,Truck,YES,Ashok Leyland,AVTR,White,National Route Logistics,VALID,2029-02-04,VALID,2027-02-20,VALID,2027-07-03,VALID,2026-11-26,FT-000003,ACTIVE,ACTIVE,CHASSIS-SYN-000003,ENGINE-SYN-000003,AS8,dataset\NumberPlate_Annotated_Dataset-main\Images\AS8.jpg,SYNTHETIC_PROTOTYPE
VH-000004,HP40B8992,HP,Car,NO,Maruti,Ertiga,Black,Sri Lakshmi Logistics,VALID,2029-03-10,VALID,2027-04-23,VALID,2026-12-30,VALID,2027-01-08,FT-000004,ACTIVE,ACTIVE,CHASSIS-SYN-000004,ENGINE-SYN-000004,HP21,dataset\NumberPlate_Annotated_Dataset-main\Images\HP21.jpg,SYNTHETIC_PROTOTYPE
VH-000005,PB02CC7299,PB,Car,NO,Maruti,Ertiga,White,Chennai Cargo,VALID,2028-05-04,VALID,2027-10-15,VALID,2027-04-10,VALID,2027-07-18,FT-000005,ACTIVE,ACTIVE,CHASSIS-SYN-000005,ENGINE-SYN-000005,PB23,dataset\NumberPlate_Annotated_Dataset-main\Images\PB23.jpg,SYNTHETIC_PROTOTYPE
VH-000006,MH12HN4507,MH,Truck,YES,Tata,Prima,Yellow,Sri Lakshmi Logistics,VALID,2028-09-12,VALID,2027-03-07,VALID,2027-07-10,VALID,2027-02-06,FT-000006,ACTIVE,ACTIVE,CHASSIS-SYN-000006,ENGINE-SYN-000006,MH18,dataset\NumberPlate_Annotated_Dataset-main\Images\MH18.jpg,SYNTHETIC_PROTOTYPE
VH-000007,PB30L5010,PB,Truck,YES,Ashok Leyland,AVTR,White,Sri Lakshmi Logistics,VALID,2026-11-28,VALID,2028-02-17,VALID,2026-11-22,VALID,2026-12-15,FT-000007,ACTIVE,ACTIVE,CHASSIS-SYN-000007,ENGINE-SYN-000007,PB15,dataset\NumberPlate_Annotated_Dataset-main\Images\PB15.jpg,SYNTHETIC_PROTOTYPE
VH-000008,TS08FQ1262,TS,Car,NO,Maruti,Ertiga,Silver,Tamil Fleet Services,VALID,2026-11-27,VALID,2028-09-16,VALID,2026-12-12,EXPIRED,2026-07-10,FT-000008,INACTIVE,ACTIVE,CHASSIS-SYN-000008,ENGINE-SYN-000008,TS1,dataset\NumberPlate_Annotated_Dataset-main\Images\TS1.jpg,SYNTHETIC_PROTOTYPE
VH-000009,TS36H6578,TS,Bike,NO,Bajaj,Pulsar,White,National Route Logistics,VALID,2028-02-09,VALID,2028-07-31,VALID,2027-04-06,VALID,2027-09-19,FT-000009,ACTIVE,ACTIVE,CHASSIS-SYN-000009,ENGINE-SYN-000009,TS14,dataset\NumberPlate_Annotated_Dataset-main\Images\TS14.jpg,SYNTHETIC_PROTOTYPE
VH-000010,ML08C8061,ML,Bike,NO,Bajaj,Pulsar,Yellow,Coastal Commercials,VALID,2028-06-09,VALID,2028-01-08,VALID,2027-07-31,VALID,2027-03-12,FT-000010,BLACKLISTED,ACTIVE,CHASSIS-SYN-000010,ENGINE-SYN-000010,ML28,dataset\NumberPlate_Annotated_Dataset-main\Images\ML28.jpg,SYNTHETIC_PROTOTYPE
VH-000011,TS18T3899,TS,Bike,NO,Honda,Shine,Black,Apex Logistics,VALID,2028-04-26,VALID,2027-06-12,VALID,2027-02-10,VALID,2026-10-31,FT-000011,ACTIVE,ACTIVE,CHASSIS-SYN-000011,ENGINE-SYN-000011,TS6,dataset\NumberPlate_Annotated_Dataset-main\Images\TS6.jpg,SYNTHETIC_PROTOTYPE
VH-000012,ML05C5389,ML,Bike,NO,TVS,Apache,Yellow,Chennai Cargo,VALID,2027-03-18,VALID,2028-01-16,VALID,2027-07-19,VALID,2027-03-28,FT-000012,ACTIVE,ACTIVE,CHASSIS-SYN-000012,ENGINE-SYN-000012,ML30,dataset\NumberPlate_Annotated_Dataset-main\Images\ML30.jpg,SYNTHETIC_PROTOTYPE
VH-000013,HP3SG1539,HP,Mini Truck,YES,Mahindra,Bolero Pickup,Black,GreenLine Transport,VALID,2027-02-05,VALID,2027-10-26,VALID,2027-04-18,VALID,2027-02-22,FT-000013,ACTIVE,ACTIVE,CHASSIS-SYN-000013,ENGINE-SYN-000013,HP14,dataset\NumberPlate_Annotated_Dataset-main\Images\HP14.jpg,SYNTHETIC_PROTOTYPE
VH-000014,ML05F9854,ML,Bus,YES,Tata,Starbus,Grey,Coastal Commercials,VALID,2028-06-23,VALID,2028-04-01,VALID,2027-03-07,VALID,2027-05-07,FT-000014,ACTIVE,ACTIVE,CHASSIS-SYN-000014,ENGINE-SYN-000014,ML12,dataset\NumberPlate_Annotated_Dataset-main\Images\ML12.jpg,SYNTHETIC_PROTOTYPE
VH-000015,AR01J0123,AR,Truck,YES,Ashok Leyland,AVTR,Yellow,GreenLine Transport,VALID,2028-05-10,VALID,2028-01-26,VALID,2027-02-23,VALID,2026-10-27,FT-000015,ACTIVE,ACTIVE,CHASSIS-SYN-000015,ENGINE-SYN-000015,AR11,dataset\NumberPlate_Annotated_Dataset-main\Images\AR11.jpg,SYNTHETIC_PROTOTYPE
VH-000016,BR01AW1250,BR,Truck,YES,Ashok Leyland,AVTR,Grey,Chennai Cargo,VALID,2028-03-02,VALID,2028-01-10,EXPIRED,2026-07-23,VALID,2027-08-19,FT-000016,ACTIVE,ACTIVE,CHASSIS-SYN-000016,ENGINE-SYN-000016,BR9,dataset\NumberPlate_Annotated_Dataset-main\Images\BR9.jpg,SYNTHETIC_PROTOTYPE
VH-000017,PB04S4253,PB,Truck,YES,Tata,Prima,Silver,Kaveri Transport,EXPIRED,2026-01-23,VALID,2027-10-31,VALID,2027-01-22,VALID,2027-07-16,FT-000017,ACTIVE,ACTIVE,CHASSIS-SYN-000017,ENGINE-SYN-000017,PB2,dataset\NumberPlate_Annotated_Dataset-main\Images\PB2.jpg,SYNTHETIC_PROTOTYPE
VH-000018,JK02BF5058,JK,Truck,YES,Ashok Leyland,AVTR,White,Metro Transit,VALID,2028-08-07,VALID,2027-06-07,VALID,2027-04-08,VALID,2027-05-10,FT-000018,ACTIVE,ACTIVE,CHASSIS-SYN-000018,ENGINE-SYN-000018,JK1,dataset\NumberPlate_Annotated_Dataset-main\Images\JK1.jpg,SYNTHETIC_PROTOTYPE
VH-000019,PB04T0678,PB,Truck,YES,Tata,Prima,Yellow,Coastal Commercials,VALID,2028-07-31,VALID,2028-06-09,VALID,2027-03-07,VALID,2027-08-23,FT-000019,ACTIVE,ACTIVE,CHASSIS-SYN-000019,ENGINE-SYN-000019,PB26,dataset\NumberPlate_Annotated_Dataset-main\Images\PB26.jpg,SYNTHETIC_PROTOTYPE
VH-000020,ML05Q8790,ML,Bike,NO,Honda,Shine,Black,Coastal Commercials,VALID,2028-11-13,VALID,2027-06-05,VALID,2027-07-25,VALID,2027-05-01,FT-000020,ACTIVE,ACTIVE,CHASSIS-SYN-000020,ENGINE-SYN-000020,ML2,dataset\NumberPlate_Annotated_Dataset-main\Images\ML2.jpg,SYNTHETIC_PROTOTYPE
VH-000021,BR02AF7424,BR,Car,NO,Toyota,Innova,Black,Tamil Fleet Services,VALID,2027-11-28,VALID,2026-10-28,VALID,2027-05-05,VALID,2027-04-15,FT-000021,ACTIVE,ACTIVE,CHASSIS-SYN-000021,ENGINE-SYN-000021,BR11,dataset\NumberPlate_Annotated_Dataset-main\Images\BR11.jpg,SYNTHETIC_PROTOTYPE
VH-000022,CG08K2057,CG,Truck,YES,Tata,Prima,Black,Southern Freight,VALID,2028-08-05,VALID,2027-10-20,EXPIRED,2026-08-11,VALID,2027-05-01,FT-000022,ACTIVE,ACTIVE,CHASSIS-SYN-000022,ENGINE-SYN-000022,CG7,dataset\NumberPlate_Annotated_Dataset-main\Images\CG7.jpg,SYNTHETIC_PROTOTYPE
VH-000023,AR169723,AR,Truck,YES,Tata,Prima,White,Tamil Fleet Services,VALID,2027-09-12,VALID,2028-02-26,VALID,2027-05-30,VALID,2027-05-31,FT-000023,ACTIVE,ACTIVE,CHASSIS-SYN-000023,ENGINE-SYN-000023,AR3,dataset\NumberPlate_Annotated_Dataset-main\Images\AR3.jpg,SYNTHETIC_PROTOTYPE
VH-000024,KL41M93,KL,Car,NO,Toyota,Innova,Silver,Apex Logistics,VALID,2027-10-18,VALID,2028-06-08,VALID,2027-08-17,VALID,2027-02-24,FT-000024,ACTIVE,ACTIVE,CHASSIS-SYN-000024,ENGINE-SYN-000024,KL7,dataset\NumberPlate_Annotated_Dataset-main\Images\KL7.jpg,SYNTHETIC_PROTOTYPE
VH-000025,DL12CL2555,DL,Mini Truck,YES,Tata,407,Yellow,Southern Freight,VALID,2028-01-02,VALID,2027-08-29,VALID,2027-03-09,VALID,2027-02-20,FT-000025,ACTIVE,ACTIVE,CHASSIS-SYN-000025,ENGINE-SYN-000025,DL20,dataset\NumberPlate_Annotated_Dataset-main\Images\DL20.jpg,SYNTHETIC_PROTOTYPE
VH-000026,JH01AR2011,JH,Truck,YES,Ashok Leyland,AVTR,Red,Tamil Fleet Services,VALID,2028-04-06,VALID,2027-09-03,VALID,2027-01-31,EXPIRED,2026-08-24,FT-000026,ACTIVE,ACTIVE,CHASSIS-SYN-000026,ENGINE-SYN-000026,JH17,dataset\NumberPlate_Annotated_Dataset-main\Images\JH17.jpg,SYNTHETIC_PROTOTYPE
VH-000027,PY01CM9549,PY,Truck,YES,Tata,Prima,Silver,Metro Transit,VALID,2026-11-10,VALID,2028-07-24,VALID,2027-07-16,VALID,2026-12-14,FT-000027,ACTIVE,ACTIVE,CHASSIS-SYN-000027,ENGINE-SYN-000027,PY2,dataset\NumberPlate_Annotated_Dataset-main\Images\PY2.jpg,SYNTHETIC_PROTOTYPE
VH-000028,DL4CAQ3231,DL,Bike,NO,Honda,Shine,Black,Kaveri Transport,VALID,2028-06-10,VALID,2027-09-20,VALID,2027-06-17,VALID,2027-03-19,FT-000028,ACTIVE,ACTIVE,CHASSIS-SYN-000028,ENGINE-SYN-000028,DL38,dataset\NumberPlate_Annotated_Dataset-main\Images\DL38.jpg,SYNTHETIC_PROTOTYPE
VH-000029,JH08C0625,JH,Truck,YES,Tata,Prima,Yellow,Metro Transit,VALID,2028-02-16,VALID,2028-01-09,EXPIRED,2026-08-13,EXPIRED,2026-07-22,FT-000029,ACTIVE,ACTIVE,CHASSIS-SYN-000029,ENGINE-SYN-000029,JH15,dataset\NumberPlate_Annotated_Dataset-main\Images\JH15.jpg,SYNTHETIC_PROTOTYPE
VH-000030,CG251612,CG,Mini Truck,YES,Ashok Leyland,Dost,Silver,Coastal Commercials,VALID,2027-01-08,VALID,2027-09-21,VALID,2027-04-20,VALID,2027-02-15,FT-000030,ACTIVE,ACTIVE,CHASSIS-SYN-000030,ENGINE-SYN-000030,CG20,dataset\NumberPlate_Annotated_Dataset-main\Images\CG20.jpg,SYNTHETIC_PROTOTYPE
VH-000031,PY01CV2447,PY,Mini Truck,YES,Mahindra,Bolero Pickup,Grey,Metro Transit,VALID,2027-11-07,VALID,2027-12-22,VALID,2027-04-18,VALID,2027-04-09,FT-000031,ACTIVE,ACTIVE,CHASSIS-SYN-000031,ENGINE-SYN-000031,PY14,dataset\NumberPlate_Annotated_Dataset-main\Images\PY14.jpg,SYNTHETIC_PROTOTYPE
VH-000032,CG07CA7784,CG,Bike,NO,TVS,Apache,White,Tamil Fleet Services,VALID,2028-06-20,VALID,2027-10-15,EXPIRED,2026-09-19,VALID,2027-06-23,FT-000032,ACTIVE,ACTIVE,CHASSIS-SYN-000032,ENGINE-SYN-000032,CG18,dataset\NumberPlate_Annotated_Dataset-main\Images\CG18.jpg,SYNTHETIC_PROTOTYPE
VH-000033,OR21E1033,OR,Bike,NO,Bajaj,Pulsar,Yellow,Chennai Cargo,VALID,2029-02-10,VALID,2028-03-22,VALID,2027-03-30,VALID,2027-01-17,FT-000033,ACTIVE,ACTIVE,CHASSIS-SYN-000033,ENGINE-SYN-000033,OD23,dataset\NumberPlate_Annotated_Dataset-main\Images\OD23.jpg,SYNTHETIC_PROTOTYPE
VH-000034,AP310U7562,AP,Truck,YES,BharatBenz,3123R,Red,Southern Freight,VALID,2027-09-19,VALID,2027-01-23,VALID,2026-11-15,VALID,2027-02-23,FT-000034,ACTIVE,ACTIVE,CHASSIS-SYN-000034,ENGINE-SYN-000034,AP12,dataset\NumberPlate_Annotated_Dataset-main\Images\AP12.jpg,SYNTHETIC_PROTOTYPE
VH-000035,TN63BV7954,TN,Bike,NO,TVS,Apache,Black,Apex Logistics,VALID,2026-11-06,VALID,2027-03-19,VALID,2026-11-20,VALID,2027-04-06,FT-000035,ACTIVE,ACTIVE,CHASSIS-SYN-000035,ENGINE-SYN-000035,TN1,dataset\NumberPlate_Annotated_Dataset-main\Images\TN1.jpg,SYNTHETIC_PROTOTYPE
VH-000036,JK02BL1212,JK,Car,NO,Toyota,Innova,Yellow,Kaveri Transport,VALID,2027-09-08,VALID,2026-12-17,VALID,2027-05-01,VALID,2027-07-02,FT-000036,ACTIVE,ACTIVE,CHASSIS-SYN-000036,ENGINE-SYN-000036,JK3,dataset\NumberPlate_Annotated_Dataset-main\Images\JK3.jpg,SYNTHETIC_PROTOTYPE
VH-000037,TR01N0481,TR,Mini Truck,YES,Mahindra,Bolero Pickup,Blue,Coastal Commercials,VALID,2028-11-09,VALID,2028-08-24,VALID,2026-12-05,VALID,2027-02-19,FT-000037,BLACKLISTED,ACTIVE,CHASSIS-SYN-000037,ENGINE-SYN-000037,TR4,dataset\NumberPlate_Annotated_Dataset-main\Images\TR4.jpg,SYNTHETIC_PROTOTYPE
VH-000038,DL6CJ8404,DL,Truck,YES,BharatBenz,3123R,Black,Tamil Fleet Services,EXPIRED,2026-09-11,VALID,2028-06-12,VALID,2026-12-06,VALID,2026-12-25,FT-000038,ACTIVE,ACTIVE,CHASSIS-SYN-000038,ENGINE-SYN-000038,DL1,dataset\NumberPlate_Annotated_Dataset-main\Images\DL1.jpg,SYNTHETIC_PROTOTYPE
VH-000039,CH01BQ5604,CH,Truck,YES,BharatBenz,3123R,Silver,Southern Freight,VALID,2027-11-26,VALID,2027-02-20,VALID,2027-03-03,VALID,2027-09-14,FT-000039,ACTIVE,ACTIVE,CHASSIS-SYN-000039,ENGINE-SYN-000039,CH1,dataset\NumberPlate_Annotated_Dataset-main\Images\CH1.jpg,SYNTHETIC_PROTOTYPE
VH-000040,AP39GR3492,AP,Mini Truck,YES,Tata,407,Yellow,GreenLine Transport,VALID,2027-08-25,VALID,2027-08-12,VALID,2027-03-14,VALID,2027-09-17,FT-000040,ACTIVE,ACTIVE,CHASSIS-SYN-000040,ENGINE-SYN-000040,AP16,dataset\NumberPlate_Annotated_Dataset-main\Images\AP16.jpg,SYNTHETIC_PROTOTYPE
VH-000041,MN01G0297,MN,Truck,YES,Tata,Prima,White,Sri Lakshmi Logistics,VALID,2029-01-07,VALID,2028-09-21,VALID,2027-04-15,VALID,2027-04-29,FT-000041,ACTIVE,ACTIVE,CHASSIS-SYN-000041,ENGINE-SYN-000041,MN3,dataset\NumberPlate_Annotated_Dataset-main\Images\MN3.jpg,SYNTHETIC_PROTOTYPE
VH-000042,TR07D0569,TR,Mini Truck,YES,Mahindra,Bolero Pickup,Red,Metro Transit,VALID,2027-10-25,VALID,2028-06-07,VALID,2027-09-19,VALID,2027-08-28,FT-000042,ACTIVE,ACTIVE,CHASSIS-SYN-000042,ENGINE-SYN-000042,TR10,dataset\NumberPlate_Annotated_Dataset-main\Images\TR10.jpg,SYNTHETIC_PROTOTYPE
VH-000043,HP12H7917,HP,Car,NO,Toyota,Innova,Yellow,Coastal Commercials,VALID,2028-08-01,VALID,2027-08-07,VALID,2027-07-11,VALID,2027-04-07,FT-000043,BLACKLISTED,ACTIVE,CHASSIS-SYN-000043,ENGINE-SYN-000043,HP11,dataset\NumberPlate_Annotated_Dataset-main\Images\HP11.jpg,SYNTHETIC_PROTOTYPE
VH-000044,UK06J3953,UK,Mini Truck,YES,Ashok Leyland,Dost,Red,National Route Logistics,VALID,2027-08-06,VALID,2027-01-07,VALID,2027-02-14,VALID,2026-11-21,FT-000044,ACTIVE,ACTIVE,CHASSIS-SYN-000044,ENGINE-SYN-000044,UK9,dataset\NumberPlate_Annotated_Dataset-main\Images\UK9.jpg,SYNTHETIC_PROTOTYPE
VH-000045,DN09J1548,DN,Bike,NO,Honda,Shine,Grey,Metro Transit,VALID,2028-09-09,VALID,2026-11-25,VALID,2027-04-29,VALID,2027-01-10,FT-000045,ACTIVE,ACTIVE,CHASSIS-SYN-000045,ENGINE-SYN-000045,DN2,dataset\NumberPlate_Annotated_Dataset-main\Images\DN2.jpg,SYNTHETIC_PROTOTYPE
VH-000046,JH10S5378,JH,Mini Truck,YES,Tata,407,Grey,Kaveri Transport,VALID,2026-12-30,VALID,2028-05-27,VALID,2027-04-19,VALID,2026-12-26,FT-000046,ACTIVE,ACTIVE,CHASSIS-SYN-000046,ENGINE-SYN-000046,JH16,dataset\NumberPlate_Annotated_Dataset-main\Images\JH16.jpg,SYNTHETIC_PROTOTYPE
VH-000047,GJ18BK6705,GJ,Truck,YES,Tata,Prima,Silver,Tamil Fleet Services,VALID,2029-02-26,VALID,2027-10-31,VALID,2027-02-26,VALID,2027-04-08,FT-000047,ACTIVE,ACTIVE,CHASSIS-SYN-000047,ENGINE-SYN-000047,GJ27,dataset\NumberPlate_Annotated_Dataset-main\Images\GJ27.jpg,SYNTHETIC_PROTOTYPE
VH-000048,ML068346,ML,Bus,YES,Ashok Leyland,Viking,Black,Coastal Commercials,VALID,2027-02-11,VALID,2028-03-02,VALID,2027-03-20,VALID,2027-03-20,FT-000048,ACTIVE,ACTIVE,CHASSIS-SYN-000048,ENGINE-SYN-000048,ML26,dataset\NumberPlate_Annotated_Dataset-main\Images\ML26.jpg,SYNTHETIC_PROTOTYPE
VH-000049,AS01AL3746,AS,Truck,YES,Ashok Leyland,AVTR,Silver,Chennai Cargo,VALID,2029-01-26,VALID,2028-03-12,VALID,2027-02-06,VALID,2026-12-10,FT-000049,ACTIVE,ACTIVE,CHASSIS-SYN-000049,ENGINE-SYN-000049,AS16,dataset\NumberPlate_Annotated_Dataset-main\Images\AS16.jpg,SYNTHETIC_PROTOTYPE
VH-000050,ML05F6894,ML,Car,NO,Maruti,Ertiga,Silver,Sri Lakshmi Logistics,VALID,2028-11-10,VALID,2028-06-08,VALID,2027-04-08,VALID,2027-02-18,FT-000050,ACTIVE,ACTIVE,CHASSIS-SYN-000050,ENGINE-SYN-000050,ML1,dataset\NumberPlate_Annotated_Dataset-main\Images\ML1.jpg,SYNTHETIC_PROTOTYPE
VH-000051,SK01PA4521,SK,Car,NO,Hyundai,Aura,White,Chennai Cargo,VALID,2029-01-03,VALID,2028-05-26,VALID,2027-04-13,VALID,2026-11-03,FT-000051,ACTIVE,ACTIVE,CHASSIS-SYN-000051,ENGINE-SYN-000051,SK4,dataset\NumberPlate_Annotated_Dataset-main\Images\SK4.jpg,SYNTHETIC_PROTOTYPE
VH-000052,UP14AF3804,UP,Car,NO,Hyundai,Aura,Blue,Coastal Commercials,VALID,2027-06-17,VALID,2028-02-20,VALID,2027-05-07,VALID,2027-08-01,FT-000052,ACTIVE,ACTIVE,CHASSIS-SYN-000052,ENGINE-SYN-000052,UP29,dataset\NumberPlate_Annotated_Dataset-main\Images\UP29.jpg,SYNTHETIC_PROTOTYPE
VH-000053,UP11AY0646,UP,Car,NO,Toyota,Innova,Yellow,Tamil Fleet Services,VALID,2028-10-20,VALID,2027-11-05,VALID,2027-05-20,VALID,2027-02-18,FT-000053,ACTIVE,ACTIVE,CHASSIS-SYN-000053,ENGINE-SYN-000053,UP22,dataset\NumberPlate_Annotated_Dataset-main\Images\UP22.jpg,SYNTHETIC_PROTOTYPE
VH-000054,AP07AD5555,AP,Bike,NO,Bajaj,Pulsar,Red,Metro Transit,VALID,2027-12-27,EXPIRED,2026-06-06,VALID,2026-12-22,VALID,2027-04-29,FT-000054,ACTIVE,ACTIVE,CHASSIS-SYN-000054,ENGINE-SYN-000054,AP24,dataset\NumberPlate_Annotated_Dataset-main\Images\AP24.jpg,SYNTHETIC_PROTOTYPE
VH-000055,AR02A7116,AR,Truck,YES,BharatBenz,3123R,Black,Southern Freight,VALID,2027-04-03,VALID,2027-10-20,VALID,2027-04-29,VALID,2027-06-09,FT-000055,INACTIVE,ACTIVE,CHASSIS-SYN-000055,ENGINE-SYN-000055,AR7,dataset\NumberPlate_Annotated_Dataset-main\Images\AR7.jpg,SYNTHETIC_PROTOTYPE
VH-000056,WB02AH4655,WB,Bike,NO,TVS,Apache,Grey,Tamil Fleet Services,VALID,2027-07-05,VALID,2028-01-18,VALID,2027-03-19,VALID,2027-01-08,FT-000056,ACTIVE,ACTIVE,CHASSIS-SYN-000056,ENGINE-SYN-000056,WB6,dataset\NumberPlate_Annotated_Dataset-main\Images\WB6.jpg,SYNTHETIC_PROTOTYPE
VH-000057,UP14AX9754,UP,Bike,NO,Honda,Shine,White,Southern Freight,VALID,2027-07-24,VALID,2027-04-11,VALID,2027-07-04,VALID,2027-04-09,FT-000057,ACTIVE,ACTIVE,CHASSIS-SYN-000057,ENGINE-SYN-000057,UP26,dataset\NumberPlate_Annotated_Dataset-main\Images\UP26.jpg,SYNTHETIC_PROTOTYPE
VH-000058,BR32PA6558,BR,Truck,YES,BharatBenz,3123R,Black,Coastal Commercials,VALID,2027-07-12,VALID,2027-01-08,VALID,2027-09-06,VALID,2026-11-18,FT-000058,ACTIVE,ACTIVE,CHASSIS-SYN-000058,ENGINE-SYN-000058,BR10,dataset\NumberPlate_Annotated_Dataset-main\Images\BR10.jpg,SYNTHETIC_PROTOTYPE
VH-000059,PB10CK5005,PB,Car,NO,Toyota,Innova,Red,Sri Lakshmi Logistics,VALID,2027-05-16,VALID,2028-05-24,EXPIRED,2026-05-27,VALID,2027-04-21,FT-000059,ACTIVE,ACTIVE,CHASSIS-SYN-000059,ENGINE-SYN-000059,PB25,dataset\NumberPlate_Annotated_Dataset-main\Images\PB25.jpg,SYNTHETIC_PROTOTYPE
VH-000060,AP16DP7065,AP,Mini Truck,YES,Mahindra,Bolero Pickup,Grey,National Route Logistics,VALID,2027-01-29,VALID,2026-11-21,EXPIRED,2026-06-17,VALID,2027-08-30,FT-000060,ACTIVE,ACTIVE,CHASSIS-SYN-000060,ENGINE-SYN-000060,AP8,dataset\NumberPlate_Annotated_Dataset-main\Images\AP8.jpg,SYNTHETIC_PROTOTYPE
VH-000061,MP07CB8897,MP,Truck,YES,Tata,Prima,Yellow,Kaveri Transport,EXPIRED,2026-08-30,VALID,2026-12-17,VALID,2027-07-11,VALID,2027-05-26,FT-000061,INACTIVE,ACTIVE,CHASSIS-SYN-000061,ENGINE-SYN-000061,MP11,dataset\NumberPlate_Annotated_Dataset-main\Images\MP11.jpg,SYNTHETIC_PROTOTYPE
VH-000062,MH12GR862,MH,Bus,YES,Volvo,9400,Silver,GreenLine Transport,VALID,2028-03-16,VALID,2027-07-03,VALID,2026-10-28,VALID,2026-12-18,FT-000062,KYC_PENDING,ACTIVE,CHASSIS-SYN-000062,ENGINE-SYN-000062,MH16,dataset\NumberPlate_Annotated_Dataset-main\Images\MH16.jpg,SYNTHETIC_PROTOTYPE
VH-000063,JK03D7750,JK,Truck,YES,Ashok Leyland,AVTR,Black,GreenLine Transport,VALID,2026-10-22,VALID,2028-08-08,EXPIRED,2026-06-20,VALID,2027-09-10,FT-000063,INACTIVE,ACTIVE,CHASSIS-SYN-000063,ENGINE-SYN-000063,JK11,dataset\NumberPlate_Annotated_Dataset-main\Images\JK11.jpg,SYNTHETIC_PROTOTYPE
VH-000064,JH02AD2533,JH,Truck,YES,Ashok Leyland,AVTR,Grey,Coastal Commercials,VALID,2028-07-21,VALID,2027-10-27,VALID,2027-04-08,EXPIRED,2026-08-21,FT-000064,ACTIVE,ACTIVE,CHASSIS-SYN-000064,ENGINE-SYN-000064,JH10,dataset\NumberPlate_Annotated_Dataset-main\Images\JH10.jpg,SYNTHETIC_PROTOTYPE
VH-000065,AR01C5723,AR,Car,NO,Hyundai,Aura,Red,National Route Logistics,VALID,2028-07-03,VALID,2028-09-16,VALID,2026-12-29,EXPIRED,2026-08-08,FT-000065,ACTIVE,ACTIVE,CHASSIS-SYN-000065,ENGINE-SYN-000065,AR4,dataset\NumberPlate_Annotated_Dataset-main\Images\AR4.jpg,SYNTHETIC_PROTOTYPE
VH-000066,CH01AL4920,CH,Bus,YES,Tata,Starbus,Red,Apex Logistics,VALID,2028-11-04,VALID,2027-12-30,VALID,2027-03-27,VALID,2027-05-01,FT-000066,ACTIVE,ACTIVE,CHASSIS-SYN-000066,ENGINE-SYN-000066,CH7,dataset\NumberPlate_Annotated_Dataset-main\Images\CH7.jpg,SYNTHETIC_PROTOTYPE
VH-000067,OR14U8730,OR,Bike,NO,Honda,Shine,Black,Coastal Commercials,VALID,2027-01-09,VALID,2027-09-20,VALID,2026-11-09,VALID,2027-05-05,FT-000067,ACTIVE,ACTIVE,CHASSIS-SYN-000067,ENGINE-SYN-000067,OD16,dataset\NumberPlate_Annotated_Dataset-main\Images\OD16.jpg,SYNTHETIC_PROTOTYPE
VH-000068,TR03F0375,TR,Truck,YES,Tata,Prima,Silver,Southern Freight,VALID,2028-08-17,VALID,2027-02-14,VALID,2027-04-28,VALID,2027-08-02,FT-000068,ACTIVE,ACTIVE,CHASSIS-SYN-000068,ENGINE-SYN-000068,TR7,dataset\NumberPlate_Annotated_Dataset-main\Images\TR7.jpg,SYNTHETIC_PROTOTYPE
VH-000069,TN02AU9295,TN,Bus,YES,Ashok Leyland,Viking,Silver,Southern Freight,VALID,2028-11-28,VALID,2027-11-30,VALID,2027-05-20,VALID,2026-11-14,FT-000069,ACTIVE,ACTIVE,CHASSIS-SYN-000069,ENGINE-SYN-000069,TN3,dataset\NumberPlate_Annotated_Dataset-main\Images\TN3.jpg,SYNTHETIC_PROTOTYPE
VH-000070,AP31DF2833,AP,Mini Truck,YES,Ashok Leyland,Dost,Red,GreenLine Transport,VALID,2027-06-01,VALID,2027-06-26,VALID,2027-06-13,VALID,2026-11-19,FT-000070,ACTIVE,ACTIVE,CHASSIS-SYN-000070,ENGINE-SYN-000070,AP29,dataset\NumberPlate_Annotated_Dataset-main\Images\AP29.jpg,SYNTHETIC_PROTOTYPE
VH-000071,DN0901438,DN,Mini Truck,YES,Ashok Leyland,Dost,Silver,National Route Logistics,VALID,2026-11-22,VALID,2027-07-25,VALID,2027-01-28,VALID,2026-12-13,FT-000071,ACTIVE,ACTIVE,CHASSIS-SYN-000071,ENGINE-SYN-000071,DN6,dataset\NumberPlate_Annotated_Dataset-main\Images\DN6.jpg,SYNTHETIC_PROTOTYPE
VH-000072,JH05Y9636,JH,Truck,YES,Ashok Leyland,AVTR,Blue,Kaveri Transport,VALID,2026-12-28,VALID,2027-11-11,VALID,2026-11-16,VALID,2027-03-22,FT-000072,ACTIVE,ACTIVE,CHASSIS-SYN-000072,ENGINE-SYN-000072,JH19,dataset\NumberPlate_Annotated_Dataset-main\Images\JH19.jpg,SYNTHETIC_PROTOTYPE
VH-000073,PY01CG2929,PY,Mini Truck,YES,Mahindra,Bolero Pickup,Blue,Kaveri Transport,VALID,2029-03-06,VALID,2027-05-15,VALID,2027-03-01,VALID,2027-07-30,FT-000073,ACTIVE,ACTIVE,CHASSIS-SYN-000073,ENGINE-SYN-000073,PY13,dataset\NumberPlate_Annotated_Dataset-main\Images\PY13.jpg,SYNTHETIC_PROTOTYPE
VH-000074,BR01BE0777,BR,Bus,YES,Ashok Leyland,Viking,Red,Apex Logistics,VALID,2028-05-04,VALID,2028-02-03,VALID,2026-12-31,VALID,2026-11-13,FT-000074,KYC_PENDING,ACTIVE,CHASSIS-SYN-000074,ENGINE-SYN-000074,BR5,dataset\NumberPlate_Annotated_Dataset-main\Images\BR5.jpg,SYNTHETIC_PROTOTYPE
VH-000075,CG04HV7009,CG,Truck,YES,BharatBenz,3123R,Grey,Chennai Cargo,VALID,2028-07-30,VALID,2026-12-20,VALID,2026-10-29,VALID,2027-09-01,FT-000075,ACTIVE,ACTIVE,CHASSIS-SYN-000075,ENGINE-SYN-000075,CG4,dataset\NumberPlate_Annotated_Dataset-main\Images\CG4.jpg,SYNTHETIC_PROTOTYPE
VH-000076,HR26DJ8832,HR,Bike,NO,Bajaj,Pulsar,White,Metro Transit,VALID,2028-07-25,EXPIRED,2026-05-01,VALID,2027-05-16,VALID,2026-11-03,FT-000076,BLACKLISTED,ACTIVE,CHASSIS-SYN-000076,ENGINE-SYN-000076,HR6,dataset\NumberPlate_Annotated_Dataset-main\Images\HR6.jpg,SYNTHETIC_PROTOTYPE
VH-000077,PB10CQ0006,PB,Bike,NO,TVS,Apache,Silver,Metro Transit,VALID,2028-03-10,VALID,2027-08-02,VALID,2027-08-06,VALID,2027-09-17,FT-000077,ACTIVE,ACTIVE,CHASSIS-SYN-000077,ENGINE-SYN-000077,PB8,dataset\NumberPlate_Annotated_Dataset-main\Images\PB8.jpg,SYNTHETIC_PROTOTYPE
VH-000078,DL8CZ7230,DL,Bike,NO,Honda,Shine,Yellow,Apex Logistics,VALID,2028-02-28,VALID,2027-05-01,VALID,2027-05-26,VALID,2027-02-08,FT-000078,KYC_PENDING,ACTIVE,CHASSIS-SYN-000078,ENGINE-SYN-000078,DL15,dataset\NumberPlate_Annotated_Dataset-main\Images\DL15.jpg,SYNTHETIC_PROTOTYPE
VH-000079,CG04HC4887,CG,Car,NO,Toyota,Innova,Black,GreenLine Transport,EXPIRED,2026-07-16,VALID,2027-09-27,VALID,2027-01-09,VALID,2027-04-04,FT-000079,ACTIVE,ACTIVE,CHASSIS-SYN-000079,ENGINE-SYN-000079,CG9,dataset\NumberPlate_Annotated_Dataset-main\Images\CG9.jpg,SYNTHETIC_PROTOTYPE
VH-000080,GJ01RM3413,GJ,Truck,YES,Tata,Prima,Yellow,National Route Logistics,EXPIRED,2026-05-17,VALID,2028-07-30,VALID,2027-01-08,VALID,2027-03-21,FT-000080,ACTIVE,ACTIVE,CHASSIS-SYN-000080,ENGINE-SYN-000080,GJ29,dataset\NumberPlate_Annotated_Dataset-main\Images\GJ29.jpg,SYNTHETIC_PROTOTYPE
VH-000081,AP5CG6320,AP,Car,NO,Toyota,Innova,Blue,Sri Lakshmi Logistics,VALID,2028-03-21,VALID,2026-11-28,VALID,2026-12-08,VALID,2027-07-09,FT-000081,ACTIVE,ACTIVE,CHASSIS-SYN-000081,ENGINE-SYN-000081,AP41,dataset\NumberPlate_Annotated_Dataset-main\Images\AP41.jpg,SYNTHETIC_PROTOTYPE
VH-000082,PY036993,PY,Truck,YES,BharatBenz,3123R,White,Apex Logistics,VALID,2027-02-19,VALID,2027-03-27,VALID,2027-08-04,VALID,2027-06-17,FT-000082,ACTIVE,ACTIVE,CHASSIS-SYN-000082,ENGINE-SYN-000082,PY7,dataset\NumberPlate_Annotated_Dataset-main\Images\PY7.jpg,SYNTHETIC_PROTOTYPE
VH-000083,PY05A8339,PY,Truck,YES,Tata,Prima,Yellow,GreenLine Transport,VALID,2026-11-07,VALID,2028-03-23,VALID,2026-12-07,VALID,2026-12-22,FT-000083,ACTIVE,ACTIVE,CHASSIS-SYN-000083,ENGINE-SYN-000083,PY15,dataset\NumberPlate_Annotated_Dataset-main\Images\PY15.jpg,SYNTHETIC_PROTOTYPE
VH-000084,AS12S6951,AS,Car,NO,Hyundai,Aura,Black,National Route Logistics,VALID,2026-11-09,VALID,2027-02-28,VALID,2027-09-17,VALID,2027-05-09,FT-000084,ACTIVE,ACTIVE,CHASSIS-SYN-000084,ENGINE-SYN-000084,AS6,dataset\NumberPlate_Annotated_Dataset-main\Images\AS6.jpg,SYNTHETIC_PROTOTYPE
VH-000085,WB02A03017,WB,Bus,YES,Volvo,9400,White,Southern Freight,VALID,2027-04-24,VALID,2027-09-24,VALID,2027-09-19,VALID,2027-05-21,FT-000085,ACTIVE,ACTIVE,CHASSIS-SYN-000085,ENGINE-SYN-000085,WB26,dataset\NumberPlate_Annotated_Dataset-main\Images\WB26.jpg,SYNTHETIC_PROTOTYPE
VH-000086,HR26DM2296,HR,Car,NO,Toyota,Innova,Grey,Sri Lakshmi Logistics,VALID,2027-02-12,VALID,2027-04-14,EXPIRED,2026-08-14,VALID,2027-05-01,FT-000086,ACTIVE,ACTIVE,CHASSIS-SYN-000086,ENGINE-SYN-000086,HR18,dataset\NumberPlate_Annotated_Dataset-main\Images\HR18.jpg,SYNTHETIC_PROTOTYPE
VH-000087,MH47N0712,MH,Bike,NO,Honda,Shine,Black,Chennai Cargo,VALID,2027-02-24,VALID,2028-03-11,VALID,2027-09-01,VALID,2026-11-27,FT-000087,ACTIVE,ACTIVE,CHASSIS-SYN-000087,ENGINE-SYN-000087,MH6,dataset\NumberPlate_Annotated_Dataset-main\Images\MH6.jpg,SYNTHETIC_PROTOTYPE
VH-000088,OD02C2836,OD,Bus,YES,Volvo,9400,Yellow,Sri Lakshmi Logistics,VALID,2029-01-10,VALID,2027-05-25,VALID,2027-06-30,VALID,2027-08-11,FT-000088,ACTIVE,ACTIVE,CHASSIS-SYN-000088,ENGINE-SYN-000088,OD4,dataset\NumberPlate_Annotated_Dataset-main\Images\OD4.jpg,SYNTHETIC_PROTOTYPE
VH-000089,JK03A8042,JK,Truck,YES,BharatBenz,3123R,White,Apex Logistics,VALID,2028-11-07,VALID,2027-12-07,VALID,2027-03-17,VALID,2027-07-24,FT-000089,ACTIVE,ACTIVE,CHASSIS-SYN-000089,ENGINE-SYN-000089,JK31,dataset\NumberPlate_Annotated_Dataset-main\Images\JK31.jpg,SYNTHETIC_PROTOTYPE
VH-000090,UP78ED0449,UP,Car,NO,Maruti,Ertiga,Black,Kaveri Transport,VALID,2027-04-04,VALID,2026-12-19,VALID,2027-05-02,VALID,2027-05-08,FT-000090,ACTIVE,ACTIVE,CHASSIS-SYN-000090,ENGINE-SYN-000090,UP23,dataset\NumberPlate_Annotated_Dataset-main\Images\UP23.jpg,SYNTHETIC_PROTOTYPE
VH-000091,JH10BV1496,JH,Truck,YES,Tata,Prima,Black,Coastal Commercials,VALID,2026-10-29,VALID,2027-05-08,VALID,2027-05-20,VALID,2027-08-18,FT-000091,ACTIVE,ACTIVE,CHASSIS-SYN-000091,ENGINE-SYN-000091,JH14,dataset\NumberPlate_Annotated_Dataset-main\Images\JH14.jpg,SYNTHETIC_PROTOTYPE
VH-000092,MH04HF5092,MH,Car,NO,Maruti,Ertiga,Blue,National Route Logistics,VALID,2026-12-18,VALID,2027-08-31,VALID,2027-08-13,EXPIRED,2026-07-24,FT-000092,ACTIVE,ACTIVE,CHASSIS-SYN-000092,ENGINE-SYN-000092,MH24,dataset\NumberPlate_Annotated_Dataset-main\Images\MH24.jpg,SYNTHETIC_PROTOTYPE
VH-000093,DL1CS8739,DL,Truck,YES,Ashok Leyland,AVTR,Silver,Sri Lakshmi Logistics,VALID,2028-02-17,VALID,2027-04-17,VALID,2027-04-30,VALID,2027-09-19,FT-000093,ACTIVE,ACTIVE,CHASSIS-SYN-000093,ENGINE-SYN-000093,DL18,dataset\NumberPlate_Annotated_Dataset-main\Images\DL18.jpg,SYNTHETIC_PROTOTYPE
VH-000094,HP23A6365,HP,Bike,NO,Honda,Shine,Black,Kaveri Transport,VALID,2029-02-16,VALID,2028-04-04,VALID,2027-04-17,VALID,2027-03-14,FT-000094,KYC_PENDING,ACTIVE,CHASSIS-SYN-000094,ENGINE-SYN-000094,HP9,dataset\NumberPlate_Annotated_Dataset-main\Images\HP9.jpg,SYNTHETIC_PROTOTYPE
VH-000095,OD14B7432,OD,Mini Truck,YES,Tata,407,Red,GreenLine Transport,VALID,2027-10-30,VALID,2027-11-24,VALID,2027-09-13,EXPIRED,2026-07-29,FT-000095,ACTIVE,ACTIVE,CHASSIS-SYN-000095,ENGINE-SYN-000095,OD17,dataset\NumberPlate_Annotated_Dataset-main\Images\OD17.jpg,SYNTHETIC_PROTOTYPE
VH-000096,ML10B4503,ML,Car,NO,Maruti,Ertiga,Red,Southern Freight,VALID,2027-05-01,VALID,2026-10-22,VALID,2027-04-08,VALID,2027-09-12,FT-000096,ACTIVE,ACTIVE,CHASSIS-SYN-000096,ENGINE-SYN-000096,ML18,dataset\NumberPlate_Annotated_Dataset-main\Images\ML18.jpg,SYNTHETIC_PROTOTYPE
VH-000097,GA01E5947,GA,Truck,YES,Tata,Prima,White,Sri Lakshmi Logistics,VALID,2027-11-01,VALID,2027-11-27,VALID,2027-01-30,VALID,2027-02-13,FT-000097,ACTIVE,ACTIVE,CHASSIS-SYN-000097,ENGINE-SYN-000097,GA5,dataset\NumberPlate_Annotated_Dataset-main\Images\GA5.jpg,SYNTHETIC_PROTOTYPE
VH-000098,AP2D4014,AP,Car,NO,Toyota,Innova,White,Kaveri Transport,VALID,2028-04-20,VALID,2027-12-06,VALID,2027-06-05,VALID,2027-02-26,FT-000098,ACTIVE,ACTIVE,CHASSIS-SYN-000098,ENGINE-SYN-000098,AP3,dataset\NumberPlate_Annotated_Dataset-main\Images\AP3.jpg,SYNTHETIC_PROTOTYPE
VH-000099,PB10EH0164,PB,Car,NO,Hyundai,Aura,Black,GreenLine Transport,VALID,2028-08-03,VALID,2028-08-16,VALID,2027-07-30,VALID,2027-05-21,FT-000099,ACTIVE,ACTIVE,CHASSIS-SYN-000099,ENGINE-SYN-000099,PB14,dataset\NumberPlate_Annotated_Dataset-main\Images\PB14.jpg,SYNTHETIC_PROTOTYPE
VH-000100,ML1032811,ML,Car,NO,Toyota,Innova,Blue,Southern Freight,EXPIRED,2026-09-13,VALID,2027-07-30,VALID,2027-04-01,VALID,2027-05-14,FT-000100,ACTIVE,ACTIVE,CHASSIS-SYN-000100,ENGINE-SYN-000100,ML22,dataset\NumberPlate_Annotated_Dataset-main\Images\ML22.jpg,SYNTHETIC_PROTOTYPE
VH-000101,GJ05JB6589,GJ,Truck,YES,Ashok Leyland,AVTR,Red,Sri Lakshmi Logistics,VALID,2028-07-13,VALID,2026-12-03,VALID,2027-05-25,VALID,2027-09-04,FT-000101,ACTIVE,ACTIVE,CHASSIS-SYN-000101,ENGINE-SYN-000101,GJ28,dataset\NumberPlate_Annotated_Dataset-main\Images\GJ28.jpg,SYNTHETIC_PROTOTYPE
VH-000102,JK13C4452,JK,Car,NO,Toyota,Innova,Silver,Southern Freight,VALID,2028-04-23,VALID,2027-05-10,VALID,2027-06-05,VALID,2027-06-10,FT-000102,ACTIVE,ACTIVE,CHASSIS-SYN-000102,ENGINE-SYN-000102,JK32,dataset\NumberPlate_Annotated_Dataset-main\Images\JK32.jpg,SYNTHETIC_PROTOTYPE
VH-000103,JK127959,JK,Bike,NO,Bajaj,Pulsar,Yellow,Southern Freight,VALID,2027-06-16,VALID,2027-04-06,VALID,2027-01-07,VALID,2026-12-02,FT-000103,ACTIVE,ACTIVE,CHASSIS-SYN-000103,ENGINE-SYN-000103,JK19,dataset\NumberPlate_Annotated_Dataset-main\Images\JK19.jpg,SYNTHETIC_PROTOTYPE
VH-000104,CG04H5060,CG,Bike,NO,TVS,Apache,Black,Sri Lakshmi Logistics,VALID,2028-03-16,VALID,2026-10-26,VALID,2027-03-14,VALID,2027-09-20,FT-000104,ACTIVE,ACTIVE,CHASSIS-SYN-000104,ENGINE-SYN-000104,CG8,dataset\NumberPlate_Annotated_Dataset-main\Images\CG8.jpg,SYNTHETIC_PROTOTYPE
VH-000105,WB06J9177,WB,Bus,YES,Ashok Leyland,Viking,Red,Coastal Commercials,VALID,2027-02-25,VALID,2028-04-20,VALID,2027-05-01,VALID,2027-08-18,FT-000105,ACTIVE,ACTIVE,CHASSIS-SYN-000105,ENGINE-SYN-000105,WB16,dataset\NumberPlate_Annotated_Dataset-main\Images\WB16.jpg,SYNTHETIC_PROTOTYPE
VH-000106,KA28M3589,KA,Truck,YES,Ashok Leyland,AVTR,Silver,Metro Transit,VALID,2028-03-12,VALID,2028-01-29,VALID,2026-11-09,EXPIRED,2026-09-03,FT-000106,ACTIVE,ACTIVE,CHASSIS-SYN-000106,ENGINE-SYN-000106,KA21,dataset\NumberPlate_Annotated_Dataset-main\Images\KA21.jpg,SYNTHETIC_PROTOTYPE
VH-000107,TS08EZ9463,TS,Truck,YES,Ashok Leyland,AVTR,Black,National Route Logistics,VALID,2027-01-26,VALID,2028-02-18,VALID,2027-03-03,EXPIRED,2026-08-06,FT-000107,ACTIVE,ACTIVE,CHASSIS-SYN-000107,ENGINE-SYN-000107,TS7,dataset\NumberPlate_Annotated_Dataset-main\Images\TS7.jpg,SYNTHETIC_PROTOTYPE
VH-000108,DL8CAU6883,DL,Truck,YES,Ashok Leyland,AVTR,White,Sri Lakshmi Logistics,VALID,2028-08-20,EXPIRED,2026-05-07,VALID,2027-08-04,VALID,2027-08-10,FT-000108,ACTIVE,ACTIVE,CHASSIS-SYN-000108,ENGINE-SYN-000108,DL3,dataset\NumberPlate_Annotated_Dataset-main\Images\DL3.jpg,SYNTHETIC_PROTOTYPE
VH-000109,WB02W9S3S,WB,Truck,YES,Tata,Prima,White,Kaveri Transport,VALID,2026-11-28,VALID,2028-09-03,VALID,2027-05-07,VALID,2027-02-05,FT-000109,ACTIVE,ACTIVE,CHASSIS-SYN-000109,ENGINE-SYN-000109,WB21,dataset\NumberPlate_Annotated_Dataset-main\Images\WB21.jpg,SYNTHETIC_PROTOTYPE
VH-000110,HR56B2626,HR,Mini Truck,YES,Tata,407,Black,Chennai Cargo,VALID,2028-09-16,VALID,2027-03-02,EXPIRED,2026-08-03,VALID,2027-07-17,FT-000110,ACTIVE,ACTIVE,CHASSIS-SYN-000110,ENGINE-SYN-000110,HR16,dataset\NumberPlate_Annotated_Dataset-main\Images\HR16.jpg,SYNTHETIC_PROTOTYPE
VH-000111,KL0BBJ5001,KL,Mini Truck,YES,Mahindra,Bolero Pickup,Yellow,Southern Freight,VALID,2028-07-27,VALID,2028-01-30,VALID,2026-11-03,VALID,2027-05-26,FT-000111,ACTIVE,ACTIVE,CHASSIS-SYN-000111,ENGINE-SYN-000111,KL11,dataset\NumberPlate_Annotated_Dataset-main\Images\KL11.jpg,SYNTHETIC_PROTOTYPE
VH-000112,WB02X8795,WB,Truck,YES,Ashok Leyland,AVTR,Grey,Kaveri Transport,VALID,2028-12-27,VALID,2027-11-22,VALID,2026-11-04,VALID,2027-09-09,FT-000112,ACTIVE,ACTIVE,CHASSIS-SYN-000112,ENGINE-SYN-000112,WB4,dataset\NumberPlate_Annotated_Dataset-main\Images\WB4.jpg,SYNTHETIC_PROTOTYPE
VH-000113,AP16CH9545,AP,Mini Truck,YES,Mahindra,Bolero Pickup,White,Coastal Commercials,VALID,2029-01-15,EXPIRED,2026-08-13,VALID,2027-05-01,VALID,2026-10-23,FT-000113,ACTIVE,ACTIVE,CHASSIS-SYN-000113,ENGINE-SYN-000113,AP22,dataset\NumberPlate_Annotated_Dataset-main\Images\AP22.jpg,SYNTHETIC_PROTOTYPE
VH-000114,AP39TP0211,AP,Bike,NO,Honda,Shine,Grey,Tamil Fleet Services,VALID,2027-09-26,VALID,2027-02-21,VALID,2026-12-24,VALID,2027-07-09,FT-000114,ACTIVE,ACTIVE,CHASSIS-SYN-000114,ENGINE-SYN-000114,AP5,dataset\NumberPlate_Annotated_Dataset-main\Images\AP5.jpg,SYNTHETIC_PROTOTYPE
VH-000115,AP04M7627,AP,Truck,YES,BharatBenz,3123R,Grey,Tamil Fleet Services,VALID,2028-09-06,VALID,2027-11-19,VALID,2027-08-13,VALID,2027-01-22,FT-000115,ACTIVE,ACTIVE,CHASSIS-SYN-000115,ENGINE-SYN-000115,AP19,dataset\NumberPlate_Annotated_Dataset-main\Images\AP19.jpg,SYNTHETIC_PROTOTYPE
VH-000116,UP32EC5577,UP,Mini Truck,YES,Tata,407,Blue,Sri Lakshmi Logistics,VALID,2026-12-24,VALID,2026-11-19,VALID,2027-05-25,VALID,2027-01-17,FT-000116,ACTIVE,ACTIVE,CHASSIS-SYN-000116,ENGINE-SYN-000116,UP5,dataset\NumberPlate_Annotated_Dataset-main\Images\UP5.jpg,SYNTHETIC_PROTOTYPE
VH-000117,KL45C4411,KL,Car,NO,Toyota,Innova,Yellow,Southern Freight,VALID,2027-01-24,VALID,2027-03-14,VALID,2026-10-24,VALID,2026-11-02,FT-000117,ACTIVE,ACTIVE,CHASSIS-SYN-000117,ENGINE-SYN-000117,KL10,dataset\NumberPlate_Annotated_Dataset-main\Images\KL10.jpg,SYNTHETIC_PROTOTYPE
VH-000118,AS01AR1986,AS,Car,NO,Toyota,Innova,Yellow,National Route Logistics,VALID,2027-07-21,VALID,2028-09-15,VALID,2027-08-06,VALID,2027-08-03,FT-000118,ACTIVE,ACTIVE,CHASSIS-SYN-000118,ENGINE-SYN-000118,AS17,dataset\NumberPlate_Annotated_Dataset-main\Images\AS17.jpg,SYNTHETIC_PROTOTYPE
VH-000119,BR01BD5042,BR,Bike,NO,TVS,Apache,White,Tamil Fleet Services,VALID,2026-10-30,VALID,2028-01-11,VALID,2027-08-22,VALID,2026-11-26,FT-000119,ACTIVE,ACTIVE,CHASSIS-SYN-000119,ENGINE-SYN-000119,BR18,dataset\NumberPlate_Annotated_Dataset-main\Images\BR18.jpg,SYNTHETIC_PROTOTYPE
VH-000120,AP31BG7827,AP,Mini Truck,YES,Mahindra,Bolero Pickup,Grey,Apex Logistics,VALID,2027-06-06,VALID,2028-08-29,VALID,2027-08-24,VALID,2027-06-30,FT-000120,ACTIVE,ACTIVE,CHASSIS-SYN-000120,ENGINE-SYN-000120,AP43,dataset\NumberPlate_Annotated_Dataset-main\Images\AP43.jpg,SYNTHETIC_PROTOTYPE
VH-000121,AS23H0770,AS,Mini Truck,YES,Mahindra,Bolero Pickup,Grey,Southern Freight,VALID,2026-11-10,VALID,2027-02-25,VALID,2027-03-17,VALID,2027-04-28,FT-000121,ACTIVE,ACTIVE,CHASSIS-SYN-000121,ENGINE-SYN-000121,AS5,dataset\NumberPlate_Annotated_Dataset-main\Images\AS5.jpg,SYNTHETIC_PROTOTYPE
VH-000122,AN01M4M,AN,Car,NO,Toyota,Innova,Yellow,Southern Freight,VALID,2027-05-23,VALID,2026-10-25,VALID,2027-05-09,VALID,2027-07-25,FT-000122,ACTIVE,ACTIVE,CHASSIS-SYN-000122,ENGINE-SYN-000122,AN4,dataset\NumberPlate_Annotated_Dataset-main\Images\AN4.jpg,SYNTHETIC_PROTOTYPE
VH-000123,WB08A4101,WB,Truck,YES,Ashok Leyland,AVTR,White,Southern Freight,VALID,2027-08-22,VALID,2027-05-23,VALID,2026-11-23,VALID,2027-05-24,FT-000123,ACTIVE,ACTIVE,CHASSIS-SYN-000123,ENGINE-SYN-000123,WB11,dataset\NumberPlate_Annotated_Dataset-main\Images\WB11.jpg,SYNTHETIC_PROTOTYPE
VH-000124,KA04MK312,KA,Bike,NO,TVS,Apache,Red,Kaveri Transport,VALID,2029-02-28,VALID,2027-06-16,VALID,2027-08-28,VALID,2027-05-15,FT-000124,INACTIVE,ACTIVE,CHASSIS-SYN-000124,ENGINE-SYN-000124,KA18,dataset\NumberPlate_Annotated_Dataset-main\Images\KA18.jpg,SYNTHETIC_PROTOTYPE
VH-000125,WB061061,WB,Bike,NO,TVS,Apache,Black,Sri Lakshmi Logistics,EXPIRED,2026-05-24,VALID,2027-07-07,VALID,2027-03-13,EXPIRED,2026-08-31,FT-000125,ACTIVE,ACTIVE,CHASSIS-SYN-000125,ENGINE-SYN-000125,WB19,dataset\NumberPlate_Annotated_Dataset-main\Images\WB19.jpg,SYNTHETIC_PROTOTYPE
VH-000126,AR048395,AR,Truck,YES,Ashok Leyland,AVTR,Blue,Coastal Commercials,VALID,2028-07-09,VALID,2028-09-15,VALID,2027-07-13,VALID,2027-07-07,FT-000126,ACTIVE,ACTIVE,CHASSIS-SYN-000126,ENGINE-SYN-000126,AR1,dataset\NumberPlate_Annotated_Dataset-main\Images\AR1.jpg,SYNTHETIC_PROTOTYPE
VH-000127,RJ23CB2272,RJ,Car,NO,Maruti,Ertiga,White,Kaveri Transport,EXPIRED,2026-07-20,VALID,2028-04-26,VALID,2027-09-01,VALID,2027-07-09,FT-000127,ACTIVE,ACTIVE,CHASSIS-SYN-000127,ENGINE-SYN-000127,RJ6,dataset\NumberPlate_Annotated_Dataset-main\Images\RJ6.jpg,SYNTHETIC_PROTOTYPE
VH-000128,MP45G0872,MP,Truck,YES,Tata,Prima,White,Chennai Cargo,VALID,2027-12-11,VALID,2027-02-07,VALID,2027-09-11,VALID,2027-02-26,FT-000128,ACTIVE,ACTIVE,CHASSIS-SYN-000128,ENGINE-SYN-000128,MP9,dataset\NumberPlate_Annotated_Dataset-main\Images\MP9.jpg,SYNTHETIC_PROTOTYPE
VH-000129,KL43G6619,KL,Truck,YES,BharatBenz,3123R,Yellow,Kaveri Transport,VALID,2029-01-23,VALID,2026-12-03,VALID,2027-01-18,VALID,2027-09-16,FT-000129,ACTIVE,ACTIVE,CHASSIS-SYN-000129,ENGINE-SYN-000129,KL15,dataset\NumberPlate_Annotated_Dataset-main\Images\KL15.jpg,SYNTHETIC_PROTOTYPE
VH-000130,DL10C05520,DL,Truck,YES,BharatBenz,3123R,Black,Coastal Commercials,VALID,2028-11-12,VALID,2027-01-24,VALID,2027-05-04,VALID,2027-08-03,FT-000130,INACTIVE,ACTIVE,CHASSIS-SYN-000130,ENGINE-SYN-000130,DL30,dataset\NumberPlate_Annotated_Dataset-main\Images\DL30.jpg,SYNTHETIC_PROTOTYPE
VH-000131,DN09H0968,DN,Truck,YES,Tata,Prima,White,GreenLine Transport,VALID,2027-07-07,VALID,2027-05-05,VALID,2027-04-17,VALID,2026-11-11,FT-000131,ACTIVE,ACTIVE,CHASSIS-SYN-000131,ENGINE-SYN-000131,DN3,dataset\NumberPlate_Annotated_Dataset-main\Images\DN3.jpg,SYNTHETIC_PROTOTYPE
VH-000132,MH11CQ8516,MH,Truck,YES,BharatBenz,3123R,Grey,Southern Freight,VALID,2027-03-18,VALID,2027-07-21,VALID,2027-08-03,VALID,2026-12-07,FT-000132,ACTIVE,ACTIVE,CHASSIS-SYN-000132,ENGINE-SYN-000132,MH10,dataset\NumberPlate_Annotated_Dataset-main\Images\MH10.jpg,SYNTHETIC_PROTOTYPE
VH-000133,PB11BN6101,PB,Bike,NO,Bajaj,Pulsar,Silver,GreenLine Transport,VALID,2027-04-21,VALID,2027-04-07,VALID,2027-03-29,EXPIRED,2026-08-21,FT-000133,ACTIVE,ACTIVE,CHASSIS-SYN-000133,ENGINE-SYN-000133,PB10,dataset\NumberPlate_Annotated_Dataset-main\Images\PB10.jpg,SYNTHETIC_PROTOTYPE
VH-000134,HP54C6564,HP,Car,NO,Maruti,Ertiga,White,Metro Transit,VALID,2027-05-17,VALID,2028-08-12,EXPIRED,2026-06-08,VALID,2026-12-18,FT-000134,KYC_PENDING,ACTIVE,CHASSIS-SYN-000134,ENGINE-SYN-000134,HP19,dataset\NumberPlate_Annotated_Dataset-main\Images\HP19.jpg,SYNTHETIC_PROTOTYPE
VH-000135,NL02C3947,NL,Bus,YES,Volvo,9400,Black,Kaveri Transport,EXPIRED,2026-06-14,VALID,2027-08-06,VALID,2027-07-25,VALID,2027-08-28,FT-000135,ACTIVE,ACTIVE,CHASSIS-SYN-000135,ENGINE-SYN-000135,NL4,dataset\NumberPlate_Annotated_Dataset-main\Images\NL4.jpg,SYNTHETIC_PROTOTYPE
VH-000136,KA38M8037,KA,Mini Truck,YES,Mahindra,Bolero Pickup,Red,National Route Logistics,VALID,2027-07-21,VALID,2026-12-09,VALID,2027-01-02,VALID,2027-01-18,FT-000136,ACTIVE,ACTIVE,CHASSIS-SYN-000136,ENGINE-SYN-000136,KA25,dataset\NumberPlate_Annotated_Dataset-main\Images\KA25.jpg,SYNTHETIC_PROTOTYPE
VH-000137,DL10CA0986,DL,Car,NO,Toyota,Innova,Red,Tamil Fleet Services,VALID,2028-11-14,EXPIRED,2026-08-02,EXPIRED,2026-08-29,VALID,2026-12-01,FT-000137,ACTIVE,ACTIVE,CHASSIS-SYN-000137,ENGINE-SYN-000137,DL27,dataset\NumberPlate_Annotated_Dataset-main\Images\DL27.jpg,SYNTHETIC_PROTOTYPE
VH-000138,UK106679,UK,Bus,YES,Tata,Starbus,Yellow,Apex Logistics,VALID,2027-04-20,VALID,2028-07-15,VALID,2027-03-07,VALID,2027-08-13,FT-000138,ACTIVE,ACTIVE,CHASSIS-SYN-000138,ENGINE-SYN-000138,UK5,dataset\NumberPlate_Annotated_Dataset-main\Images\UK5.jpg,SYNTHETIC_PROTOTYPE
VH-000139,JK09B7745,JK,Mini Truck,YES,Tata,407,Grey,Sri Lakshmi Logistics,VALID,2026-11-10,VALID,2027-06-04,VALID,2027-03-02,VALID,2026-11-26,FT-000139,ACTIVE,ACTIVE,CHASSIS-SYN-000139,ENGINE-SYN-000139,JK16,dataset\NumberPlate_Annotated_Dataset-main\Images\JK16.jpg,SYNTHETIC_PROTOTYPE
VH-000140,HR29R9466,HR,Bus,YES,Volvo,9400,Red,Coastal Commercials,VALID,2027-06-02,VALID,2027-11-07,VALID,2026-11-18,VALID,2027-06-07,FT-000140,ACTIVE,ACTIVE,CHASSIS-SYN-000140,ENGINE-SYN-000140,HR12,dataset\NumberPlate_Annotated_Dataset-main\Images\HR12.jpg,SYNTHETIC_PROTOTYPE
VH-000141,DL9CAP8884,DL,Bus,YES,Volvo,9400,Black,Metro Transit,VALID,2027-01-18,VALID,2027-05-22,VALID,2027-06-30,EXPIRED,2026-07-26,FT-000141,ACTIVE,ACTIVE,CHASSIS-SYN-000141,ENGINE-SYN-000141,DL11,dataset\NumberPlate_Annotated_Dataset-main\Images\DL11.jpg,SYNTHETIC_PROTOTYPE
VH-000142,PY01CE4149,PY,Truck,YES,BharatBenz,3123R,Black,Apex Logistics,VALID,2028-12-03,VALID,2028-08-09,VALID,2026-10-27,VALID,2027-01-10,FT-000142,ACTIVE,ACTIVE,CHASSIS-SYN-000142,ENGINE-SYN-000142,PY10,dataset\NumberPlate_Annotated_Dataset-main\Images\PY10.jpg,SYNTHETIC_PROTOTYPE
VH-000143,UK185763,UK,Car,NO,Maruti,Ertiga,White,Metro Transit,VALID,2028-10-02,VALID,2028-05-30,VALID,2027-08-25,VALID,2027-08-18,FT-000143,ACTIVE,ACTIVE,CHASSIS-SYN-000143,ENGINE-SYN-000143,UK3,dataset\NumberPlate_Annotated_Dataset-main\Images\UK3.jpg,SYNTHETIC_PROTOTYPE
VH-000144,HP12H1324,HP,Mini Truck,YES,Ashok Leyland,Dost,White,Metro Transit,VALID,2027-08-16,VALID,2027-10-23,VALID,2027-04-03,VALID,2027-05-09,FT-000144,ACTIVE,ACTIVE,CHASSIS-SYN-000144,ENGINE-SYN-000144,HP1,dataset\NumberPlate_Annotated_Dataset-main\Images\HP1.jpg,SYNTHETIC_PROTOTYPE
VH-000145,CH01AZ2642,CH,Car,NO,Toyota,Innova,Black,National Route Logistics,VALID,2028-09-09,VALID,2028-05-05,VALID,2027-04-03,VALID,2027-04-14,FT-000145,ACTIVE,ACTIVE,CHASSIS-SYN-000145,ENGINE-SYN-000145,CH6,dataset\NumberPlate_Annotated_Dataset-main\Images\CH6.jpg,SYNTHETIC_PROTOTYPE
VH-000146,JH02AH0750,JH,Car,NO,Hyundai,Aura,White,Southern Freight,VALID,2028-01-12,VALID,2026-12-07,VALID,2027-08-16,VALID,2027-09-15,FT-000146,ACTIVE,ACTIVE,CHASSIS-SYN-000146,ENGINE-SYN-000146,JH6,dataset\NumberPlate_Annotated_Dataset-main\Images\JH6.jpg,SYNTHETIC_PROTOTYPE
VH-000147,UK07055789,UK,Car,NO,Hyundai,Aura,Yellow,Metro Transit,VALID,2027-12-23,VALID,2028-01-11,VALID,2027-04-13,VALID,2027-06-27,FT-000147,ACTIVE,ACTIVE,CHASSIS-SYN-000147,ENGINE-SYN-000147,UK6,dataset\NumberPlate_Annotated_Dataset-main\Images\UK6.jpg,SYNTHETIC_PROTOTYPE
VH-000148,KA51ML4025,KA,Mini Truck,YES,Mahindra,Bolero Pickup,Yellow,Coastal Commercials,VALID,2027-02-21,EXPIRED,2026-05-17,VALID,2027-08-13,VALID,2026-12-28,FT-000148,ACTIVE,ACTIVE,CHASSIS-SYN-000148,ENGINE-SYN-000148,KA23,dataset\NumberPlate_Annotated_Dataset-main\Images\KA23.jpg,SYNTHETIC_PROTOTYPE
VH-000149,WB02AJ4534,WB,Truck,YES,BharatBenz,3123R,Black,Southern Freight,VALID,2027-01-24,VALID,2028-03-26,VALID,2027-04-02,VALID,2027-06-21,FT-000149,ACTIVE,ACTIVE,CHASSIS-SYN-000149,ENGINE-SYN-000149,WB17,dataset\NumberPlate_Annotated_Dataset-main\Images\WB17.jpg,SYNTHETIC_PROTOTYPE
VH-000150,AP31BR9501,AP,Car,NO,Maruti,Ertiga,Silver,Metro Transit,VALID,2027-01-30,VALID,2028-07-09,VALID,2027-05-31,VALID,2027-09-04,FT-000150,ACTIVE,ACTIVE,CHASSIS-SYN-000150,ENGINE-SYN-000150,AP26,dataset\NumberPlate_Annotated_Dataset-main\Images\AP26.jpg,SYNTHETIC_PROTOTYPE
VH-000151,KA53P7604,KA,Bike,NO,Bajaj,Pulsar,Black,Coastal Commercials,VALID,2029-01-01,VALID,2027-03-06,VALID,2027-08-05,VALID,2027-07-25,FT-000151,ACTIVE,ACTIVE,CHASSIS-SYN-000151,ENGINE-SYN-000151,KA5,dataset\NumberPlate_Annotated_Dataset-main\Images\KA5.jpg,SYNTHETIC_PROTOTYPE
VH-000152,GA03Y9512,GA,Truck,YES,Tata,Prima,Yellow,Kaveri Transport,VALID,2028-03-30,VALID,2028-06-11,VALID,2027-06-10,VALID,2027-06-18,FT-000152,ACTIVE,ACTIVE,CHASSIS-SYN-000152,ENGINE-SYN-000152,GA12,dataset\NumberPlate_Annotated_Dataset-main\Images\GA12.jpg,SYNTHETIC_PROTOTYPE
VH-000153,PB08DT7342,PB,Car,NO,Toyota,Innova,Grey,Southern Freight,EXPIRED,2026-03-16,VALID,2027-01-24,VALID,2027-07-20,VALID,2026-12-16,FT-000153,ACTIVE,ACTIVE,CHASSIS-SYN-000153,ENGINE-SYN-000153,PB13,dataset\NumberPlate_Annotated_Dataset-main\Images\PB13.jpg,SYNTHETIC_PROTOTYPE
VH-000154,BR33M0001,BR,Car,NO,Toyota,Innova,Silver,Apex Logistics,VALID,2027-08-25,VALID,2028-07-25,VALID,2026-12-28,VALID,2026-11-28,FT-000154,ACTIVE,ACTIVE,CHASSIS-SYN-000154,ENGINE-SYN-000154,BR16,dataset\NumberPlate_Annotated_Dataset-main\Images\BR16.jpg,SYNTHETIC_PROTOTYPE
VH-000155,SK01T3794,SK,Car,NO,Toyota,Innova,Grey,Chennai Cargo,VALID,2028-07-27,VALID,2028-03-05,VALID,2027-09-18,VALID,2027-05-28,FT-000155,ACTIVE,ACTIVE,CHASSIS-SYN-000155,ENGINE-SYN-000155,SK2,dataset\NumberPlate_Annotated_Dataset-main\Images\SK2.jpg,SYNTHETIC_PROTOTYPE
VH-000156,ML04C4738,ML,Truck,YES,Tata,Prima,White,National Route Logistics,VALID,2027-01-10,VALID,2028-02-23,VALID,2027-08-09,VALID,2027-08-03,FT-000156,ACTIVE,ACTIVE,CHASSIS-SYN-000156,ENGINE-SYN-000156,ML29,dataset\NumberPlate_Annotated_Dataset-main\Images\ML29.jpg,SYNTHETIC_PROTOTYPE
VH-000157,PB02DY7380,PB,Mini Truck,YES,Mahindra,Bolero Pickup,Red,Kaveri Transport,VALID,2027-04-04,VALID,2028-06-23,VALID,2027-04-13,VALID,2027-09-14,FT-000157,ACTIVE,ACTIVE,CHASSIS-SYN-000157,ENGINE-SYN-000157,PB24,dataset\NumberPlate_Annotated_Dataset-main\Images\PB24.jpg,SYNTHETIC_PROTOTYPE
VH-000158,TN69AJ4455,TN,Car,NO,Maruti,Ertiga,Yellow,Kaveri Transport,VALID,2028-02-05,VALID,2027-01-13,VALID,2027-04-13,VALID,2027-07-08,FT-000158,ACTIVE,ACTIVE,CHASSIS-SYN-000158,ENGINE-SYN-000158,TN10,dataset\NumberPlate_Annotated_Dataset-main\Images\TN10.jpg,SYNTHETIC_PROTOTYPE
VH-000159,GJ01KC9959,GJ,Truck,YES,Tata,Prima,Black,Metro Transit,VALID,2027-09-21,EXPIRED,2026-07-22,VALID,2027-01-09,VALID,2027-06-13,FT-000159,ACTIVE,ACTIVE,CHASSIS-SYN-000159,ENGINE-SYN-000159,GJ16,dataset\NumberPlate_Annotated_Dataset-main\Images\GJ16.jpg,SYNTHETIC_PROTOTYPE
VH-000160,PB10EE0888,PB,Car,NO,Toyota,Innova,Grey,Kaveri Transport,VALID,2028-06-13,VALID,2026-11-04,VALID,2027-03-22,VALID,2027-05-08,FT-000160,ACTIVE,ACTIVE,CHASSIS-SYN-000160,ENGINE-SYN-000160,PB29,dataset\NumberPlate_Annotated_Dataset-main\Images\PB29.jpg,SYNTHETIC_PROTOTYPE
VH-000161,BR01AZ6290,BR,Car,NO,Toyota,Innova,White,Apex Logistics,VALID,2026-12-12,VALID,2027-10-27,VALID,2027-08-22,VALID,2027-01-21,FT-000161,ACTIVE,ACTIVE,CHASSIS-SYN-000161,ENGINE-SYN-000161,BR3,dataset\NumberPlate_Annotated_Dataset-main\Images\BR3.jpg,SYNTHETIC_PROTOTYPE
VH-000162,ML137827,ML,Car,NO,Maruti,Ertiga,Grey,Chennai Cargo,VALID,2028-06-03,VALID,2027-05-14,VALID,2027-05-15,VALID,2026-11-16,FT-000162,ACTIVE,ACTIVE,CHASSIS-SYN-000162,ENGINE-SYN-000162,ML20,dataset\NumberPlate_Annotated_Dataset-main\Images\ML20.jpg,SYNTHETIC_PROTOTYPE
VH-000163,TR05B0308,TR,Truck,YES,Ashok Leyland,AVTR,Black,Sri Lakshmi Logistics,VALID,2026-11-13,VALID,2027-02-14,VALID,2027-01-18,EXPIRED,2026-08-17,FT-000163,ACTIVE,ACTIVE,CHASSIS-SYN-000163,ENGINE-SYN-000163,TR1,dataset\NumberPlate_Annotated_Dataset-main\Images\TR1.jpg,SYNTHETIC_PROTOTYPE
VH-000164,HP64B3380,HP,Bike,NO,Bajaj,Pulsar,Black,Apex Logistics,VALID,2028-08-03,VALID,2026-11-02,VALID,2027-04-04,VALID,2027-09-12,FT-000164,ACTIVE,ACTIVE,CHASSIS-SYN-000164,ENGINE-SYN-000164,HP22,dataset\NumberPlate_Annotated_Dataset-main\Images\HP22.jpg,SYNTHETIC_PROTOTYPE
VH-000165,WB171717,WB,Bike,NO,Honda,Shine,Red,Sri Lakshmi Logistics,EXPIRED,2026-01-21,VALID,2027-05-16,VALID,2027-02-03,VALID,2026-12-01,FT-000165,ACTIVE,ACTIVE,CHASSIS-SYN-000165,ENGINE-SYN-000165,WB20,dataset\NumberPlate_Annotated_Dataset-main\Images\WB20.jpg,SYNTHETIC_PROTOTYPE
VH-000166,UP78DB3730,UP,Truck,YES,Ashok Leyland,AVTR,Blue,GreenLine Transport,VALID,2028-03-06,VALID,2027-05-31,VALID,2026-12-11,VALID,2027-01-03,FT-000166,ACTIVE,ACTIVE,CHASSIS-SYN-000166,ENGINE-SYN-000166,UP10,dataset\NumberPlate_Annotated_Dataset-main\Images\UP10.jpg,SYNTHETIC_PROTOTYPE
VH-000167,GA02J2129,GA,Truck,YES,Ashok Leyland,AVTR,Yellow,Chennai Cargo,VALID,2028-05-19,VALID,2027-11-09,VALID,2026-12-26,VALID,2027-04-23,FT-000167,ACTIVE,ACTIVE,CHASSIS-SYN-000167,ENGINE-SYN-000167,GA6,dataset\NumberPlate_Annotated_Dataset-main\Images\GA6.jpg,SYNTHETIC_PROTOTYPE
VH-000168,AP31BL2833,AP,Truck,YES,Tata,Prima,Blue,Southern Freight,VALID,2026-12-04,VALID,2028-05-26,VALID,2027-07-17,VALID,2026-11-06,FT-000168,ACTIVE,ACTIVE,CHASSIS-SYN-000168,ENGINE-SYN-000168,AP45,dataset\NumberPlate_Annotated_Dataset-main\Images\AP45.jpg,SYNTHETIC_PROTOTYPE
VH-000169,AN01P9687,AN,Mini Truck,YES,Ashok Leyland,Dost,Silver,Chennai Cargo,VALID,2029-01-12,VALID,2027-03-26,VALID,2026-12-07,VALID,2027-08-28,FT-000169,ACTIVE,ACTIVE,CHASSIS-SYN-000169,ENGINE-SYN-000169,AN1,dataset\NumberPlate_Annotated_Dataset-main\Images\AN1.jpg,SYNTHETIC_PROTOTYPE
VH-000170,AS01BS4362,AS,Truck,YES,Ashok Leyland,AVTR,Yellow,Tamil Fleet Services,VALID,2028-08-29,VALID,2027-11-22,VALID,2026-11-16,VALID,2027-07-07,FT-000170,ACTIVE,ACTIVE,CHASSIS-SYN-000170,ENGINE-SYN-000170,AS25,dataset\NumberPlate_Annotated_Dataset-main\Images\AS25.jpg,SYNTHETIC_PROTOTYPE
VH-000171,HP12C3766,HP,Mini Truck,YES,Ashok Leyland,Dost,Grey,Apex Logistics,VALID,2028-06-25,VALID,2028-08-14,VALID,2027-04-16,VALID,2027-07-10,FT-000171,ACTIVE,ACTIVE,CHASSIS-SYN-000171,ENGINE-SYN-000171,HP7,dataset\NumberPlate_Annotated_Dataset-main\Images\HP7.jpg,SYNTHETIC_PROTOTYPE
VH-000172,DL3CCK8019,DL,Truck,YES,Ashok Leyland,AVTR,White,GreenLine Transport,VALID,2027-04-20,EXPIRED,2026-04-16,VALID,2027-03-18,VALID,2026-12-13,FT-000172,ACTIVE,ACTIVE,CHASSIS-SYN-000172,ENGINE-SYN-000172,DL24,dataset\NumberPlate_Annotated_Dataset-main\Images\DL24.jpg,SYNTHETIC_PROTOTYPE
VH-000173,ML064696,ML,Car,NO,Toyota,Innova,Blue,National Route Logistics,VALID,2026-10-22,VALID,2027-03-01,VALID,2026-12-06,VALID,2027-05-31,FT-000173,ACTIVE,ACTIVE,CHASSIS-SYN-000173,ENGINE-SYN-000173,ML38,dataset\NumberPlate_Annotated_Dataset-main\Images\ML38.jpg,SYNTHETIC_PROTOTYPE
VH-000174,CG07MA7848,CG,Bus,YES,Volvo,9400,Grey,Kaveri Transport,VALID,2028-11-12,VALID,2026-11-03,VALID,2027-09-14,VALID,2027-08-10,FT-000174,ACTIVE,ACTIVE,CHASSIS-SYN-000174,ENGINE-SYN-000174,CG19,dataset\NumberPlate_Annotated_Dataset-main\Images\CG19.jpg,SYNTHETIC_PROTOTYPE
VH-000175,SK01PA5349,SK,Truck,YES,Tata,Prima,Blue,Tamil Fleet Services,VALID,2026-10-27,VALID,2028-08-18,VALID,2027-08-06,VALID,2027-09-07,FT-000175,ACTIVE,ACTIVE,CHASSIS-SYN-000175,ENGINE-SYN-000175,SK8,dataset\NumberPlate_Annotated_Dataset-main\Images\SK8.jpg,SYNTHETIC_PROTOTYPE
VH-000176,DL1CT2782,DL,Truck,YES,Ashok Leyland,AVTR,White,Southern Freight,VALID,2028-12-14,VALID,2027-02-11,VALID,2027-03-30,VALID,2027-06-17,FT-000176,ACTIVE,ACTIVE,CHASSIS-SYN-000176,ENGINE-SYN-000176,DL19,dataset\NumberPlate_Annotated_Dataset-main\Images\DL19.jpg,SYNTHETIC_PROTOTYPE
VH-000177,ML05J8950,ML,Car,NO,Toyota,Innova,Grey,Metro Transit,EXPIRED,2026-07-15,VALID,2026-10-31,VALID,2027-01-28,VALID,2026-12-02,FT-000177,ACTIVE,ACTIVE,CHASSIS-SYN-000177,ENGINE-SYN-000177,ML31,dataset\NumberPlate_Annotated_Dataset-main\Images\ML31.jpg,SYNTHETIC_PROTOTYPE
VH-000178,ML05G3474,ML,Mini Truck,YES,Mahindra,Bolero Pickup,Black,Kaveri Transport,VALID,2028-11-22,VALID,2028-06-27,VALID,2027-04-22,VALID,2027-04-01,FT-000178,ACTIVE,ACTIVE,CHASSIS-SYN-000178,ENGINE-SYN-000178,ML35,dataset\NumberPlate_Annotated_Dataset-main\Images\ML35.jpg,SYNTHETIC_PROTOTYPE
VH-000179,MZ01G9825,MZ,Mini Truck,YES,Mahindra,Bolero Pickup,White,GreenLine Transport,VALID,2026-10-23,VALID,2027-05-11,VALID,2027-06-08,VALID,2027-09-12,FT-000179,ACTIVE,ACTIVE,CHASSIS-SYN-000179,ENGINE-SYN-000179,MZ1,dataset\NumberPlate_Annotated_Dataset-main\Images\MZ1.jpg,SYNTHETIC_PROTOTYPE
VH-000180,KA19MF1763,KA,Mini Truck,YES,Ashok Leyland,Dost,Black,Sri Lakshmi Logistics,VALID,2027-08-22,VALID,2028-05-24,VALID,2027-02-27,VALID,2027-05-17,FT-000180,ACTIVE,ACTIVE,CHASSIS-SYN-000180,ENGINE-SYN-000180,KA20,dataset\NumberPlate_Annotated_Dataset-main\Images\KA20.jpg,SYNTHETIC_PROTOTYPE
VH-000181,DL40NA7238,DL,Truck,YES,Ashok Leyland,AVTR,Yellow,Sri Lakshmi Logistics,VALID,2026-10-27,EXPIRED,2026-04-20,VALID,2027-03-09,VALID,2027-01-12,FT-000181,KYC_PENDING,ACTIVE,CHASSIS-SYN-000181,ENGINE-SYN-000181,DL28,dataset\NumberPlate_Annotated_Dataset-main\Images\DL28.jpg,SYNTHETIC_PROTOTYPE
VH-000182,AS06Z0841,AS,Bus,YES,Tata,Starbus,Silver,Southern Freight,VALID,2028-04-13,VALID,2027-10-30,VALID,2027-04-10,VALID,2027-03-12,FT-000182,ACTIVE,ACTIVE,CHASSIS-SYN-000182,ENGINE-SYN-000182,AS26,dataset\NumberPlate_Annotated_Dataset-main\Images\AS26.jpg,SYNTHETIC_PROTOTYPE
VH-000183,HR26CC7676,HR,Truck,YES,Tata,Prima,Grey,Sri Lakshmi Logistics,VALID,2028-01-29,VALID,2028-06-13,VALID,2027-06-03,VALID,2027-05-06,FT-000183,ACTIVE,ACTIVE,CHASSIS-SYN-000183,ENGINE-SYN-000183,HR5,dataset\NumberPlate_Annotated_Dataset-main\Images\HR5.jpg,SYNTHETIC_PROTOTYPE
VH-000184,GJ18BD5216,GJ,Truck,YES,Tata,Prima,Black,Chennai Cargo,VALID,2029-02-21,VALID,2028-01-27,VALID,2027-07-28,VALID,2026-12-09,FT-000184,ACTIVE,ACTIVE,CHASSIS-SYN-000184,ENGINE-SYN-000184,GJ22,dataset\NumberPlate_Annotated_Dataset-main\Images\GJ22.jpg,SYNTHETIC_PROTOTYPE
VH-000185,UP32KW7325,UP,Mini Truck,YES,Mahindra,Bolero Pickup,Red,GreenLine Transport,VALID,2028-03-30,VALID,2028-09-05,VALID,2026-11-28,VALID,2027-02-25,FT-000185,INACTIVE,ACTIVE,CHASSIS-SYN-000185,ENGINE-SYN-000185,UP16,dataset\NumberPlate_Annotated_Dataset-main\Images\UP16.jpg,SYNTHETIC_PROTOTYPE
VH-000186,DL9CAV1739,DL,Car,NO,Toyota,Innova,White,Tamil Fleet Services,VALID,2027-03-02,VALID,2028-07-05,VALID,2027-04-24,VALID,2027-09-03,FT-000186,ACTIVE,ACTIVE,CHASSIS-SYN-000186,ENGINE-SYN-000186,DL16,dataset\NumberPlate_Annotated_Dataset-main\Images\DL16.jpg,SYNTHETIC_PROTOTYPE
VH-000187,WB06J4432,WB,Truck,YES,Ashok Leyland,AVTR,Grey,GreenLine Transport,VALID,2027-03-02,VALID,2028-03-22,VALID,2026-12-02,VALID,2026-12-03,FT-000187,ACTIVE,ACTIVE,CHASSIS-SYN-000187,ENGINE-SYN-000187,WB8,dataset\NumberPlate_Annotated_Dataset-main\Images\WB8.jpg,SYNTHETIC_PROTOTYPE
VH-000188,JH01AM0100,JH,Bike,NO,Honda,Shine,Red,Metro Transit,VALID,2028-12-08,VALID,2027-07-12,VALID,2027-01-31,VALID,2026-12-16,FT-000188,ACTIVE,ACTIVE,CHASSIS-SYN-000188,ENGINE-SYN-000188,JH2,dataset\NumberPlate_Annotated_Dataset-main\Images\JH2.jpg,SYNTHETIC_PROTOTYPE
VH-000189,JK01AF0310,JK,Mini Truck,YES,Tata,407,Blue,Apex Logistics,VALID,2029-02-01,VALID,2027-11-12,EXPIRED,2026-06-10,VALID,2027-07-20,FT-000189,ACTIVE,ACTIVE,CHASSIS-SYN-000189,ENGINE-SYN-000189,JK29,dataset\NumberPlate_Annotated_Dataset-main\Images\JK29.jpg,SYNTHETIC_PROTOTYPE
VH-000190,HP36E3330,HP,Bus,YES,Ashok Leyland,Viking,Grey,Southern Freight,VALID,2028-01-10,VALID,2027-11-01,VALID,2027-03-19,EXPIRED,2026-08-21,FT-000190,ACTIVE,ACTIVE,CHASSIS-SYN-000190,ENGINE-SYN-000190,HP12,dataset\NumberPlate_Annotated_Dataset-main\Images\HP12.jpg,SYNTHETIC_PROTOTYPE
VH-000191,GJ23CC8798,GJ,Bus,YES,Ashok Leyland,Viking,White,Sri Lakshmi Logistics,VALID,2027-04-17,VALID,2028-07-11,VALID,2027-02-06,VALID,2027-07-13,FT-000191,ACTIVE,ACTIVE,CHASSIS-SYN-000191,ENGINE-SYN-000191,GJ24,dataset\NumberPlate_Annotated_Dataset-main\Images\GJ24.jpg,SYNTHETIC_PROTOTYPE
VH-000192,PY01AH9067,PY,Car,NO,Maruti,Ertiga,Blue,Metro Transit,EXPIRED,2025-12-19,VALID,2028-08-04,VALID,2027-07-30,VALID,2027-02-22,FT-000192,ACTIVE,ACTIVE,CHASSIS-SYN-000192,ENGINE-SYN-000192,PY12,dataset\NumberPlate_Annotated_Dataset-main\Images\PY12.jpg,SYNTHETIC_PROTOTYPE
VH-000193,OR05AC0422,OR,Mini Truck,YES,Mahindra,Bolero Pickup,Grey,Kaveri Transport,VALID,2028-03-28,VALID,2026-12-28,VALID,2027-03-12,VALID,2026-10-31,FT-000193,ACTIVE,ACTIVE,CHASSIS-SYN-000193,ENGINE-SYN-000193,OD22,dataset\NumberPlate_Annotated_Dataset-main\Images\OD22.jpg,SYNTHETIC_PROTOTYPE
VH-000194,SK05T0338,SK,Bus,YES,Volvo,9400,Black,Coastal Commercials,VALID,2026-12-05,VALID,2028-05-27,VALID,2027-09-21,VALID,2027-04-02,FT-000194,ACTIVE,ACTIVE,CHASSIS-SYN-000194,ENGINE-SYN-000194,SK13,dataset\NumberPlate_Annotated_Dataset-main\Images\SK13.jpg,SYNTHETIC_PROTOTYPE
VH-000195,OD14E3131,OD,Truck,YES,Tata,Prima,Blue,Tamil Fleet Services,VALID,2027-11-20,VALID,2028-03-26,VALID,2027-04-21,EXPIRED,2026-09-07,FT-000195,ACTIVE,ACTIVE,CHASSIS-SYN-000195,ENGINE-SYN-000195,OD5,dataset\NumberPlate_Annotated_Dataset-main\Images\OD5.jpg,SYNTHETIC_PROTOTYPE
VH-000196,PB07BY3563,PB,Bus,YES,Ashok Leyland,Viking,Red,National Route Logistics,VALID,2029-02-19,VALID,2027-02-28,EXPIRED,2026-09-03,VALID,2027-07-16,FT-000196,ACTIVE,ACTIVE,CHASSIS-SYN-000196,ENGINE-SYN-000196,PB12,dataset\NumberPlate_Annotated_Dataset-main\Images\PB12.jpg,SYNTHETIC_PROTOTYPE
VH-000197,BR44E1206,BR,Bus,YES,Volvo,9400,Grey,Kaveri Transport,VALID,2027-03-23,VALID,2027-07-20,VALID,2026-10-31,VALID,2027-04-24,FT-000197,ACTIVE,ACTIVE,CHASSIS-SYN-000197,ENGINE-SYN-000197,BR7,dataset\NumberPlate_Annotated_Dataset-main\Images\BR7.jpg,SYNTHETIC_PROTOTYPE
VH-000198,TS09UA7948,TS,Truck,YES,Ashok Leyland,AVTR,Grey,Kaveri Transport,VALID,2028-11-20,VALID,2027-10-09,VALID,2027-06-21,VALID,2026-12-17,FT-000198,ACTIVE,SUSPENDED,CHASSIS-SYN-000198,ENGINE-SYN-000198,TS12,dataset\NumberPlate_Annotated_Dataset-main\Images\TS12.jpg,SYNTHETIC_PROTOTYPE
VH-000199,JK11B4928,JK,Bike,NO,TVS,Apache,White,Chennai Cargo,VALID,2027-08-22,VALID,2027-03-17,VALID,2027-03-05,VALID,2026-11-26,FT-000199,ACTIVE,ACTIVE,CHASSIS-SYN-000199,ENGINE-SYN-000199,JK7,dataset\NumberPlate_Annotated_Dataset-main\Images\JK7.jpg,SYNTHETIC_PROTOTYPE
VH-000200,KL16U8863,KL,Mini Truck,YES,Ashok Leyland,Dost,Grey,Sri Lakshmi Logistics,VALID,2028-05-27,VALID,2026-10-31,VALID,2027-07-10,VALID,2027-01-11,FT-000200,ACTIVE,ACTIVE,CHASSIS-SYN-000200,ENGINE-SYN-000200,KL9,dataset\NumberPlate_Annotated_Dataset-main\Images\KL9.jpg,SYNTHETIC_PROTOTYPE
VH-000201,HR01W0080,HR,Mini Truck,YES,Mahindra,Bolero Pickup,Grey,Kaveri Transport,VALID,2028-03-03,VALID,2027-10-01,VALID,2026-12-22,VALID,2027-06-20,FT-000201,ACTIVE,ACTIVE,CHASSIS-SYN-000201,ENGINE-SYN-000201,HR7,dataset\NumberPlate_Annotated_Dataset-main\Images\HR7.jpg,SYNTHETIC_PROTOTYPE
VH-000202,ML10C2674,ML,Car,NO,Maruti,Ertiga,Red,National Route Logistics,VALID,2027-12-29,VALID,2027-04-01,VALID,2027-06-29,VALID,2026-12-30,FT-000202,ACTIVE,ACTIVE,CHASSIS-SYN-000202,ENGINE-SYN-000202,ML32,dataset\NumberPlate_Annotated_Dataset-main\Images\ML32.jpg,SYNTHETIC_PROTOTYPE
VH-000203,WB26K2760,WB,Bike,NO,Honda,Shine,Black,Sri Lakshmi Logistics,VALID,2029-02-01,VALID,2027-02-08,VALID,2027-06-22,VALID,2027-07-15,FT-000203,ACTIVE,ACTIVE,CHASSIS-SYN-000203,ENGINE-SYN-000203,WB13,dataset\NumberPlate_Annotated_Dataset-main\Images\WB13.jpg,SYNTHETIC_PROTOTYPE
VH-000204,SK01PB5004,SK,Truck,YES,BharatBenz,3123R,Silver,Chennai Cargo,VALID,2029-02-08,VALID,2028-07-05,VALID,2027-09-15,VALID,2027-09-21,FT-000204,ACTIVE,ACTIVE,CHASSIS-SYN-000204,ENGINE-SYN-000204,SK10,dataset\NumberPlate_Annotated_Dataset-main\Images\SK10.jpg,SYNTHETIC_PROTOTYPE
VH-000205,PB10DV5354,PB,Truck,YES,Ashok Leyland,AVTR,Red,Chennai Cargo,VALID,2028-11-01,VALID,2027-11-14,VALID,2027-05-17,VALID,2027-07-08,FT-000205,ACTIVE,ACTIVE,CHASSIS-SYN-000205,ENGINE-SYN-000205,PB7,dataset\NumberPlate_Annotated_Dataset-main\Images\PB7.jpg,SYNTHETIC_PROTOTYPE
VH-000206,UP79L0567,UP,Truck,YES,BharatBenz,3123R,Blue,GreenLine Transport,VALID,2026-12-23,VALID,2026-11-20,VALID,2027-06-09,VALID,2027-09-11,FT-000206,ACTIVE,ACTIVE,CHASSIS-SYN-000206,ENGINE-SYN-000206,UP15,dataset\NumberPlate_Annotated_Dataset-main\Images\UP15.jpg,SYNTHETIC_PROTOTYPE
VH-000207,TR01AS0609,TR,Truck,YES,Ashok Leyland,AVTR,Grey,Apex Logistics,VALID,2028-09-05,VALID,2028-03-25,VALID,2027-06-17,VALID,2026-12-23,FT-000207,ACTIVE,ACTIVE,CHASSIS-SYN-000207,ENGINE-SYN-000207,TR9,dataset\NumberPlate_Annotated_Dataset-main\Images\TR9.jpg,SYNTHETIC_PROTOTYPE
VH-000208,ML05K9494,ML,Truck,YES,Tata,Prima,Yellow,GreenLine Transport,VALID,2027-05-08,VALID,2028-04-09,VALID,2027-06-11,VALID,2026-12-21,FT-000208,ACTIVE,ACTIVE,CHASSIS-SYN-000208,ENGINE-SYN-000208,ML27,dataset\NumberPlate_Annotated_Dataset-main\Images\ML27.jpg,SYNTHETIC_PROTOTYPE
VH-000209,KA05MF1762,KA,Truck,YES,Ashok Leyland,AVTR,Red,Chennai Cargo,VALID,2028-08-22,VALID,2027-01-01,VALID,2027-08-10,VALID,2026-11-03,FT-000209,ACTIVE,ACTIVE,CHASSIS-SYN-000209,ENGINE-SYN-000209,KA2,dataset\NumberPlate_Annotated_Dataset-main\Images\KA2.jpg,SYNTHETIC_PROTOTYPE
VH-000210,MH12HF5057,MH,Bus,YES,Ashok Leyland,Viking,Yellow,Metro Transit,VALID,2027-07-08,VALID,2027-03-27,VALID,2027-06-12,VALID,2027-02-09,FT-000210,ACTIVE,ACTIVE,CHASSIS-SYN-000210,ENGINE-SYN-000210,MH26,dataset\NumberPlate_Annotated_Dataset-main\Images\MH26.jpg,SYNTHETIC_PROTOTYPE
VH-000211,GA06E3855,GA,Truck,YES,BharatBenz,3123R,White,Sri Lakshmi Logistics,VALID,2027-03-19,VALID,2028-05-01,VALID,2027-02-06,VALID,2027-08-02,FT-000211,ACTIVE,ACTIVE,CHASSIS-SYN-000211,ENGINE-SYN-000211,GA9,dataset\NumberPlate_Annotated_Dataset-main\Images\GA9.jpg,SYNTHETIC_PROTOTYPE
VH-000212,AP31TV7236,AP,Bike,NO,TVS,Apache,Blue,Apex Logistics,VALID,2026-10-24,VALID,2028-07-07,VALID,2026-11-22,VALID,2026-11-23,FT-000212,ACTIVE,ACTIVE,CHASSIS-SYN-000212,ENGINE-SYN-000212,AP6,dataset\NumberPlate_Annotated_Dataset-main\Images\AP6.jpg,SYNTHETIC_PROTOTYPE
VH-000213,AR118724,AR,Bus,YES,Tata,Starbus,Yellow,National Route Logistics,VALID,2028-07-15,VALID,2028-01-04,VALID,2027-09-15,VALID,2027-03-16,FT-000213,ACTIVE,ACTIVE,CHASSIS-SYN-000213,ENGINE-SYN-000213,AR12,dataset\NumberPlate_Annotated_Dataset-main\Images\AR12.jpg,SYNTHETIC_PROTOTYPE
VH-000214,WB12AX2987,WB,Mini Truck,YES,Tata,407,Black,Apex Logistics,VALID,2028-03-22,VALID,2027-04-29,VALID,2026-11-08,VALID,2027-03-02,FT-000214,ACTIVE,ACTIVE,CHASSIS-SYN-000214,ENGINE-SYN-000214,WB15,dataset\NumberPlate_Annotated_Dataset-main\Images\WB15.jpg,SYNTHETIC_PROTOTYPE
VH-000215,GA01R6315,GA,Truck,YES,Tata,Prima,Black,National Route Logistics,VALID,2027-01-28,VALID,2028-03-10,EXPIRED,2026-06-04,VALID,2027-03-08,FT-000215,ACTIVE,ACTIVE,CHASSIS-SYN-000215,ENGINE-SYN-000215,GA10,dataset\NumberPlate_Annotated_Dataset-main\Images\GA10.jpg,SYNTHETIC_PROTOTYPE
VH-000216,GJ34B9811,GJ,Truck,YES,Tata,Prima,White,Metro Transit,VALID,2028-02-22,VALID,2027-09-12,VALID,2027-08-24,VALID,2027-01-19,FT-000216,ACTIVE,ACTIVE,CHASSIS-SYN-000216,ENGINE-SYN-000216,GJ7,dataset\NumberPlate_Annotated_Dataset-main\Images\GJ7.jpg,SYNTHETIC_PROTOTYPE
VH-000217,JK02AG2454,JK,Truck,YES,Ashok Leyland,AVTR,White,Kaveri Transport,VALID,2027-10-08,VALID,2028-02-24,VALID,2026-12-11,VALID,2027-05-02,FT-000217,KYC_PENDING,ACTIVE,CHASSIS-SYN-000217,ENGINE-SYN-000217,JK26,dataset\NumberPlate_Annotated_Dataset-main\Images\JK26.jpg,SYNTHETIC_PROTOTYPE
VH-000218,TS09EZ9296,TS,Bus,YES,Tata,Starbus,White,GreenLine Transport,EXPIRED,2025-12-13,VALID,2028-04-12,VALID,2026-11-11,VALID,2027-04-30,FT-000218,ACTIVE,ACTIVE,CHASSIS-SYN-000218,ENGINE-SYN-000218,TS4,dataset\NumberPlate_Annotated_Dataset-main\Images\TS4.jpg,SYNTHETIC_PROTOTYPE
VH-000219,UP32CX3400,UP,Mini Truck,YES,Ashok Leyland,Dost,Silver,National Route Logistics,VALID,2027-01-24,VALID,2027-06-21,VALID,2027-06-04,VALID,2027-08-17,FT-000219,ACTIVE,ACTIVE,CHASSIS-SYN-000219,ENGINE-SYN-000219,UP17,dataset\NumberPlate_Annotated_Dataset-main\Images\UP17.jpg,SYNTHETIC_PROTOTYPE
VH-000220,HR4281329,HR,Bike,NO,Bajaj,Pulsar,Blue,National Route Logistics,VALID,2028-04-14,VALID,2027-03-11,VALID,2027-08-22,EXPIRED,2026-07-30,FT-000220,ACTIVE,ACTIVE,CHASSIS-SYN-000220,ENGINE-SYN-000220,HR21,dataset\NumberPlate_Annotated_Dataset-main\Images\HR21.jpg,SYNTHETIC_PROTOTYPE
VH-000221,TS21J8351,TS,Bus,YES,Ashok Leyland,Viking,Red,Kaveri Transport,VALID,2027-04-04,VALID,2028-04-11,VALID,2027-09-22,VALID,2027-03-15,FT-000221,ACTIVE,ACTIVE,CHASSIS-SYN-000221,ENGINE-SYN-000221,TS9,dataset\NumberPlate_Annotated_Dataset-main\Images\TS9.jpg,SYNTHETIC_PROTOTYPE
VH-000222,MH36H5700,MH,Bike,NO,Bajaj,Pulsar,Black,National Route Logistics,EXPIRED,2026-02-11,VALID,2028-08-02,VALID,2027-04-07,VALID,2027-01-24,FT-000222,ACTIVE,ACTIVE,CHASSIS-SYN-000222,ENGINE-SYN-000222,MH11,dataset\NumberPlate_Annotated_Dataset-main\Images\MH11.jpg,SYNTHETIC_PROTOTYPE
VH-000223,GJ06JE4788,GJ,Truck,YES,Ashok Leyland,AVTR,Grey,Chennai Cargo,VALID,2027-08-13,VALID,2028-05-06,VALID,2027-06-16,VALID,2027-08-23,FT-000223,ACTIVE,ACTIVE,CHASSIS-SYN-000223,ENGINE-SYN-000223,GJ4,dataset\NumberPlate_Annotated_Dataset-main\Images\GJ4.jpg,SYNTHETIC_PROTOTYPE
VH-000224,PY02S9326,PY,Car,NO,Maruti,Ertiga,Grey,Kaveri Transport,VALID,2028-06-04,VALID,2027-07-07,VALID,2027-02-27,VALID,2027-05-31,FT-000224,ACTIVE,ACTIVE,CHASSIS-SYN-000224,ENGINE-SYN-000224,PY17,dataset\NumberPlate_Annotated_Dataset-main\Images\PY17.jpg,SYNTHETIC_PROTOTYPE
VH-000225,MP07CA5563,MP,Mini Truck,YES,Tata,407,Yellow,GreenLine Transport,VALID,2028-10-25,VALID,2027-12-15,VALID,2027-07-19,VALID,2027-01-31,FT-000225,ACTIVE,ACTIVE,CHASSIS-SYN-000225,ENGINE-SYN-000225,MP6,dataset\NumberPlate_Annotated_Dataset-main\Images\MP6.jpg,SYNTHETIC_PROTOTYPE
VH-000226,JK02BJ4045,JK,Truck,YES,Ashok Leyland,AVTR,Silver,Chennai Cargo,VALID,2027-11-22,VALID,2027-09-08,VALID,2027-02-03,EXPIRED,2026-09-15,FT-000226,ACTIVE,ACTIVE,CHASSIS-SYN-000226,ENGINE-SYN-000226,JK20,dataset\NumberPlate_Annotated_Dataset-main\Images\JK20.jpg,SYNTHETIC_PROTOTYPE
VH-000227,PB11BG7347,PB,Mini Truck,YES,Mahindra,Bolero Pickup,Blue,National Route Logistics,VALID,2028-04-25,VALID,2027-07-31,VALID,2027-05-18,VALID,2027-02-19,FT-000227,ACTIVE,ACTIVE,CHASSIS-SYN-000227,ENGINE-SYN-000227,PB1,dataset\NumberPlate_Annotated_Dataset-main\Images\PB1.jpg,SYNTHETIC_PROTOTYPE
VH-000228,TN19Q0835,TN,Truck,YES,Ashok Leyland,AVTR,Red,National Route Logistics,EXPIRED,2026-09-19,VALID,2027-06-05,VALID,2027-04-01,VALID,2027-05-15,FT-000228,ACTIVE,ACTIVE,CHASSIS-SYN-000228,ENGINE-SYN-000228,TN9,dataset\NumberPlate_Annotated_Dataset-main\Images\TN9.jpg,SYNTHETIC_PROTOTYPE
VH-000229,UP57H8173,UP,Bike,NO,Honda,Shine,Yellow,Sri Lakshmi Logistics,VALID,2027-09-20,VALID,2028-02-13,VALID,2027-05-12,VALID,2027-02-01,FT-000229,ACTIVE,ACTIVE,CHASSIS-SYN-000229,ENGINE-SYN-000229,UP1,dataset\NumberPlate_Annotated_Dataset-main\Images\UP1.jpg,SYNTHETIC_PROTOTYPE
VH-000230,GA07K7150,GA,Mini Truck,YES,Tata,407,Black,Apex Logistics,VALID,2028-02-17,VALID,2027-04-05,VALID,2027-03-01,VALID,2027-04-20,FT-000230,ACTIVE,ACTIVE,CHASSIS-SYN-000230,ENGINE-SYN-000230,GA7,dataset\NumberPlate_Annotated_Dataset-main\Images\GA7.jpg,SYNTHETIC_PROTOTYPE
VH-000231,GJ06DQ3712,GJ,Truck,YES,Ashok Leyland,AVTR,Silver,Metro Transit,EXPIRED,2026-01-04,VALID,2027-03-16,VALID,2026-11-12,VALID,2027-04-26,FT-000231,ACTIVE,ACTIVE,CHASSIS-SYN-000231,ENGINE-SYN-000231,GJ17,dataset\NumberPlate_Annotated_Dataset-main\Images\GJ17.jpg,SYNTHETIC_PROTOTYPE
VH-000232,GJ06DG9355,GJ,Truck,YES,Ashok Leyland,AVTR,Red,Sri Lakshmi Logistics,VALID,2029-02-22,VALID,2027-04-26,VALID,2027-05-09,VALID,2027-01-24,FT-000232,ACTIVE,ACTIVE,CHASSIS-SYN-000232,ENGINE-SYN-000232,GJ14,dataset\NumberPlate_Annotated_Dataset-main\Images\GJ14.jpg,SYNTHETIC_PROTOTYPE
VH-000233,JK02BJ7997,JK,Car,NO,Maruti,Ertiga,Black,Metro Transit,VALID,2028-11-05,VALID,2028-01-23,VALID,2027-08-19,VALID,2027-02-27,FT-000233,ACTIVE,ACTIVE,CHASSIS-SYN-000233,ENGINE-SYN-000233,JK2,dataset\NumberPlate_Annotated_Dataset-main\Images\JK2.jpg,SYNTHETIC_PROTOTYPE
VH-000234,AS23H2866,AS,Mini Truck,YES,Ashok Leyland,Dost,Black,Kaveri Transport,VALID,2027-05-27,VALID,2028-02-29,EXPIRED,2026-07-30,VALID,2027-05-31,FT-000234,ACTIVE,ACTIVE,CHASSIS-SYN-000234,ENGINE-SYN-000234,AS1,dataset\NumberPlate_Annotated_Dataset-main\Images\AS1.jpg,SYNTHETIC_PROTOTYPE
VH-000235,WB02AA5580,WB,Mini Truck,YES,Tata,407,Black,Tamil Fleet Services,EXPIRED,2026-02-03,VALID,2028-04-12,VALID,2026-12-20,VALID,2027-04-16,FT-000235,ACTIVE,ACTIVE,CHASSIS-SYN-000235,ENGINE-SYN-000235,WB9,dataset\NumberPlate_Annotated_Dataset-main\Images\WB9.jpg,SYNTHETIC_PROTOTYPE
VH-000236,CG22AB1111,CG,Car,NO,Toyota,Innova,White,National Route Logistics,VALID,2028-06-18,VALID,2028-08-06,VALID,2026-11-01,VALID,2027-08-20,FT-000236,ACTIVE,ACTIVE,CHASSIS-SYN-000236,ENGINE-SYN-000236,CG6,dataset\NumberPlate_Annotated_Dataset-main\Images\CG6.jpg,SYNTHETIC_PROTOTYPE
VH-000237,MH12KN8366,MH,Bike,NO,Honda,Shine,Blue,Chennai Cargo,VALID,2028-11-29,VALID,2027-09-23,VALID,2027-03-04,VALID,2027-03-17,FT-000237,ACTIVE,ACTIVE,CHASSIS-SYN-000237,ENGINE-SYN-000237,MH19,dataset\NumberPlate_Annotated_Dataset-main\Images\MH19.jpg,SYNTHETIC_PROTOTYPE
VH-000238,AS04X2780,AS,Truck,YES,BharatBenz,3123R,Grey,Chennai Cargo,VALID,2028-02-07,VALID,2028-03-07,VALID,2027-01-25,VALID,2027-07-14,FT-000238,ACTIVE,ACTIVE,CHASSIS-SYN-000238,ENGINE-SYN-000238,AS9,dataset\NumberPlate_Annotated_Dataset-main\Images\AS9.jpg,SYNTHETIC_PROTOTYPE
VH-000239,GJ06PA0097,GJ,Mini Truck,YES,Ashok Leyland,Dost,Red,Metro Transit,VALID,2026-11-10,VALID,2027-02-22,VALID,2026-11-01,VALID,2026-12-07,FT-000239,ACTIVE,ACTIVE,CHASSIS-SYN-000239,ENGINE-SYN-000239,GJ12,dataset\NumberPlate_Annotated_Dataset-main\Images\GJ12.jpg,SYNTHETIC_PROTOTYPE
VH-000240,AP39JJ5441,AP,Bike,NO,Bajaj,Pulsar,Grey,Coastal Commercials,VALID,2028-06-19,EXPIRED,2026-08-11,VALID,2027-06-10,VALID,2027-02-15,FT-000240,ACTIVE,ACTIVE,CHASSIS-SYN-000240,ENGINE-SYN-000240,AP13,dataset\NumberPlate_Annotated_Dataset-main\Images\AP13.jpg,SYNTHETIC_PROTOTYPE
VH-000241,GA05B5077,GA,Car,NO,Maruti,Ertiga,Red,Southern Freight,VALID,2026-10-31,VALID,2027-08-22,VALID,2027-09-14,VALID,2026-12-30,FT-000241,ACTIVE,ACTIVE,CHASSIS-SYN-000241,ENGINE-SYN-000241,GA8,dataset\NumberPlate_Annotated_Dataset-main\Images\GA8.jpg,SYNTHETIC_PROTOTYPE
VH-000242,JH01Z3792,JH,Mini Truck,YES,Ashok Leyland,Dost,Red,Tamil Fleet Services,VALID,2029-02-21,VALID,2028-05-27,VALID,2027-09-04,VALID,2027-03-04,FT-000242,ACTIVE,ACTIVE,CHASSIS-SYN-000242,ENGINE-SYN-000242,JH1,dataset\NumberPlate_Annotated_Dataset-main\Images\JH1.jpg,SYNTHETIC_PROTOTYPE
VH-000243,GA07K6090,GA,Truck,YES,Ashok Leyland,AVTR,Silver,National Route Logistics,VALID,2027-09-27,VALID,2027-03-07,VALID,2027-09-16,VALID,2027-03-10,FT-000243,ACTIVE,ACTIVE,CHASSIS-SYN-000243,ENGINE-SYN-000243,GA13,dataset\NumberPlate_Annotated_Dataset-main\Images\GA13.jpg,SYNTHETIC_PROTOTYPE
VH-000244,JH01DB1881,JH,Truck,YES,BharatBenz,3123R,Red,Kaveri Transport,VALID,2027-09-25,VALID,2028-05-21,VALID,2027-06-12,VALID,2026-12-15,FT-000244,KYC_PENDING,ACTIVE,CHASSIS-SYN-000244,ENGINE-SYN-000244,JH3,dataset\NumberPlate_Annotated_Dataset-main\Images\JH3.jpg,SYNTHETIC_PROTOTYPE
VH-000245,ML04C0056,ML,Mini Truck,YES,Ashok Leyland,Dost,Silver,Sri Lakshmi Logistics,VALID,2028-08-19,VALID,2028-01-05,VALID,2027-06-08,VALID,2027-06-11,FT-000245,ACTIVE,ACTIVE,CHASSIS-SYN-000245,ENGINE-SYN-000245,ML19,dataset\NumberPlate_Annotated_Dataset-main\Images\ML19.jpg,SYNTHETIC_PROTOTYPE
VH-000246,AP31DA0020,AP,Truck,YES,Ashok Leyland,AVTR,Silver,GreenLine Transport,VALID,2026-10-30,VALID,2026-12-13,VALID,2026-12-04,VALID,2027-08-25,FT-000246,ACTIVE,ACTIVE,CHASSIS-SYN-000246,ENGINE-SYN-000246,AP33,dataset\NumberPlate_Annotated_Dataset-main\Images\AP33.jpg,SYNTHETIC_PROTOTYPE
VH-000247,MH49AS5099,MH,Car,NO,Toyota,Innova,Yellow,Metro Transit,VALID,2027-12-11,VALID,2027-11-25,VALID,2027-02-15,VALID,2026-11-21,FT-000247,ACTIVE,ACTIVE,CHASSIS-SYN-000247,ENGINE-SYN-000247,MH23,dataset\NumberPlate_Annotated_Dataset-main\Images\MH23.jpg,SYNTHETIC_PROTOTYPE
VH-000248,KA03NC7167,KA,Bike,NO,Honda,Shine,Blue,Sri Lakshmi Logistics,VALID,2027-10-12,VALID,2026-12-16,VALID,2027-05-04,VALID,2027-03-21,FT-000248,ACTIVE,ACTIVE,CHASSIS-SYN-000248,ENGINE-SYN-000248,KA16,dataset\NumberPlate_Annotated_Dataset-main\Images\KA16.jpg,SYNTHETIC_PROTOTYPE
VH-000249,HR26BY4812,HR,Truck,YES,Tata,Prima,Black,National Route Logistics,EXPIRED,2026-06-22,VALID,2027-07-03,VALID,2027-01-20,VALID,2027-02-27,FT-000249,ACTIVE,ACTIVE,CHASSIS-SYN-000249,ENGINE-SYN-000249,HR10,dataset\NumberPlate_Annotated_Dataset-main\Images\HR10.jpg,SYNTHETIC_PROTOTYPE
VH-000250,ML05L5154,ML,Car,NO,Hyundai,Aura,Silver,Metro Transit,VALID,2027-12-04,VALID,2028-02-25,VALID,2027-05-15,VALID,2026-11-16,FT-000250,ACTIVE,ACTIVE,CHASSIS-SYN-000250,ENGINE-SYN-000250,ML17,dataset\NumberPlate_Annotated_Dataset-main\Images\ML17.jpg,SYNTHETIC_PROTOTYPE
VH-000251,TR01X0482,TR,Truck,YES,Tata,Prima,Blue,Sri Lakshmi Logistics,EXPIRED,2026-05-26,VALID,2027-04-28,VALID,2026-12-20,VALID,2027-01-20,FT-000251,ACTIVE,ACTIVE,CHASSIS-SYN-000251,ENGINE-SYN-000251,TR5,dataset\NumberPlate_Annotated_Dataset-main\Images\TR5.jpg,SYNTHETIC_PROTOTYPE
VH-000252,HR20X8432,HR,Truck,YES,Ashok Leyland,AVTR,Black,Sri Lakshmi Logistics,VALID,2028-04-20,VALID,2027-03-23,VALID,2027-09-03,VALID,2027-07-09,FT-000252,ACTIVE,ACTIVE,CHASSIS-SYN-000252,ENGINE-SYN-000252,HR8,dataset\NumberPlate_Annotated_Dataset-main\Images\HR8.jpg,SYNTHETIC_PROTOTYPE
VH-000253,DN09D2724,DN,Car,NO,Toyota,Innova,Blue,Southern Freight,VALID,2027-09-19,VALID,2027-06-27,VALID,2026-12-28,VALID,2026-12-16,FT-000253,ACTIVE,ACTIVE,CHASSIS-SYN-000253,ENGINE-SYN-000253,DN5,dataset\NumberPlate_Annotated_Dataset-main\Images\DN5.jpg,SYNTHETIC_PROTOTYPE
VH-000254,PB08C03690,PB,Truck,YES,Tata,Prima,Blue,Coastal Commercials,VALID,2028-12-19,VALID,2027-04-24,VALID,2027-07-24,VALID,2027-02-01,FT-000254,ACTIVE,ACTIVE,CHASSIS-SYN-000254,ENGINE-SYN-000254,PB11,dataset\NumberPlate_Annotated_Dataset-main\Images\PB11.jpg,SYNTHETIC_PROTOTYPE
VH-000255,CG12AG1130,CG,Bike,NO,Bajaj,Pulsar,Silver,Southern Freight,VALID,2028-07-24,VALID,2028-02-05,VALID,2027-05-02,VALID,2027-02-11,FT-000255,ACTIVE,ACTIVE,CHASSIS-SYN-000255,ENGINE-SYN-000255,CG12,dataset\NumberPlate_Annotated_Dataset-main\Images\CG12.jpg,SYNTHETIC_PROTOTYPE
VH-000256,ML05D0571,ML,Truck,YES,Tata,Prima,Red,Kaveri Transport,VALID,2028-03-22,VALID,2028-02-21,VALID,2026-12-20,VALID,2027-04-20,FT-000256,ACTIVE,ACTIVE,CHASSIS-SYN-000256,ENGINE-SYN-000256,ML5,dataset\NumberPlate_Annotated_Dataset-main\Images\ML5.jpg,SYNTHETIC_PROTOTYPE
VH-000257,HR71F9259,HR,Bus,YES,Ashok Leyland,Viking,Red,Chennai Cargo,VALID,2027-03-10,VALID,2027-04-18,VALID,2026-12-03,VALID,2027-09-10,FT-000257,ACTIVE,ACTIVE,CHASSIS-SYN-000257,ENGINE-SYN-000257,HR2,dataset\NumberPlate_Annotated_Dataset-main\Images\HR2.jpg,SYNTHETIC_PROTOTYPE
VH-000258,OD02L4656,OD,Mini Truck,YES,Mahindra,Bolero Pickup,Yellow,Kaveri Transport,VALID,2027-09-21,VALID,2027-07-29,VALID,2026-12-02,VALID,2027-05-05,FT-000258,ACTIVE,ACTIVE,CHASSIS-SYN-000258,ENGINE-SYN-000258,OD14,dataset\NumberPlate_Annotated_Dataset-main\Images\OD14.jpg,SYNTHETIC_PROTOTYPE
VH-000259,HR29AS0015,HR,Truck,YES,BharatBenz,3123R,Red,GreenLine Transport,VALID,2027-07-10,VALID,2028-07-03,VALID,2027-03-01,VALID,2027-04-05,FT-000259,ACTIVE,ACTIVE,CHASSIS-SYN-000259,ENGINE-SYN-000259,HR9,dataset\NumberPlate_Annotated_Dataset-main\Images\HR9.jpg,SYNTHETIC_PROTOTYPE
VH-000260,JK05H3594,JK,Truck,YES,BharatBenz,3123R,Black,Southern Freight,VALID,2028-05-21,VALID,2028-01-11,VALID,2027-05-23,VALID,2027-02-08,FT-000260,ACTIVE,ACTIVE,CHASSIS-SYN-000260,ENGINE-SYN-000260,JK5,dataset\NumberPlate_Annotated_Dataset-main\Images\JK5.jpg,SYNTHETIC_PROTOTYPE
VH-000261,AP04BA4464,AP,Bike,NO,Honda,Shine,Silver,Kaveri Transport,VALID,2027-07-16,VALID,2027-10-23,VALID,2027-04-22,VALID,2026-12-23,FT-000261,ACTIVE,ACTIVE,CHASSIS-SYN-000261,ENGINE-SYN-000261,AP40,dataset\NumberPlate_Annotated_Dataset-main\Images\AP40.jpg,SYNTHETIC_PROTOTYPE
VH-000262,AR08983,AR,Truck,YES,BharatBenz,3123R,Grey,GreenLine Transport,VALID,2028-05-27,VALID,2027-10-22,VALID,2026-11-10,VALID,2027-09-14,FT-000262,ACTIVE,ACTIVE,CHASSIS-SYN-000262,ENGINE-SYN-000262,AR8,dataset\NumberPlate_Annotated_Dataset-main\Images\AR8.jpg,SYNTHETIC_PROTOTYPE
VH-000263,HP24C8D32,HP,Car,NO,Maruti,Ertiga,Silver,Metro Transit,VALID,2028-08-31,VALID,2027-06-21,VALID,2027-07-19,VALID,2027-01-06,FT-000263,ACTIVE,ACTIVE,CHASSIS-SYN-000263,ENGINE-SYN-000263,HP18,dataset\NumberPlate_Annotated_Dataset-main\Images\HP18.jpg,SYNTHETIC_PROTOTYPE
VH-000264,AP05BY7799,AP,Truck,YES,Ashok Leyland,AVTR,Yellow,Kaveri Transport,VALID,2027-03-04,VALID,2028-05-18,VALID,2027-02-11,VALID,2027-06-13,FT-000264,ACTIVE,ACTIVE,CHASSIS-SYN-000264,ENGINE-SYN-000264,AP1,dataset\NumberPlate_Annotated_Dataset-main\Images\AP1.jpg,SYNTHETIC_PROTOTYPE
VH-000265,HR51BU8218,HR,Mini Truck,YES,Mahindra,Bolero Pickup,Silver,Southern Freight,VALID,2027-06-03,VALID,2027-12-20,VALID,2026-11-15,VALID,2026-11-01,FT-000265,ACTIVE,ACTIVE,CHASSIS-SYN-000265,ENGINE-SYN-000265,HR14,dataset\NumberPlate_Annotated_Dataset-main\Images\HR14.jpg,SYNTHETIC_PROTOTYPE
VH-000266,PY02S7828,PY,Mini Truck,YES,Ashok Leyland,Dost,Black,Metro Transit,VALID,2027-10-22,VALID,2027-03-13,VALID,2026-11-12,VALID,2026-11-28,FT-000266,ACTIVE,ACTIVE,CHASSIS-SYN-000266,ENGINE-SYN-000266,PY4,dataset\NumberPlate_Annotated_Dataset-main\Images\PY4.jpg,SYNTHETIC_PROTOTYPE
VH-000267,UP52AH9705,UP,Bike,NO,TVS,Apache,Yellow,Chennai Cargo,VALID,2027-11-26,VALID,2027-05-24,VALID,2027-08-11,VALID,2026-11-18,FT-000267,ACTIVE,ACTIVE,CHASSIS-SYN-000267,ENGINE-SYN-000267,UP21,dataset\NumberPlate_Annotated_Dataset-main\Images\UP21.jpg,SYNTHETIC_PROTOTYPE
VH-000268,DN09H2191,DN,Truck,YES,BharatBenz,3123R,Yellow,Chennai Cargo,VALID,2028-10-13,VALID,2026-11-06,VALID,2027-07-25,VALID,2027-01-23,FT-000268,ACTIVE,ACTIVE,CHASSIS-SYN-000268,ENGINE-SYN-000268,DN1,dataset\NumberPlate_Annotated_Dataset-main\Images\DN1.jpg,SYNTHETIC_PROTOTYPE
VH-000269,SK01T3835,SK,Truck,YES,BharatBenz,3123R,Blue,GreenLine Transport,VALID,2027-07-30,VALID,2028-05-03,VALID,2026-10-30,VALID,2027-01-29,FT-000269,ACTIVE,ACTIVE,CHASSIS-SYN-000269,ENGINE-SYN-000269,SK12,dataset\NumberPlate_Annotated_Dataset-main\Images\SK12.jpg,SYNTHETIC_PROTOTYPE
VH-000270,ML133317,ML,Mini Truck,YES,Mahindra,Bolero Pickup,Black,Southern Freight,VALID,2028-05-16,VALID,2028-03-20,VALID,2027-04-16,VALID,2027-08-09,FT-000270,ACTIVE,ACTIVE,CHASSIS-SYN-000270,ENGINE-SYN-000270,ML16,dataset\NumberPlate_Annotated_Dataset-main\Images\ML16.jpg,SYNTHETIC_PROTOTYPE
VH-000271,TS13EK6213,TS,Car,NO,Toyota,Innova,Red,GreenLine Transport,VALID,2028-04-03,VALID,2027-09-02,VALID,2027-09-22,VALID,2026-10-24,FT-000271,ACTIVE,ACTIVE,CHASSIS-SYN-000271,ENGINE-SYN-000271,TS15,dataset\NumberPlate_Annotated_Dataset-main\Images\TS15.jpg,SYNTHETIC_PROTOTYPE
VH-000272,JK10A5217,JK,Bike,NO,TVS,Apache,Yellow,Chennai Cargo,VALID,2027-05-04,VALID,2027-06-30,VALID,2027-06-16,VALID,2027-06-29,FT-000272,BLACKLISTED,ACTIVE,CHASSIS-SYN-000272,ENGINE-SYN-000272,JK28,dataset\NumberPlate_Annotated_Dataset-main\Images\JK28.jpg,SYNTHETIC_PROTOTYPE
VH-000273,DL9CAU4743,DL,Truck,YES,Ashok Leyland,AVTR,Blue,Sri Lakshmi Logistics,VALID,2027-07-26,VALID,2026-12-15,VALID,2026-12-20,VALID,2027-09-16,FT-000273,ACTIVE,ACTIVE,CHASSIS-SYN-000273,ENGINE-SYN-000273,DL14,dataset\NumberPlate_Annotated_Dataset-main\Images\DL14.jpg,SYNTHETIC_PROTOTYPE
VH-000274,PB35F9333,PB,Bus,YES,Ashok Leyland,Viking,Silver,Chennai Cargo,VALID,2027-03-20,VALID,2026-12-06,VALID,2027-09-17,VALID,2027-06-16,FT-000274,ACTIVE,ACTIVE,CHASSIS-SYN-000274,ENGINE-SYN-000274,PB9,dataset\NumberPlate_Annotated_Dataset-main\Images\PB9.jpg,SYNTHETIC_PROTOTYPE
VH-000275,DN0909704,DN,Truck,YES,Ashok Leyland,AVTR,Yellow,National Route Logistics,VALID,2028-09-15,EXPIRED,2026-03-30,VALID,2027-01-09,VALID,2027-07-29,FT-000275,ACTIVE,ACTIVE,CHASSIS-SYN-000275,ENGINE-SYN-000275,DN7,dataset\NumberPlate_Annotated_Dataset-main\Images\DN7.jpg,SYNTHETIC_PROTOTYPE
VH-000276,CG09JA2359,CG,Mini Truck,YES,Tata,407,Black,National Route Logistics,VALID,2028-07-24,VALID,2027-03-28,VALID,2027-01-12,VALID,2026-10-30,FT-000276,ACTIVE,ACTIVE,CHASSIS-SYN-000276,ENGINE-SYN-000276,CG14,dataset\NumberPlate_Annotated_Dataset-main\Images\CG14.jpg,SYNTHETIC_PROTOTYPE
VH-000277,KL02AF6723,KL,Mini Truck,YES,Tata,407,Red,Kaveri Transport,VALID,2027-03-30,VALID,2027-09-23,VALID,2027-05-12,VALID,2027-01-04,FT-000277,ACTIVE,ACTIVE,CHASSIS-SYN-000277,ENGINE-SYN-000277,KL3,dataset\NumberPlate_Annotated_Dataset-main\Images\KL3.jpg,SYNTHETIC_PROTOTYPE
VH-000278,KL46R3613,KL,Mini Truck,YES,Ashok Leyland,Dost,White,Apex Logistics,VALID,2027-08-06,VALID,2027-10-05,VALID,2027-02-20,VALID,2027-05-01,FT-000278,ACTIVE,SUSPENDED,CHASSIS-SYN-000278,ENGINE-SYN-000278,KL6,dataset\NumberPlate_Annotated_Dataset-main\Images\KL6.jpg,SYNTHETIC_PROTOTYPE
VH-000279,RJ20UB0137,RJ,Car,NO,Maruti,Ertiga,Grey,National Route Logistics,VALID,2027-09-15,VALID,2027-06-23,VALID,2027-04-09,VALID,2027-08-04,FT-000279,INACTIVE,ACTIVE,CHASSIS-SYN-000279,ENGINE-SYN-000279,RJ9,dataset\NumberPlate_Annotated_Dataset-main\Images\RJ9.jpg,SYNTHETIC_PROTOTYPE
VH-000280,HR09G8378,HR,Truck,YES,Tata,Prima,Grey,Chennai Cargo,VALID,2026-12-07,VALID,2026-11-21,VALID,2027-05-25,VALID,2027-07-16,FT-000280,ACTIVE,ACTIVE,CHASSIS-SYN-000280,ENGINE-SYN-000280,HR22,dataset\NumberPlate_Annotated_Dataset-main\Images\HR22.jpg,SYNTHETIC_PROTOTYPE
VH-000281,HP52B5958,HP,Car,NO,Maruti,Ertiga,Yellow,Tamil Fleet Services,VALID,2027-12-07,VALID,2027-07-06,VALID,2027-06-19,VALID,2026-11-16,FT-000281,KYC_PENDING,ACTIVE,CHASSIS-SYN-000281,ENGINE-SYN-000281,HP10,dataset\NumberPlate_Annotated_Dataset-main\Images\HP10.jpg,SYNTHETIC_PROTOTYPE
VH-000282,AS01AT8119,AS,Car,NO,Maruti,Ertiga,Black,Southern Freight,VALID,2027-08-10,VALID,2027-05-29,VALID,2027-07-02,VALID,2027-05-11,FT-000282,ACTIVE,ACTIVE,CHASSIS-SYN-000282,ENGINE-SYN-000282,AS20,dataset\NumberPlate_Annotated_Dataset-main\Images\AS20.jpg,SYNTHETIC_PROTOTYPE
VH-000283,DL4CNA7231,DL,Bus,YES,Tata,Starbus,Silver,Coastal Commercials,VALID,2027-09-09,VALID,2028-07-20,VALID,2027-04-25,VALID,2027-08-27,FT-000283,ACTIVE,ACTIVE,CHASSIS-SYN-000283,ENGINE-SYN-000283,DL33,dataset\NumberPlate_Annotated_Dataset-main\Images\DL33.jpg,SYNTHETIC_PROTOTYPE
VH-000284,JK02CC0447,JK,Bike,NO,TVS,Apache,Grey,Metro Transit,VALID,2027-11-11,VALID,2026-10-23,VALID,2026-10-26,VALID,2027-02-11,FT-000284,KYC_PENDING,ACTIVE,CHASSIS-SYN-000284,ENGINE-SYN-000284,JK23,dataset\NumberPlate_Annotated_Dataset-main\Images\JK23.jpg,SYNTHETIC_PROTOTYPE
VH-000285,DL11CA4900,DL,Mini Truck,YES,Ashok Leyland,Dost,Yellow,Chennai Cargo,VALID,2027-01-16,VALID,2027-03-08,VALID,2027-03-31,VALID,2027-03-26,FT-000285,ACTIVE,ACTIVE,CHASSIS-SYN-000285,ENGINE-SYN-000285,DL26,dataset\NumberPlate_Annotated_Dataset-main\Images\DL26.jpg,SYNTHETIC_PROTOTYPE
VH-000286,JK10A4638,JK,Bike,NO,Honda,Shine,Yellow,Metro Transit,VALID,2028-01-12,VALID,2027-08-13,VALID,2027-03-10,VALID,2027-06-20,FT-000286,ACTIVE,ACTIVE,CHASSIS-SYN-000286,ENGINE-SYN-000286,JK35,dataset\NumberPlate_Annotated_Dataset-main\Images\JK35.jpg,SYNTHETIC_PROTOTYPE
VH-000287,DL3CBS5881,DL,Truck,YES,BharatBenz,3123R,Red,Sri Lakshmi Logistics,EXPIRED,2026-02-26,EXPIRED,2026-05-12,VALID,2027-09-02,VALID,2027-06-03,FT-000287,ACTIVE,ACTIVE,CHASSIS-SYN-000287,ENGINE-SYN-000287,DL35,dataset\NumberPlate_Annotated_Dataset-main\Images\DL35.jpg,SYNTHETIC_PROTOTYPE
VH-000288,WB02M8447,WB,Mini Truck,YES,Mahindra,Bolero Pickup,Black,GreenLine Transport,VALID,2028-03-25,VALID,2027-10-09,VALID,2027-07-24,VALID,2027-02-06,FT-000288,ACTIVE,ACTIVE,CHASSIS-SYN-000288,ENGINE-SYN-000288,WB2,dataset\NumberPlate_Annotated_Dataset-main\Images\WB2.jpg,SYNTHETIC_PROTOTYPE
VH-000289,KL34A7564,KL,Truck,YES,Tata,Prima,Blue,Apex Logistics,VALID,2028-06-08,VALID,2027-05-29,VALID,2027-02-15,VALID,2027-03-14,FT-000289,ACTIVE,ACTIVE,CHASSIS-SYN-000289,ENGINE-SYN-000289,KL5,dataset\NumberPlate_Annotated_Dataset-main\Images\KL5.jpg,SYNTHETIC_PROTOTYPE
VH-000290,TN47T4464,TN,Bike,NO,TVS,Apache,White,Kaveri Transport,VALID,2029-03-01,VALID,2028-04-06,VALID,2027-08-21,VALID,2027-02-27,FT-000290,ACTIVE,ACTIVE,CHASSIS-SYN-000290,ENGINE-SYN-000290,TN5,dataset\NumberPlate_Annotated_Dataset-main\Images\TN5.jpg,SYNTHETIC_PROTOTYPE
VH-000291,JH01BX0013,JH,Car,NO,Hyundai,Aura,Silver,Sri Lakshmi Logistics,VALID,2027-06-01,VALID,2027-11-29,VALID,2027-04-22,VALID,2026-11-09,FT-000291,ACTIVE,ACTIVE,CHASSIS-SYN-000291,ENGINE-SYN-000291,JH7,dataset\NumberPlate_Annotated_Dataset-main\Images\JH7.jpg,SYNTHETIC_PROTOTYPE
VH-000292,ML05J3288,ML,Truck,YES,Tata,Prima,Grey,GreenLine Transport,VALID,2027-07-25,VALID,2028-03-10,VALID,2027-01-27,VALID,2026-11-19,FT-000292,ACTIVE,ACTIVE,CHASSIS-SYN-000292,ENGINE-SYN-000292,ML21,dataset\NumberPlate_Annotated_Dataset-main\Images\ML21.jpg,SYNTHETIC_PROTOTYPE
VH-000293,PB65AN2583,PB,Car,NO,Maruti,Ertiga,Black,GreenLine Transport,VALID,2027-09-19,EXPIRED,2026-04-23,VALID,2026-12-04,VALID,2027-06-28,FT-000293,ACTIVE,ACTIVE,CHASSIS-SYN-000293,ENGINE-SYN-000293,PB27,dataset\NumberPlate_Annotated_Dataset-main\Images\PB27.jpg,SYNTHETIC_PROTOTYPE
VH-000294,CG07R2684,CG,Bus,YES,Tata,Starbus,Silver,Southern Freight,VALID,2027-10-09,VALID,2027-02-28,VALID,2027-05-26,VALID,2027-06-08,FT-000294,ACTIVE,SUSPENDED,CHASSIS-SYN-000294,ENGINE-SYN-000294,CG16,dataset\NumberPlate_Annotated_Dataset-main\Images\CG16.jpg,SYNTHETIC_PROTOTYPE
VH-000295,AS01AN8668,AS,Mini Truck,YES,Mahindra,Bolero Pickup,Red,Southern Freight,VALID,2028-10-02,VALID,2028-03-05,VALID,2026-10-25,VALID,2026-12-14,FT-000295,ACTIVE,ACTIVE,CHASSIS-SYN-000295,ENGINE-SYN-000295,AS22,dataset\NumberPlate_Annotated_Dataset-main\Images\AS22.jpg,SYNTHETIC_PROTOTYPE
VH-000296,ML05H1958,ML,Truck,YES,Tata,Prima,Blue,Chennai Cargo,VALID,2027-09-16,VALID,2027-09-11,VALID,2027-01-01,VALID,2027-05-04,FT-000296,ACTIVE,ACTIVE,CHASSIS-SYN-000296,ENGINE-SYN-000296,ML13,dataset\NumberPlate_Annotated_Dataset-main\Images\ML13.jpg,SYNTHETIC_PROTOTYPE
VH-000297,JK11D8143,JK,Car,NO,Maruti,Ertiga,Grey,Tamil Fleet Services,VALID,2027-10-18,VALID,2028-03-26,VALID,2027-02-02,VALID,2027-01-06,FT-000297,ACTIVE,ACTIVE,CHASSIS-SYN-000297,ENGINE-SYN-000297,JK14,dataset\NumberPlate_Annotated_Dataset-main\Images\JK14.jpg,SYNTHETIC_PROTOTYPE
VH-000298,OD22J9911,OD,Truck,YES,Ashok Leyland,AVTR,White,Apex Logistics,VALID,2027-06-27,VALID,2027-06-14,VALID,2027-03-20,VALID,2027-05-25,FT-000298,ACTIVE,ACTIVE,CHASSIS-SYN-000298,ENGINE-SYN-000298,OD18,dataset\NumberPlate_Annotated_Dataset-main\Images\OD18.jpg,SYNTHETIC_PROTOTYPE
VH-000299,SK04P1320,SK,Truck,YES,Ashok Leyland,AVTR,Grey,Metro Transit,VALID,2029-01-11,VALID,2027-11-19,VALID,2026-12-07,VALID,2027-03-05,FT-000299,ACTIVE,ACTIVE,CHASSIS-SYN-000299,ENGINE-SYN-000299,SK6,dataset\NumberPlate_Annotated_Dataset-main\Images\SK6.jpg,SYNTHETIC_PROTOTYPE
VH-000300,CG04HD6930,CG,Bike,NO,Bajaj,Pulsar,White,Coastal Commercials,EXPIRED,2026-03-04,VALID,2028-07-19,EXPIRED,2026-06-10,VALID,2027-03-22,FT-000300,ACTIVE,ACTIVE,CHASSIS-SYN-000300,ENGINE-SYN-000300,CG1,dataset\NumberPlate_Annotated_Dataset-main\Images\CG1.jpg,SYNTHETIC_PROTOTYPE
VH-000301,UP85BN4203,UP,Bike,NO,Bajaj,Pulsar,Yellow,National Route Logistics,VALID,2028-12-29,VALID,2028-02-01,VALID,2027-05-18,EXPIRED,2026-07-13,FT-000301,ACTIVE,ACTIVE,CHASSIS-SYN-000301,ENGINE-SYN-000301,UP2,dataset\NumberPlate_Annotated_Dataset-main\Images\UP2.jpg,SYNTHETIC_PROTOTYPE
VH-000302,KA51P7755,KA,Bike,NO,Honda,Shine,Yellow,Apex Logistics,EXPIRED,2026-04-21,VALID,2028-08-05,VALID,2026-12-02,VALID,2027-01-01,FT-000302,ACTIVE,ACTIVE,CHASSIS-SYN-000302,ENGINE-SYN-000302,KA7,dataset\NumberPlate_Annotated_Dataset-main\Images\KA7.jpg,SYNTHETIC_PROTOTYPE
VH-000303,SK01PB3596,SK,Car,NO,Hyundai,Aura,Red,National Route Logistics,VALID,2028-02-25,VALID,2028-04-30,VALID,2026-11-15,VALID,2027-09-07,FT-000303,ACTIVE,ACTIVE,CHASSIS-SYN-000303,ENGINE-SYN-000303,SK5,dataset\NumberPlate_Annotated_Dataset-main\Images\SK5.jpg,SYNTHETIC_PROTOTYPE
VH-000304,OD02J0435,OD,Truck,YES,BharatBenz,3123R,White,Sri Lakshmi Logistics,EXPIRED,2026-06-13,VALID,2028-01-08,VALID,2027-02-07,VALID,2027-01-06,FT-000304,ACTIVE,ACTIVE,CHASSIS-SYN-000304,ENGINE-SYN-000304,OD24,dataset\NumberPlate_Annotated_Dataset-main\Images\OD24.jpg,SYNTHETIC_PROTOTYPE
VH-000305,ML05H6564,ML,Truck,YES,BharatBenz,3123R,Blue,GreenLine Transport,VALID,2029-02-03,EXPIRED,2026-07-22,VALID,2027-09-12,VALID,2026-11-17,FT-000305,ACTIVE,ACTIVE,CHASSIS-SYN-000305,ENGINE-SYN-000305,ML34,dataset\NumberPlate_Annotated_Dataset-main\Images\ML34.jpg,SYNTHETIC_PROTOTYPE
VH-000306,HR29K7840,HR,Truck,YES,BharatBenz,3123R,Grey,National Route Logistics,VALID,2028-07-26,VALID,2027-12-12,VALID,2027-08-16,VALID,2027-09-11,FT-000306,ACTIVE,ACTIVE,CHASSIS-SYN-000306,ENGINE-SYN-000306,HR15,dataset\NumberPlate_Annotated_Dataset-main\Images\HR15.jpg,SYNTHETIC_PROTOTYPE
VH-000307,WB36G6682,WB,Mini Truck,YES,Mahindra,Bolero Pickup,Black,Tamil Fleet Services,VALID,2028-09-10,EXPIRED,2026-05-17,VALID,2027-07-29,VALID,2026-11-08,FT-000307,ACTIVE,ACTIVE,CHASSIS-SYN-000307,ENGINE-SYN-000307,WB14,dataset\NumberPlate_Annotated_Dataset-main\Images\WB14.jpg,SYNTHETIC_PROTOTYPE
VH-000308,AS06U1295,AS,Truck,YES,BharatBenz,3123R,Black,Coastal Commercials,VALID,2028-05-17,VALID,2027-01-05,VALID,2027-07-31,VALID,2026-10-31,FT-000308,ACTIVE,ACTIVE,CHASSIS-SYN-000308,ENGINE-SYN-000308,AS19,dataset\NumberPlate_Annotated_Dataset-main\Images\AS19.jpg,SYNTHETIC_PROTOTYPE
VH-000309,KL03S6394,KL,Truck,YES,Tata,Prima,Blue,Sri Lakshmi Logistics,VALID,2027-07-12,VALID,2028-05-04,VALID,2027-08-11,VALID,2027-08-14,FT-000309,ACTIVE,ACTIVE,CHASSIS-SYN-000309,ENGINE-SYN-000309,KL14,dataset\NumberPlate_Annotated_Dataset-main\Images\KL14.jpg,SYNTHETIC_PROTOTYPE
VH-000310,AN01D4163,AN,Mini Truck,YES,Ashok Leyland,Dost,White,National Route Logistics,EXPIRED,2026-01-05,VALID,2027-08-14,VALID,2027-06-24,VALID,2027-05-09,FT-000310,ACTIVE,ACTIVE,CHASSIS-SYN-000310,ENGINE-SYN-000310,AN2,dataset\NumberPlate_Annotated_Dataset-main\Images\AN2.jpg,SYNTHETIC_PROTOTYPE
VH-000311,CG04FJ5834,CG,Bus,YES,Ashok Leyland,Viking,Yellow,Chennai Cargo,VALID,2028-04-02,VALID,2027-05-11,VALID,2027-02-05,VALID,2027-08-18,FT-000311,ACTIVE,ACTIVE,CHASSIS-SYN-000311,ENGINE-SYN-000311,CG21,dataset\NumberPlate_Annotated_Dataset-main\Images\CG21.jpg,SYNTHETIC_PROTOTYPE
VH-000312,HR29AQ4939,HR,Car,NO,Toyota,Innova,Black,Southern Freight,VALID,2026-12-26,VALID,2028-07-31,VALID,2027-08-10,VALID,2027-07-01,FT-000312,ACTIVE,ACTIVE,CHASSIS-SYN-000312,ENGINE-SYN-000312,HR19,dataset\NumberPlate_Annotated_Dataset-main\Images\HR19.jpg,SYNTHETIC_PROTOTYPE
VH-000313,UK07AM5665,UK,Bus,YES,Tata,Starbus,Blue,Chennai Cargo,VALID,2027-05-15,VALID,2028-05-09,VALID,2027-07-13,VALID,2027-02-08,FT-000313,BLACKLISTED,ACTIVE,CHASSIS-SYN-000313,ENGINE-SYN-000313,UK7,dataset\NumberPlate_Annotated_Dataset-main\Images\UK7.jpg,SYNTHETIC_PROTOTYPE
VH-000314,ML08E9223,ML,Car,NO,Hyundai,Aura,Black,National Route Logistics,VALID,2028-02-16,VALID,2027-11-08,VALID,2027-01-03,VALID,2027-03-09,FT-000314,BLACKLISTED,ACTIVE,CHASSIS-SYN-000314,ENGINE-SYN-000314,ML37,dataset\NumberPlate_Annotated_Dataset-main\Images\ML37.jpg,SYNTHETIC_PROTOTYPE
VH-000315,UP70ET7816,UP,Truck,YES,Ashok Leyland,AVTR,Silver,Kaveri Transport,VALID,2027-02-12,VALID,2028-08-08,VALID,2027-02-21,VALID,2026-12-10,FT-000315,ACTIVE,ACTIVE,CHASSIS-SYN-000315,ENGINE-SYN-000315,UP27,dataset\NumberPlate_Annotated_Dataset-main\Images\UP27.jpg,SYNTHETIC_PROTOTYPE
VH-000316,PB13AF6756,PB,Truck,YES,Ashok Leyland,AVTR,Red,Metro Transit,VALID,2028-06-20,VALID,2028-06-15,VALID,2026-10-24,VALID,2027-03-31,FT-000316,ACTIVE,ACTIVE,CHASSIS-SYN-000316,ENGINE-SYN-000316,PB6,dataset\NumberPlate_Annotated_Dataset-main\Images\PB6.jpg,SYNTHETIC_PROTOTYPE
VH-000317,OD25F7400,OD,Bike,NO,Honda,Shine,Red,Coastal Commercials,VALID,2027-11-21,VALID,2028-08-05,VALID,2027-08-05,VALID,2026-10-23,FT-000317,ACTIVE,ACTIVE,CHASSIS-SYN-000317,ENGINE-SYN-000317,OD27,dataset\NumberPlate_Annotated_Dataset-main\Images\OD27.jpg,SYNTHETIC_PROTOTYPE
VH-000318,MH48AC6244,MH,Bus,YES,Tata,Starbus,Blue,Coastal Commercials,VALID,2027-05-26,VALID,2027-04-01,VALID,2027-04-23,VALID,2026-10-31,FT-000318,ACTIVE,ACTIVE,CHASSIS-SYN-000318,ENGINE-SYN-000318,MH3,dataset\NumberPlate_Annotated_Dataset-main\Images\MH3.jpg,SYNTHETIC_PROTOTYPE
VH-000319,NL07T0937,NL,Car,NO,Maruti,Ertiga,Red,Coastal Commercials,VALID,2028-08-21,VALID,2027-02-24,VALID,2027-02-07,VALID,2027-03-10,FT-000319,ACTIVE,ACTIVE,CHASSIS-SYN-000319,ENGINE-SYN-000319,NL8,dataset\NumberPlate_Annotated_Dataset-main\Images\NL8.jpg,SYNTHETIC_PROTOTYPE
VH-000320,ML111909,ML,Bike,NO,TVS,Apache,Yellow,Kaveri Transport,VALID,2027-01-15,VALID,2027-06-14,VALID,2027-01-21,VALID,2027-06-19,FT-000320,ACTIVE,ACTIVE,CHASSIS-SYN-000320,ENGINE-SYN-000320,ML15,dataset\NumberPlate_Annotated_Dataset-main\Images\ML15.jpg,SYNTHETIC_PROTOTYPE
VH-000321,KA51D9662,KA,Truck,YES,Ashok Leyland,AVTR,Blue,GreenLine Transport,VALID,2026-12-20,VALID,2028-05-15,EXPIRED,2026-06-27,VALID,2026-12-02,FT-000321,ACTIVE,ACTIVE,CHASSIS-SYN-000321,ENGINE-SYN-000321,KA8,dataset\NumberPlate_Annotated_Dataset-main\Images\KA8.jpg,SYNTHETIC_PROTOTYPE
VH-000322,KL07BU7707,KL,Mini Truck,YES,Tata,407,Black,Chennai Cargo,VALID,2028-11-28,VALID,2027-01-16,VALID,2027-04-20,VALID,2026-12-05,FT-000322,ACTIVE,ACTIVE,CHASSIS-SYN-000322,ENGINE-SYN-000322,KL8,dataset\NumberPlate_Annotated_Dataset-main\Images\KL8.jpg,SYNTHETIC_PROTOTYPE
VH-000323,MH04DR8508,MH,Car,NO,Toyota,Innova,Silver,Kaveri Transport,VALID,2028-05-11,VALID,2027-01-09,VALID,2027-07-10,VALID,2026-12-03,FT-000323,ACTIVE,ACTIVE,CHASSIS-SYN-000323,ENGINE-SYN-000323,MH21,dataset\NumberPlate_Annotated_Dataset-main\Images\MH21.jpg,SYNTHETIC_PROTOTYPE
VH-000324,JH09AA2570,JH,Truck,YES,Ashok Leyland,AVTR,Black,Apex Logistics,VALID,2028-05-05,VALID,2028-05-27,VALID,2027-01-03,VALID,2026-12-31,FT-000324,ACTIVE,ACTIVE,CHASSIS-SYN-000324,ENGINE-SYN-000324,JH5,dataset\NumberPlate_Annotated_Dataset-main\Images\JH5.jpg,SYNTHETIC_PROTOTYPE
VH-000325,AS06Q4437,AS,Bike,NO,Bajaj,Pulsar,Silver,Southern Freight,VALID,2028-11-17,VALID,2028-04-15,VALID,2027-01-29,VALID,2027-06-30,FT-000325,ACTIVE,ACTIVE,CHASSIS-SYN-000325,ENGINE-SYN-000325,AS7,dataset\NumberPlate_Annotated_Dataset-main\Images\AS7.jpg,SYNTHETIC_PROTOTYPE
VH-000326,PB06AN6162,PB,Car,NO,Maruti,Ertiga,Red,Sri Lakshmi Logistics,EXPIRED,2026-02-25,VALID,2028-02-17,VALID,2027-02-20,VALID,2027-04-13,FT-000326,ACTIVE,ACTIVE,CHASSIS-SYN-000326,ENGINE-SYN-000326,PB22,dataset\NumberPlate_Annotated_Dataset-main\Images\PB22.jpg,SYNTHETIC_PROTOTYPE
VH-000327,AP31TP2282,AP,Car,NO,Maruti,Ertiga,Red,Kaveri Transport,VALID,2027-01-25,EXPIRED,2026-06-10,VALID,2027-03-14,VALID,2027-05-06,FT-000327,ACTIVE,ACTIVE,CHASSIS-SYN-000327,ENGINE-SYN-000327,AP17,dataset\NumberPlate_Annotated_Dataset-main\Images\AP17.jpg,SYNTHETIC_PROTOTYPE
VH-000328,PB08BF6160,PB,Mini Truck,YES,Ashok Leyland,Dost,Black,Southern Freight,VALID,2027-08-03,VALID,2028-06-29,VALID,2027-01-30,VALID,2027-01-16,FT-000328,ACTIVE,ACTIVE,CHASSIS-SYN-000328,ENGINE-SYN-000328,PB18,dataset\NumberPlate_Annotated_Dataset-main\Images\PB18.jpg,SYNTHETIC_PROTOTYPE
VH-000329,UP16U3849,UP,Bus,YES,Volvo,9400,Red,Metro Transit,VALID,2027-11-20,VALID,2028-01-04,VALID,2027-03-15,VALID,2027-08-13,FT-000329,ACTIVE,ACTIVE,CHASSIS-SYN-000329,ENGINE-SYN-000329,UP4,dataset\NumberPlate_Annotated_Dataset-main\Images\UP4.jpg,SYNTHETIC_PROTOTYPE
VH-000330,DL12CK8643,DL,Mini Truck,YES,Mahindra,Bolero Pickup,White,Coastal Commercials,VALID,2027-06-06,VALID,2027-09-16,VALID,2027-04-24,VALID,2027-02-24,FT-000330,ACTIVE,ACTIVE,CHASSIS-SYN-000330,ENGINE-SYN-000330,DL7,dataset\NumberPlate_Annotated_Dataset-main\Images\DL7.jpg,SYNTHETIC_PROTOTYPE
VH-000331,TN07BT5778,TN,Truck,YES,Ashok Leyland,AVTR,Black,Southern Freight,VALID,2027-07-01,VALID,2026-11-05,VALID,2027-05-08,VALID,2027-09-05,FT-000331,ACTIVE,ACTIVE,CHASSIS-SYN-000331,ENGINE-SYN-000331,TN7,dataset\NumberPlate_Annotated_Dataset-main\Images\TN7.jpg,SYNTHETIC_PROTOTYPE
VH-000332,DL10CH1252,DL,Truck,YES,BharatBenz,3123R,Grey,National Route Logistics,VALID,2029-01-29,VALID,2027-01-24,VALID,2027-09-12,VALID,2027-01-21,FT-000332,ACTIVE,ACTIVE,CHASSIS-SYN-000332,ENGINE-SYN-000332,DL8,dataset\NumberPlate_Annotated_Dataset-main\Images\DL8.jpg,SYNTHETIC_PROTOTYPE
VH-000333,HP48B2252,HP,Truck,YES,Ashok Leyland,AVTR,White,Kaveri Transport,VALID,2027-03-17,VALID,2027-02-17,VALID,2027-03-06,VALID,2027-07-13,FT-000333,BLACKLISTED,ACTIVE,CHASSIS-SYN-000333,ENGINE-SYN-000333,HP4,dataset\NumberPlate_Annotated_Dataset-main\Images\HP4.jpg,SYNTHETIC_PROTOTYPE
VH-000334,ML05G6098,ML,Car,NO,Hyundai,Aura,Silver,Metro Transit,VALID,2029-03-10,VALID,2028-09-12,VALID,2027-06-26,VALID,2027-07-11,FT-000334,ACTIVE,ACTIVE,CHASSIS-SYN-000334,ENGINE-SYN-000334,ML39,dataset\NumberPlate_Annotated_Dataset-main\Images\ML39.jpg,SYNTHETIC_PROTOTYPE
VH-000335,GJ09AG8384,GJ,Mini Truck,YES,Ashok Leyland,Dost,Blue,Chennai Cargo,VALID,2028-05-06,VALID,2027-11-05,VALID,2027-06-04,VALID,2027-03-24,FT-000335,ACTIVE,ACTIVE,CHASSIS-SYN-000335,ENGINE-SYN-000335,GJ26,dataset\NumberPlate_Annotated_Dataset-main\Images\GJ26.jpg,SYNTHETIC_PROTOTYPE
VH-000336,HP20E3953,HP,Car,NO,Toyota,Innova,Blue,Sri Lakshmi Logistics,VALID,2029-02-08,VALID,2028-07-01,VALID,2027-05-25,VALID,2027-07-24,FT-000336,ACTIVE,ACTIVE,CHASSIS-SYN-000336,ENGINE-SYN-000336,HP17,dataset\NumberPlate_Annotated_Dataset-main\Images\HP17.jpg,SYNTHETIC_PROTOTYPE
VH-000337,MP04CL3546,MP,Bike,NO,Bajaj,Pulsar,Red,Chennai Cargo,VALID,2028-03-10,VALID,2026-12-13,VALID,2027-05-10,VALID,2027-07-27,FT-000337,ACTIVE,ACTIVE,CHASSIS-SYN-000337,ENGINE-SYN-000337,MP1,dataset\NumberPlate_Annotated_Dataset-main\Images\MP1.jpg,SYNTHETIC_PROTOTYPE
VH-000338,AP16BS4500,AP,Bike,NO,Honda,Shine,Blue,Tamil Fleet Services,VALID,2027-12-30,VALID,2027-05-27,VALID,2027-05-04,VALID,2027-02-02,FT-000338,ACTIVE,ACTIVE,CHASSIS-SYN-000338,ENGINE-SYN-000338,AP18,dataset\NumberPlate_Annotated_Dataset-main\Images\AP18.jpg,SYNTHETIC_PROTOTYPE
VH-000339,CG13AE4060,CG,Truck,YES,Tata,Prima,Red,Kaveri Transport,EXPIRED,2025-12-10,VALID,2027-10-24,VALID,2026-10-26,VALID,2027-02-08,FT-000339,ACTIVE,ACTIVE,CHASSIS-SYN-000339,ENGINE-SYN-000339,CG22,dataset\NumberPlate_Annotated_Dataset-main\Images\CG22.jpg,SYNTHETIC_PROTOTYPE
VH-000340,GJ05RE8119,GJ,Truck,YES,Tata,Prima,Black,Kaveri Transport,VALID,2029-01-15,VALID,2027-01-28,VALID,2026-10-30,VALID,2027-02-16,FT-000340,ACTIVE,ACTIVE,CHASSIS-SYN-000340,ENGINE-SYN-000340,GJ9,dataset\NumberPlate_Annotated_Dataset-main\Images\GJ9.jpg,SYNTHETIC_PROTOTYPE
VH-000341,OD01Q4668,OD,Bus,YES,Ashok Leyland,Viking,Blue,Tamil Fleet Services,VALID,2028-11-22,VALID,2028-02-25,VALID,2027-09-22,VALID,2027-06-22,FT-000341,ACTIVE,ACTIVE,CHASSIS-SYN-000341,ENGINE-SYN-000341,OD20,dataset\NumberPlate_Annotated_Dataset-main\Images\OD20.jpg,SYNTHETIC_PROTOTYPE
VH-000342,UP32BF3577,UP,Truck,YES,BharatBenz,3123R,Black,Tamil Fleet Services,VALID,2027-12-18,VALID,2027-02-18,VALID,2027-08-02,VALID,2026-11-02,FT-000342,ACTIVE,ACTIVE,CHASSIS-SYN-000342,ENGINE-SYN-000342,UP25,dataset\NumberPlate_Annotated_Dataset-main\Images\UP25.jpg,SYNTHETIC_PROTOTYPE
VH-000343,AP04AS8753,AP,Mini Truck,YES,Mahindra,Bolero Pickup,Black,Sri Lakshmi Logistics,VALID,2028-04-21,VALID,2027-04-06,VALID,2027-04-22,VALID,2027-03-30,FT-000343,ACTIVE,ACTIVE,CHASSIS-SYN-000343,ENGINE-SYN-000343,AP20,dataset\NumberPlate_Annotated_Dataset-main\Images\AP20.jpg,SYNTHETIC_PROTOTYPE
VH-000344,DN09C0868,DN,Truck,YES,Tata,Prima,Yellow,Metro Transit,VALID,2028-12-21,VALID,2028-08-28,VALID,2027-09-07,VALID,2026-11-04,FT-000344,ACTIVE,ACTIVE,CHASSIS-SYN-000344,ENGINE-SYN-000344,DN8,dataset\NumberPlate_Annotated_Dataset-main\Images\DN8.jpg,SYNTHETIC_PROTOTYPE
VH-000345,UP16AJ0704,UP,Bike,NO,Bajaj,Pulsar,Red,Chennai Cargo,EXPIRED,2025-12-28,VALID,2027-08-09,VALID,2027-07-19,VALID,2027-04-11,FT-000345,ACTIVE,ACTIVE,CHASSIS-SYN-000345,ENGINE-SYN-000345,UP8,dataset\NumberPlate_Annotated_Dataset-main\Images\UP8.jpg,SYNTHETIC_PROTOTYPE
VH-000346,MP09BD1270,MP,Bike,NO,TVS,Apache,Grey,Kaveri Transport,VALID,2028-07-05,VALID,2027-01-09,VALID,2026-12-19,VALID,2026-12-30,FT-000346,ACTIVE,ACTIVE,CHASSIS-SYN-000346,ENGINE-SYN-000346,MP7,dataset\NumberPlate_Annotated_Dataset-main\Images\MP7.jpg,SYNTHETIC_PROTOTYPE
VH-000347,GJ06HS1855,GJ,Truck,YES,Ashok Leyland,AVTR,White,Southern Freight,VALID,2027-12-09,EXPIRED,2026-06-18,VALID,2027-02-05,VALID,2027-07-12,FT-000347,ACTIVE,ACTIVE,CHASSIS-SYN-000347,ENGINE-SYN-000347,GJ11,dataset\NumberPlate_Annotated_Dataset-main\Images\GJ11.jpg,SYNTHETIC_PROTOTYPE
VH-000348,JK02ACB876,JK,Truck,YES,BharatBenz,3123R,White,Apex Logistics,VALID,2027-06-23,VALID,2028-06-13,VALID,2026-12-11,VALID,2027-06-27,FT-000348,INACTIVE,ACTIVE,CHASSIS-SYN-000348,ENGINE-SYN-000348,JK30,dataset\NumberPlate_Annotated_Dataset-main\Images\JK30.jpg,SYNTHETIC_PROTOTYPE
VH-000349,HP01A7630,HP,Mini Truck,YES,Mahindra,Bolero Pickup,Black,Southern Freight,VALID,2027-02-20,VALID,2028-06-22,VALID,2026-11-30,VALID,2027-04-26,FT-000349,ACTIVE,ACTIVE,CHASSIS-SYN-000349,ENGINE-SYN-000349,HP6,dataset\NumberPlate_Annotated_Dataset-main\Images\HP6.jpg,SYNTHETIC_PROTOTYPE
VH-000350,TS07EL3335,TS,Truck,YES,BharatBenz,3123R,Red,Tamil Fleet Services,VALID,2027-02-01,EXPIRED,2026-04-07,VALID,2027-08-14,VALID,2027-02-18,FT-000350,ACTIVE,ACTIVE,CHASSIS-SYN-000350,ENGINE-SYN-000350,TS2,dataset\NumberPlate_Annotated_Dataset-main\Images\TS2.jpg,SYNTHETIC_PROTOTYPE
VH-000351,HR26BQ8176,HR,Truck,YES,BharatBenz,3123R,Blue,National Route Logistics,EXPIRED,2026-07-01,VALID,2027-03-06,VALID,2027-05-25,VALID,2027-09-17,FT-000351,ACTIVE,ACTIVE,CHASSIS-SYN-000351,ENGINE-SYN-000351,HR1,dataset\NumberPlate_Annotated_Dataset-main\Images\HR1.jpg,SYNTHETIC_PROTOTYPE
VH-000352,HP666807,HP,Truck,YES,Tata,Prima,Black,Tamil Fleet Services,VALID,2027-01-13,VALID,2027-12-16,VALID,2027-05-04,VALID,2027-05-13,FT-000352,ACTIVE,ACTIVE,CHASSIS-SYN-000352,ENGINE-SYN-000352,HP3,dataset\NumberPlate_Annotated_Dataset-main\Images\HP3.jpg,SYNTHETIC_PROTOTYPE
VH-000353,HP22E8000,HP,Truck,YES,Ashok Leyland,AVTR,Blue,Southern Freight,VALID,2028-03-12,VALID,2027-05-22,VALID,2027-05-17,VALID,2026-11-02,FT-000353,ACTIVE,ACTIVE,CHASSIS-SYN-000353,ENGINE-SYN-000353,HP15,dataset\NumberPlate_Annotated_Dataset-main\Images\HP15.jpg,SYNTHETIC_PROTOTYPE
VH-000354,SK01PA2969,SK,Truck,YES,Ashok Leyland,AVTR,Blue,Apex Logistics,VALID,2028-09-07,VALID,2026-10-30,VALID,2027-02-23,VALID,2027-03-16,FT-000354,ACTIVE,ACTIVE,CHASSIS-SYN-000354,ENGINE-SYN-000354,SK1,dataset\NumberPlate_Annotated_Dataset-main\Images\SK1.jpg,SYNTHETIC_PROTOTYPE
VH-000355,GJ01RA8370,GJ,Truck,YES,Ashok Leyland,AVTR,Grey,Chennai Cargo,VALID,2027-12-20,VALID,2028-09-17,VALID,2027-04-18,VALID,2027-06-17,FT-000355,ACTIVE,ACTIVE,CHASSIS-SYN-000355,ENGINE-SYN-000355,GJ10,dataset\NumberPlate_Annotated_Dataset-main\Images\GJ10.jpg,SYNTHETIC_PROTOTYPE
VH-000356,ML04B8389,ML,Truck,YES,Ashok Leyland,AVTR,Yellow,Coastal Commercials,VALID,2028-08-26,VALID,2027-09-08,VALID,2027-05-01,VALID,2027-09-11,FT-000356,ACTIVE,ACTIVE,CHASSIS-SYN-000356,ENGINE-SYN-000356,ML25,dataset\NumberPlate_Annotated_Dataset-main\Images\ML25.jpg,SYNTHETIC_PROTOTYPE
VH-000357,HR10AE9885,HR,Car,NO,Maruti,Ertiga,White,Metro Transit,VALID,2028-10-04,EXPIRED,2026-07-07,VALID,2027-06-14,VALID,2026-11-30,FT-000357,ACTIVE,ACTIVE,CHASSIS-SYN-000357,ENGINE-SYN-000357,HR4,dataset\NumberPlate_Annotated_Dataset-main\Images\HR4.jpg,SYNTHETIC_PROTOTYPE
VH-000358,AS07AC6653,AS,Mini Truck,YES,Mahindra,Bolero Pickup,Silver,Southern Freight,VALID,2029-01-16,EXPIRED,2026-09-08,VALID,2026-11-26,VALID,2027-04-17,FT-000358,ACTIVE,ACTIVE,CHASSIS-SYN-000358,ENGINE-SYN-000358,AS2,dataset\NumberPlate_Annotated_Dataset-main\Images\AS2.jpg,SYNTHETIC_PROTOTYPE
VH-000359,NL078440,NL,Car,NO,Maruti,Ertiga,Blue,Sri Lakshmi Logistics,VALID,2026-12-27,VALID,2027-10-06,VALID,2027-01-15,VALID,2027-06-25,FT-000359,ACTIVE,ACTIVE,CHASSIS-SYN-000359,ENGINE-SYN-000359,NL3,dataset\NumberPlate_Annotated_Dataset-main\Images\NL3.jpg,SYNTHETIC_PROTOTYPE
VH-000360,RJ14CW4115,RJ,Car,NO,Maruti,Ertiga,White,GreenLine Transport,VALID,2028-11-13,VALID,2027-07-15,VALID,2027-05-14,EXPIRED,2026-08-24,FT-000360,ACTIVE,ACTIVE,CHASSIS-SYN-000360,ENGINE-SYN-000360,RJ2,dataset\NumberPlate_Annotated_Dataset-main\Images\RJ2.jpg,SYNTHETIC_PROTOTYPE
VH-000361,UP14AK8604,UP,Truck,YES,Tata,Prima,Silver,Chennai Cargo,VALID,2026-11-02,VALID,2027-05-01,VALID,2027-03-12,VALID,2026-12-09,FT-000361,ACTIVE,ACTIVE,CHASSIS-SYN-000361,ENGINE-SYN-000361,UP20,dataset\NumberPlate_Annotated_Dataset-main\Images\UP20.jpg,SYNTHETIC_PROTOTYPE
VH-000362,TR03H0259,TR,Truck,YES,Tata,Prima,Red,Southern Freight,EXPIRED,2026-01-11,VALID,2027-05-03,VALID,2027-09-11,VALID,2027-03-07,FT-000362,ACTIVE,ACTIVE,CHASSIS-SYN-000362,ENGINE-SYN-000362,TR2,dataset\NumberPlate_Annotated_Dataset-main\Images\TR2.jpg,SYNTHETIC_PROTOTYPE
VH-000363,JK02W2657,JK,Mini Truck,YES,Mahindra,Bolero Pickup,Red,Coastal Commercials,VALID,2026-10-22,VALID,2028-05-11,VALID,2027-03-31,VALID,2026-10-31,FT-000363,ACTIVE,ACTIVE,CHASSIS-SYN-000363,ENGINE-SYN-000363,JK8,dataset\NumberPlate_Annotated_Dataset-main\Images\JK8.jpg,SYNTHETIC_PROTOTYPE
VH-000364,HP302165,HP,Bike,NO,Honda,Shine,Red,Tamil Fleet Services,VALID,2027-02-13,EXPIRED,2026-08-08,VALID,2027-08-05,VALID,2026-11-25,FT-000364,ACTIVE,ACTIVE,CHASSIS-SYN-000364,ENGINE-SYN-000364,HP16,dataset\NumberPlate_Annotated_Dataset-main\Images\HP16.jpg,SYNTHETIC_PROTOTYPE
VH-000365,DL6CL0457,DL,Bike,NO,TVS,Apache,Blue,Kaveri Transport,VALID,2027-01-08,VALID,2027-07-17,VALID,2026-12-14,VALID,2027-02-11,FT-000365,ACTIVE,ACTIVE,CHASSIS-SYN-000365,ENGINE-SYN-000365,DL22,dataset\NumberPlate_Annotated_Dataset-main\Images\DL22.jpg,SYNTHETIC_PROTOTYPE
VH-000366,KA03MQ6984,KA,Car,NO,Toyota,Innova,Blue,Tamil Fleet Services,VALID,2027-12-30,VALID,2028-03-23,VALID,2027-01-28,VALID,2027-07-21,FT-000366,ACTIVE,ACTIVE,CHASSIS-SYN-000366,ENGINE-SYN-000366,KA19,dataset\NumberPlate_Annotated_Dataset-main\Images\KA19.jpg,SYNTHETIC_PROTOTYPE
VH-000367,DN09J0032,DN,Mini Truck,YES,Tata,407,Yellow,Chennai Cargo,VALID,2028-09-15,VALID,2027-07-25,VALID,2027-07-13,VALID,2027-05-03,FT-000367,ACTIVE,ACTIVE,CHASSIS-SYN-000367,ENGINE-SYN-000367,DN4,dataset\NumberPlate_Annotated_Dataset-main\Images\DN4.jpg,SYNTHETIC_PROTOTYPE
VH-000368,PB07BL8058,PB,Car,NO,Hyundai,Aura,Blue,National Route Logistics,VALID,2028-11-20,VALID,2028-04-06,VALID,2026-11-08,VALID,2026-11-05,FT-000368,ACTIVE,ACTIVE,CHASSIS-SYN-000368,ENGINE-SYN-000368,PB4,dataset\NumberPlate_Annotated_Dataset-main\Images\PB4.jpg,SYNTHETIC_PROTOTYPE
VH-000369,RJ14CF5807,RJ,Bus,YES,Tata,Starbus,Grey,National Route Logistics,VALID,2027-06-08,VALID,2028-09-06,EXPIRED,2026-08-23,VALID,2027-07-02,FT-000369,ACTIVE,ACTIVE,CHASSIS-SYN-000369,ENGINE-SYN-000369,RJ5,dataset\NumberPlate_Annotated_Dataset-main\Images\RJ5.jpg,SYNTHETIC_PROTOTYPE
VH-000370,CG07BR3255,CG,Bike,NO,Honda,Shine,Silver,Tamil Fleet Services,VALID,2028-11-02,VALID,2027-11-03,VALID,2027-06-24,EXPIRED,2026-08-01,FT-000370,ACTIVE,ACTIVE,CHASSIS-SYN-000370,ENGINE-SYN-000370,CG15,dataset\NumberPlate_Annotated_Dataset-main\Images\CG15.jpg,SYNTHETIC_PROTOTYPE
VH-000371,BR01BR5435,BR,Bus,YES,Volvo,9400,Black,National Route Logistics,VALID,2027-12-20,VALID,2027-02-21,VALID,2027-06-07,VALID,2027-06-07,FT-000371,INACTIVE,ACTIVE,CHASSIS-SYN-000371,ENGINE-SYN-000371,BR15,dataset\NumberPlate_Annotated_Dataset-main\Images\BR15.jpg,SYNTHETIC_PROTOTYPE
VH-000372,TR02L0569,TR,Truck,YES,Tata,Prima,Blue,Coastal Commercials,VALID,2028-09-04,VALID,2028-05-21,VALID,2027-08-10,VALID,2027-04-02,FT-000372,ACTIVE,ACTIVE,CHASSIS-SYN-000372,ENGINE-SYN-000372,TR3,dataset\NumberPlate_Annotated_Dataset-main\Images\TR3.jpg,SYNTHETIC_PROTOTYPE
VH-000373,ML069642,ML,Mini Truck,YES,Ashok Leyland,Dost,Black,Southern Freight,VALID,2027-01-02,VALID,2027-03-15,VALID,2026-12-16,VALID,2027-05-12,FT-000373,ACTIVE,ACTIVE,CHASSIS-SYN-000373,ENGINE-SYN-000373,ML7,dataset\NumberPlate_Annotated_Dataset-main\Images\ML7.jpg,SYNTHETIC_PROTOTYPE
VH-000374,MH12FK1392,MH,Bus,YES,Ashok Leyland,Viking,White,Sri Lakshmi Logistics,VALID,2027-06-06,VALID,2027-05-14,VALID,2027-07-22,VALID,2026-12-20,FT-000374,ACTIVE,ACTIVE,CHASSIS-SYN-000374,ENGINE-SYN-000374,MH25,dataset\NumberPlate_Annotated_Dataset-main\Images\MH25.jpg,SYNTHETIC_PROTOTYPE
VH-000375,UP32HY6077,UP,Mini Truck,YES,Tata,407,Yellow,Kaveri Transport,EXPIRED,2026-03-23,VALID,2027-01-03,VALID,2027-09-13,VALID,2027-09-19,FT-000375,ACTIVE,ACTIVE,CHASSIS-SYN-000375,ENGINE-SYN-000375,UP28,dataset\NumberPlate_Annotated_Dataset-main\Images\UP28.jpg,SYNTHETIC_PROTOTYPE
VH-000376,AP10AS3445,AP,Truck,YES,Tata,Prima,Grey,National Route Logistics,VALID,2026-11-23,VALID,2027-07-21,EXPIRED,2026-09-01,VALID,2027-02-06,FT-000376,ACTIVE,ACTIVE,CHASSIS-SYN-000376,ENGINE-SYN-000376,AP14,dataset\NumberPlate_Annotated_Dataset-main\Images\AP14.jpg,SYNTHETIC_PROTOTYPE
VH-000377,CG07MA2529,CG,Truck,YES,Tata,Prima,Grey,Chennai Cargo,VALID,2028-06-12,VALID,2028-06-16,VALID,2026-12-17,VALID,2027-01-16,FT-000377,ACTIVE,ACTIVE,CHASSIS-SYN-000377,ENGINE-SYN-000377,CG17,dataset\NumberPlate_Annotated_Dataset-main\Images\CG17.jpg,SYNTHETIC_PROTOTYPE
VH-000378,OR02BV0701,OR,Mini Truck,YES,Tata,407,Grey,Coastal Commercials,VALID,2028-12-08,EXPIRED,2026-05-21,VALID,2026-10-26,VALID,2026-12-25,FT-000378,ACTIVE,ACTIVE,CHASSIS-SYN-000378,ENGINE-SYN-000378,OD11,dataset\NumberPlate_Annotated_Dataset-main\Images\OD11.jpg,SYNTHETIC_PROTOTYPE
VH-000379,JK01AF7715,JK,Truck,YES,BharatBenz,3123R,Red,Tamil Fleet Services,VALID,2027-09-22,VALID,2027-12-24,VALID,2027-02-12,VALID,2027-03-20,FT-000379,ACTIVE,ACTIVE,CHASSIS-SYN-000379,ENGINE-SYN-000379,JK13,dataset\NumberPlate_Annotated_Dataset-main\Images\JK13.jpg,SYNTHETIC_PROTOTYPE
VH-000380,NL02C6709,NL,Car,NO,Hyundai,Aura,Yellow,Tamil Fleet Services,VALID,2028-11-13,VALID,2027-06-29,VALID,2027-06-19,VALID,2027-05-25,FT-000380,ACTIVE,ACTIVE,CHASSIS-SYN-000380,ENGINE-SYN-000380,NL9,dataset\NumberPlate_Annotated_Dataset-main\Images\NL9.jpg,SYNTHETIC_PROTOTYPE
VH-000381,GJ16CH9827,GJ,Truck,YES,Tata,Prima,Red,Southern Freight,VALID,2027-10-18,VALID,2027-11-06,VALID,2027-07-31,EXPIRED,2026-08-10,FT-000381,ACTIVE,ACTIVE,CHASSIS-SYN-000381,ENGINE-SYN-000381,GJ8,dataset\NumberPlate_Annotated_Dataset-main\Images\GJ8.jpg,SYNTHETIC_PROTOTYPE
VH-000382,AS23E0596,AS,Truck,YES,Tata,Prima,Silver,Kaveri Transport,VALID,2027-02-14,VALID,2027-07-24,VALID,2027-07-06,VALID,2027-07-04,FT-000382,ACTIVE,ACTIVE,CHASSIS-SYN-000382,ENGINE-SYN-000382,AS3,dataset\NumberPlate_Annotated_Dataset-main\Images\AS3.jpg,SYNTHETIC_PROTOTYPE
VH-000383,JK072483,JK,Mini Truck,YES,Tata,407,Red,Southern Freight,VALID,2027-10-06,VALID,2027-03-26,VALID,2027-02-20,VALID,2026-11-25,FT-000383,ACTIVE,ACTIVE,CHASSIS-SYN-000383,ENGINE-SYN-000383,JK36,dataset\NumberPlate_Annotated_Dataset-main\Images\JK36.jpg,SYNTHETIC_PROTOTYPE
VH-000384,AS01DS7523,AS,Truck,YES,Tata,Prima,Grey,Tamil Fleet Services,VALID,2028-04-26,VALID,2028-05-03,VALID,2027-09-20,VALID,2027-02-20,FT-000384,ACTIVE,SUSPENDED,CHASSIS-SYN-000384,ENGINE-SYN-000384,AS11,dataset\NumberPlate_Annotated_Dataset-main\Images\AS11.jpg,SYNTHETIC_PROTOTYPE
VH-000385,PY01BD9020,PY,Truck,YES,Ashok Leyland,AVTR,Grey,Apex Logistics,VALID,2027-02-10,VALID,2028-09-07,VALID,2026-11-13,VALID,2027-03-02,FT-000385,ACTIVE,ACTIVE,CHASSIS-SYN-000385,ENGINE-SYN-000385,PY8,dataset\NumberPlate_Annotated_Dataset-main\Images\PY8.jpg,SYNTHETIC_PROTOTYPE
VH-000386,HR29W8286,HR,Bike,NO,TVS,Apache,Yellow,Southern Freight,EXPIRED,2026-07-17,VALID,2028-04-06,VALID,2026-11-24,VALID,2027-01-24,FT-000386,ACTIVE,ACTIVE,CHASSIS-SYN-000386,ENGINE-SYN-000386,HR3,dataset\NumberPlate_Annotated_Dataset-main\Images\HR3.jpg,SYNTHETIC_PROTOTYPE
VH-000387,MN01G5395,MN,Bike,NO,Bajaj,Pulsar,Grey,Chennai Cargo,VALID,2028-06-28,VALID,2027-12-13,VALID,2027-05-11,VALID,2027-04-28,FT-000387,ACTIVE,ACTIVE,CHASSIS-SYN-000387,ENGINE-SYN-000387,MN5,dataset\NumberPlate_Annotated_Dataset-main\Images\MN5.jpg,SYNTHETIC_PROTOTYPE
VH-000388,KA25P5080,KA,Mini Truck,YES,Tata,407,Silver,Kaveri Transport,VALID,2028-03-27,VALID,2027-12-25,EXPIRED,2026-09-04,VALID,2027-08-06,FT-000388,ACTIVE,ACTIVE,CHASSIS-SYN-000388,ENGINE-SYN-000388,KA24,dataset\NumberPlate_Annotated_Dataset-main\Images\KA24.jpg,SYNTHETIC_PROTOTYPE
VH-000389,WB20H0271,WB,Truck,YES,Ashok Leyland,AVTR,White,Southern Freight,VALID,2028-09-10,VALID,2027-09-19,VALID,2027-08-31,VALID,2026-12-12,FT-000389,ACTIVE,ACTIVE,CHASSIS-SYN-000389,ENGINE-SYN-000389,WB22,dataset\NumberPlate_Annotated_Dataset-main\Images\WB22.jpg,SYNTHETIC_PROTOTYPE
VH-000390,TS09EG6565,TS,Truck,YES,Ashok Leyland,AVTR,Silver,Coastal Commercials,VALID,2028-11-18,VALID,2028-07-09,VALID,2027-02-05,VALID,2027-06-08,FT-000390,ACTIVE,ACTIVE,CHASSIS-SYN-000390,ENGINE-SYN-000390,TS8,dataset\NumberPlate_Annotated_Dataset-main\Images\TS8.jpg,SYNTHETIC_PROTOTYPE
VH-000391,JK10B2313,JK,Truck,YES,Tata,Prima,White,Chennai Cargo,VALID,2026-11-14,VALID,2027-12-13,VALID,2027-08-29,VALID,2027-08-01,FT-000391,INACTIVE,ACTIVE,CHASSIS-SYN-000391,ENGINE-SYN-000391,JK34,dataset\NumberPlate_Annotated_Dataset-main\Images\JK34.jpg,SYNTHETIC_PROTOTYPE
VH-000392,JK01M4723,JK,Mini Truck,YES,Ashok Leyland,Dost,Yellow,Kaveri Transport,VALID,2028-11-12,VALID,2028-05-24,VALID,2027-05-11,VALID,2027-04-03,FT-000392,ACTIVE,SUSPENDED,CHASSIS-SYN-000392,ENGINE-SYN-000392,JK4,dataset\NumberPlate_Annotated_Dataset-main\Images\JK4.jpg,SYNTHETIC_PROTOTYPE
VH-000393,AP318L4935,AP,Mini Truck,YES,Mahindra,Bolero Pickup,Grey,National Route Logistics,VALID,2027-04-22,VALID,2027-08-18,VALID,2027-06-28,VALID,2027-05-16,FT-000393,ACTIVE,ACTIVE,CHASSIS-SYN-000393,ENGINE-SYN-000393,AP44,dataset\NumberPlate_Annotated_Dataset-main\Images\AP44.jpg,SYNTHETIC_PROTOTYPE
VH-000394,PB10CX0209,PB,Truck,YES,Ashok Leyland,AVTR,Silver,Chennai Cargo,VALID,2027-12-22,VALID,2027-05-15,VALID,2026-12-08,VALID,2026-11-24,FT-000394,ACTIVE,ACTIVE,CHASSIS-SYN-000394,ENGINE-SYN-000394,PB19,dataset\NumberPlate_Annotated_Dataset-main\Images\PB19.jpg,SYNTHETIC_PROTOTYPE
VH-000395,AS25S6858,AS,Truck,YES,BharatBenz,3123R,Red,Kaveri Transport,VALID,2028-06-17,VALID,2027-01-18,VALID,2027-02-09,VALID,2027-03-22,FT-000395,ACTIVE,ACTIVE,CHASSIS-SYN-000395,ENGINE-SYN-000395,AS13,dataset\NumberPlate_Annotated_Dataset-main\Images\AS13.jpg,SYNTHETIC_PROTOTYPE
VH-000396,GJ12CG2526,GJ,Truck,YES,BharatBenz,3123R,White,Kaveri Transport,VALID,2029-01-21,VALID,2027-08-11,VALID,2027-01-09,VALID,2027-01-29,FT-000396,ACTIVE,ACTIVE,CHASSIS-SYN-000396,ENGINE-SYN-000396,GJ21,dataset\NumberPlate_Annotated_Dataset-main\Images\GJ21.jpg,SYNTHETIC_PROTOTYPE
VH-000397,GJ01RS0198,GJ,Mini Truck,YES,Mahindra,Bolero Pickup,Blue,Kaveri Transport,VALID,2028-03-03,VALID,2026-11-27,VALID,2027-07-31,VALID,2027-06-24,FT-000397,ACTIVE,ACTIVE,CHASSIS-SYN-000397,ENGINE-SYN-000397,GJ23,dataset\NumberPlate_Annotated_Dataset-main\Images\GJ23.jpg,SYNTHETIC_PROTOTYPE
VH-000398,ML08B1100,ML,Bus,YES,Tata,Starbus,Black,Sri Lakshmi Logistics,VALID,2028-09-21,VALID,2027-02-27,VALID,2027-09-19,VALID,2027-07-14,FT-000398,ACTIVE,ACTIVE,CHASSIS-SYN-000398,ENGINE-SYN-000398,ML36,dataset\NumberPlate_Annotated_Dataset-main\Images\ML36.jpg,SYNTHETIC_PROTOTYPE
VH-000399,RJ20CD5118,RJ,Car,NO,Toyota,Innova,Silver,Apex Logistics,VALID,2028-06-10,VALID,2027-05-24,VALID,2027-05-23,VALID,2027-09-03,FT-000399,ACTIVE,ACTIVE,CHASSIS-SYN-000399,ENGINE-SYN-000399,RJ4,dataset\NumberPlate_Annotated_Dataset-main\Images\RJ4.jpg,SYNTHETIC_PROTOTYPE
VH-000400,HP01N0304,HP,Car,NO,Hyundai,Aura,Grey,Metro Transit,VALID,2028-09-12,VALID,2028-07-18,VALID,2027-03-22,VALID,2027-04-04,FT-000400,ACTIVE,ACTIVE,CHASSIS-SYN-000400,ENGINE-SYN-000400,HP5,dataset\NumberPlate_Annotated_Dataset-main\Images\HP5.jpg,SYNTHETIC_PROTOTYPE
VH-000401,AP05DY3395,AP,Car,NO,Hyundai,Aura,White,Southern Freight,VALID,2028-03-18,EXPIRED,2026-07-03,VALID,2027-03-01,VALID,2027-04-27,FT-000401,ACTIVE,ACTIVE,CHASSIS-SYN-000401,ENGINE-SYN-000401,AP39,dataset\NumberPlate_Annotated_Dataset-main\Images\AP39.jpg,SYNTHETIC_PROTOTYPE
VH-000402,HP16A2014,HP,Truck,YES,Ashok Leyland,AVTR,Yellow,Southern Freight,VALID,2028-12-23,VALID,2027-02-05,VALID,2027-04-11,EXPIRED,2026-06-29,FT-000402,ACTIVE,ACTIVE,CHASSIS-SYN-000402,ENGINE-SYN-000402,HP2,dataset\NumberPlate_Annotated_Dataset-main\Images\HP2.jpg,SYNTHETIC_PROTOTYPE
VH-000403,MP65C0654,MP,Mini Truck,YES,Ashok Leyland,Dost,Red,Coastal Commercials,VALID,2028-10-14,VALID,2028-01-27,VALID,2027-08-02,VALID,2026-10-29,FT-000403,ACTIVE,ACTIVE,CHASSIS-SYN-000403,ENGINE-SYN-000403,MP3,dataset\NumberPlate_Annotated_Dataset-main\Images\MP3.jpg,SYNTHETIC_PROTOTYPE
VH-000404,MN06LA0861,MN,Mini Truck,YES,Mahindra,Bolero Pickup,Red,Apex Logistics,VALID,2027-10-25,VALID,2027-12-15,VALID,2026-12-18,VALID,2027-01-04,FT-000404,ACTIVE,ACTIVE,CHASSIS-SYN-000404,ENGINE-SYN-000404,MN4,dataset\NumberPlate_Annotated_Dataset-main\Images\MN4.jpg,SYNTHETIC_PROTOTYPE
VH-000405,MH12KY6921,MH,Bus,YES,Volvo,9400,Silver,Southern Freight,VALID,2028-12-21,VALID,2027-06-14,VALID,2027-01-09,VALID,2027-06-17,FT-000405,ACTIVE,ACTIVE,CHASSIS-SYN-000405,ENGINE-SYN-000405,MH7,dataset\NumberPlate_Annotated_Dataset-main\Images\MH7.jpg,SYNTHETIC_PROTOTYPE
VH-000406,MH12MF6822,MH,Truck,YES,Ashok Leyland,AVTR,Red,Chennai Cargo,VALID,2027-06-14,VALID,2028-08-24,VALID,2027-07-04,VALID,2027-04-01,FT-000406,ACTIVE,ACTIVE,CHASSIS-SYN-000406,ENGINE-SYN-000406,MH4,dataset\NumberPlate_Annotated_Dataset-main\Images\MH4.jpg,SYNTHETIC_PROTOTYPE
VH-000407,AN01K9412,AN,Mini Truck,YES,Mahindra,Bolero Pickup,Yellow,Southern Freight,VALID,2028-02-13,VALID,2027-06-02,VALID,2027-07-16,VALID,2026-11-01,FT-000407,ACTIVE,ACTIVE,CHASSIS-SYN-000407,ENGINE-SYN-000407,AN10,dataset\NumberPlate_Annotated_Dataset-main\Images\AN10.jpg,SYNTHETIC_PROTOTYPE
VH-000408,DL9CAU5573,DL,Truck,YES,Ashok Leyland,AVTR,Blue,Chennai Cargo,VALID,2028-06-17,VALID,2027-03-03,VALID,2027-02-19,VALID,2027-08-06,FT-000408,ACTIVE,ACTIVE,CHASSIS-SYN-000408,ENGINE-SYN-000408,DL4,dataset\NumberPlate_Annotated_Dataset-main\Images\DL4.jpg,SYNTHETIC_PROTOTYPE
VH-000409,ML04B8918,ML,Mini Truck,YES,Ashok Leyland,Dost,Silver,Sri Lakshmi Logistics,VALID,2027-09-14,VALID,2028-02-15,VALID,2027-05-27,VALID,2026-11-25,FT-000409,ACTIVE,ACTIVE,CHASSIS-SYN-000409,ENGINE-SYN-000409,ML33,dataset\NumberPlate_Annotated_Dataset-main\Images\ML33.jpg,SYNTHETIC_PROTOTYPE
VH-000410,MH12NJ5838,MH,Truck,YES,Tata,Prima,Yellow,National Route Logistics,VALID,2027-01-20,VALID,2026-12-20,VALID,2027-07-27,VALID,2027-08-08,FT-000410,ACTIVE,ACTIVE,CHASSIS-SYN-000410,ENGINE-SYN-000410,MH12,dataset\NumberPlate_Annotated_Dataset-main\Images\MH12.jpg,SYNTHETIC_PROTOTYPE
VH-000411,DL12CN8660,DL,Car,NO,Hyundai,Aura,Blue,Southern Freight,VALID,2028-10-22,VALID,2027-12-28,VALID,2026-12-14,VALID,2027-07-25,FT-000411,INACTIVE,ACTIVE,CHASSIS-SYN-000411,ENGINE-SYN-000411,DL5,dataset\NumberPlate_Annotated_Dataset-main\Images\DL5.jpg,SYNTHETIC_PROTOTYPE
VH-000412,HR51AQ0911,HR,Car,NO,Toyota,Innova,Blue,Metro Transit,VALID,2029-01-01,VALID,2028-04-02,VALID,2027-07-13,VALID,2027-08-05,FT-000412,ACTIVE,ACTIVE,CHASSIS-SYN-000412,ENGINE-SYN-000412,HR13,dataset\NumberPlate_Annotated_Dataset-main\Images\HR13.jpg,SYNTHETIC_PROTOTYPE
VH-000413,TN07AP0659,TN,Bike,NO,Honda,Shine,Blue,Coastal Commercials,VALID,2028-07-27,VALID,2027-03-04,VALID,2027-05-27,VALID,2027-07-30,FT-000413,ACTIVE,ACTIVE,CHASSIS-SYN-000413,ENGINE-SYN-000413,TN8,dataset\NumberPlate_Annotated_Dataset-main\Images\TN8.jpg,SYNTHETIC_PROTOTYPE
VH-000414,AP07AN3915,AP,Truck,YES,Ashok Leyland,AVTR,Black,Kaveri Transport,EXPIRED,2026-06-25,VALID,2027-06-14,EXPIRED,2026-06-07,VALID,2027-06-25,FT-000414,ACTIVE,ACTIVE,CHASSIS-SYN-000414,ENGINE-SYN-000414,AP2,dataset\NumberPlate_Annotated_Dataset-main\Images\AP2.jpg,SYNTHETIC_PROTOTYPE
VH-000415,MH05BS3471,MH,Truck,YES,Tata,Prima,White,Apex Logistics,VALID,2027-10-10,VALID,2028-01-02,VALID,2027-01-10,VALID,2027-02-09,FT-000415,ACTIVE,ACTIVE,CHASSIS-SYN-000415,ENGINE-SYN-000415,MH13,dataset\NumberPlate_Annotated_Dataset-main\Images\MH13.jpg,SYNTHETIC_PROTOTYPE
VH-000416,JK02AS3888,JK,Car,NO,Toyota,Innova,Grey,Tamil Fleet Services,VALID,2027-03-19,VALID,2027-03-18,VALID,2027-04-20,VALID,2027-05-13,FT-000416,ACTIVE,ACTIVE,CHASSIS-SYN-000416,ENGINE-SYN-000416,JK17,dataset\NumberPlate_Annotated_Dataset-main\Images\JK17.jpg,SYNTHETIC_PROTOTYPE
VH-000417,MP20TA0919,MP,Truck,YES,Ashok Leyland,AVTR,Black,National Route Logistics,VALID,2028-11-21,VALID,2028-07-28,VALID,2027-01-02,VALID,2027-01-19,FT-000417,INACTIVE,ACTIVE,CHASSIS-SYN-000417,ENGINE-SYN-000417,MP5,dataset\NumberPlate_Annotated_Dataset-main\Images\MP5.jpg,SYNTHETIC_PROTOTYPE
VH-000418,DL12CJ9823,DL,Bike,NO,Honda,Shine,Silver,GreenLine Transport,VALID,2028-04-07,VALID,2028-07-30,VALID,2027-03-02,VALID,2027-08-09,FT-000418,ACTIVE,ACTIVE,CHASSIS-SYN-000418,ENGINE-SYN-000418,DL13,dataset\NumberPlate_Annotated_Dataset-main\Images\DL13.jpg,SYNTHETIC_PROTOTYPE
VH-000419,BR01DG6692,BR,Truck,YES,Ashok Leyland,AVTR,Black,Chennai Cargo,VALID,2028-05-18,VALID,2028-07-24,VALID,2027-08-20,VALID,2027-06-24,FT-000419,ACTIVE,ACTIVE,CHASSIS-SYN-000419,ENGINE-SYN-000419,BR8,dataset\NumberPlate_Annotated_Dataset-main\Images\BR8.jpg,SYNTHETIC_PROTOTYPE
VH-000420,AS23X5585,AS,Car,NO,Maruti,Ertiga,Grey,GreenLine Transport,VALID,2028-06-16,VALID,2027-11-15,VALID,2027-07-30,VALID,2027-09-12,FT-000420,ACTIVE,ACTIVE,CHASSIS-SYN-000420,ENGINE-SYN-000420,AS21,dataset\NumberPlate_Annotated_Dataset-main\Images\AS21.jpg,SYNTHETIC_PROTOTYPE
VH-000421,DL2CAX2886,DL,Mini Truck,YES,Ashok Leyland,Dost,Black,Apex Logistics,VALID,2028-02-19,VALID,2027-02-03,VALID,2027-05-28,VALID,2026-11-11,FT-000421,ACTIVE,ACTIVE,CHASSIS-SYN-000421,ENGINE-SYN-000421,DL23,dataset\NumberPlate_Annotated_Dataset-main\Images\DL23.jpg,SYNTHETIC_PROTOTYPE
VH-000422,ML06A1659,ML,Car,NO,Hyundai,Aura,Black,Metro Transit,VALID,2028-04-20,EXPIRED,2026-07-29,VALID,2027-01-22,VALID,2027-04-02,FT-000422,ACTIVE,SUSPENDED,CHASSIS-SYN-000422,ENGINE-SYN-000422,ML10,dataset\NumberPlate_Annotated_Dataset-main\Images\ML10.jpg,SYNTHETIC_PROTOTYPE
VH-000423,OR05AN4494,OR,Bike,NO,Bajaj,Pulsar,Silver,Coastal Commercials,VALID,2028-01-28,VALID,2028-03-27,VALID,2027-07-17,VALID,2027-03-03,FT-000423,ACTIVE,ACTIVE,CHASSIS-SYN-000423,ENGINE-SYN-000423,OD12,dataset\NumberPlate_Annotated_Dataset-main\Images\OD12.jpg,SYNTHETIC_PROTOTYPE
VH-000424,CH01AF1382,CH,Car,NO,Maruti,Ertiga,Black,Chennai Cargo,VALID,2027-05-19,VALID,2027-03-16,VALID,2027-03-02,VALID,2027-04-06,FT-000424,ACTIVE,ACTIVE,CHASSIS-SYN-000424,ENGINE-SYN-000424,CH9,dataset\NumberPlate_Annotated_Dataset-main\Images\CH9.jpg,SYNTHETIC_PROTOTYPE
VH-000425,NL01CB433,NL,Car,NO,Toyota,Innova,Grey,GreenLine Transport,VALID,2028-03-09,VALID,2028-07-16,VALID,2027-02-10,VALID,2027-05-10,FT-000425,ACTIVE,ACTIVE,CHASSIS-SYN-000425,ENGINE-SYN-000425,NL2,dataset\NumberPlate_Annotated_Dataset-main\Images\NL2.jpg,SYNTHETIC_PROTOTYPE
VH-000426,AR168272,AR,Mini Truck,YES,Tata,407,White,Kaveri Transport,VALID,2026-11-19,VALID,2028-05-21,VALID,2027-02-15,VALID,2026-11-09,FT-000426,ACTIVE,ACTIVE,CHASSIS-SYN-000426,ENGINE-SYN-000426,AR6,dataset\NumberPlate_Annotated_Dataset-main\Images\AR6.jpg,SYNTHETIC_PROTOTYPE
VH-000427,KA02MF3336,KA,Mini Truck,YES,Mahindra,Bolero Pickup,Red,Tamil Fleet Services,VALID,2028-08-08,VALID,2028-05-23,VALID,2027-04-04,VALID,2026-10-26,FT-000427,ACTIVE,ACTIVE,CHASSIS-SYN-000427,ENGINE-SYN-000427,KA12,dataset\NumberPlate_Annotated_Dataset-main\Images\KA12.jpg,SYNTHETIC_PROTOTYPE
VH-000428,UP45Q3028,UP,Car,NO,Maruti,Ertiga,Silver,Metro Transit,EXPIRED,2026-01-16,VALID,2027-04-21,VALID,2026-12-31,VALID,2027-09-17,FT-000428,ACTIVE,ACTIVE,CHASSIS-SYN-000428,ENGINE-SYN-000428,UP19,dataset\NumberPlate_Annotated_Dataset-main\Images\UP19.jpg,SYNTHETIC_PROTOTYPE
VH-000429,DL9C0S1537,DL,Truck,YES,BharatBenz,3123R,Silver,Coastal Commercials,VALID,2026-11-21,VALID,2027-09-25,EXPIRED,2026-06-06,VALID,2027-01-13,FT-000429,ACTIVE,ACTIVE,CHASSIS-SYN-000429,ENGINE-SYN-000429,DL25,dataset\NumberPlate_Annotated_Dataset-main\Images\DL25.jpg,SYNTHETIC_PROTOTYPE
VH-000430,PY01AP0555,PY,Car,NO,Toyota,Innova,Silver,Southern Freight,VALID,2026-11-26,VALID,2028-01-25,VALID,2026-11-18,VALID,2027-06-13,FT-000430,ACTIVE,ACTIVE,CHASSIS-SYN-000430,ENGINE-SYN-000430,PY6,dataset\NumberPlate_Annotated_Dataset-main\Images\PY6.jpg,SYNTHETIC_PROTOTYPE
VH-000431,PY055353,PY,Mini Truck,YES,Tata,407,Blue,Tamil Fleet Services,VALID,2028-08-11,VALID,2028-08-22,VALID,2027-07-14,VALID,2027-08-31,FT-000431,ACTIVE,ACTIVE,CHASSIS-SYN-000431,ENGINE-SYN-000431,PY9,dataset\NumberPlate_Annotated_Dataset-main\Images\PY9.jpg,SYNTHETIC_PROTOTYPE
VH-000432,UK07AA2432,UK,Truck,YES,BharatBenz,3123R,Blue,Chennai Cargo,VALID,2028-08-08,VALID,2027-10-01,VALID,2027-01-15,VALID,2027-04-19,FT-000432,ACTIVE,ACTIVE,CHASSIS-SYN-000432,ENGINE-SYN-000432,UK10,dataset\NumberPlate_Annotated_Dataset-main\Images\UK10.jpg,SYNTHETIC_PROTOTYPE
VH-000433,HP2020TR6255G,HP,Truck,YES,BharatBenz,3123R,Blue,Chennai Cargo,VALID,2027-03-31,VALID,2027-04-09,VALID,2027-09-10,VALID,2027-04-18,FT-000433,ACTIVE,ACTIVE,CHASSIS-SYN-000433,ENGINE-SYN-000433,HP20,dataset\NumberPlate_Annotated_Dataset-main\Images\HP20.jpg,SYNTHETIC_PROTOTYPE
VH-000434,BR01BL6628,BR,Car,NO,Hyundai,Aura,Grey,Coastal Commercials,VALID,2027-07-20,VALID,2028-09-09,VALID,2027-02-24,VALID,2027-04-27,FT-000434,ACTIVE,ACTIVE,CHASSIS-SYN-000434,ENGINE-SYN-000434,BR14,dataset\NumberPlate_Annotated_Dataset-main\Images\BR14.jpg,SYNTHETIC_PROTOTYPE
VH-000435,PB08DY4824,PB,Bike,NO,Honda,Shine,Grey,Sri Lakshmi Logistics,VALID,2027-02-05,VALID,2027-09-06,VALID,2027-07-29,VALID,2027-04-30,FT-000435,ACTIVE,ACTIVE,CHASSIS-SYN-000435,ENGINE-SYN-000435,PB30,dataset\NumberPlate_Annotated_Dataset-main\Images\PB30.jpg,SYNTHETIC_PROTOTYPE
VH-000436,WB02AD4162,WB,Car,NO,Hyundai,Aura,Silver,Kaveri Transport,VALID,2026-11-27,VALID,2027-02-13,VALID,2027-06-19,VALID,2026-10-24,FT-000436,ACTIVE,ACTIVE,CHASSIS-SYN-000436,ENGINE-SYN-000436,WB27,dataset\NumberPlate_Annotated_Dataset-main\Images\WB27.jpg,SYNTHETIC_PROTOTYPE
VH-000437,JK01R8021,JK,Truck,YES,Tata,Prima,Black,Tamil Fleet Services,VALID,2027-07-11,EXPIRED,2026-09-12,VALID,2027-02-11,VALID,2027-05-04,FT-000437,ACTIVE,ACTIVE,CHASSIS-SYN-000437,ENGINE-SYN-000437,JK6,dataset\NumberPlate_Annotated_Dataset-main\Images\JK6.jpg,SYNTHETIC_PROTOTYPE
VH-000438,AN01H0908,AN,Mini Truck,YES,Ashok Leyland,Dost,Yellow,Coastal Commercials,VALID,2027-07-20,VALID,2027-02-18,VALID,2027-08-29,VALID,2027-09-08,FT-000438,ACTIVE,ACTIVE,CHASSIS-SYN-000438,ENGINE-SYN-000438,AN7,dataset\NumberPlate_Annotated_Dataset-main\Images\AN7.jpg,SYNTHETIC_PROTOTYPE
VH-000439,BF06P00006,BF,Car,NO,Toyota,Innova,Blue,Sri Lakshmi Logistics,VALID,2029-02-01,VALID,2027-02-24,VALID,2027-05-06,VALID,2026-10-25,FT-000439,ACTIVE,ACTIVE,CHASSIS-SYN-000439,ENGINE-SYN-000439,BR17,dataset\NumberPlate_Annotated_Dataset-main\Images\BR17.jpg,SYNTHETIC_PROTOTYPE
VH-000440,AR152019,AR,Mini Truck,YES,Mahindra,Bolero Pickup,White,Kaveri Transport,EXPIRED,2026-01-27,VALID,2027-09-19,VALID,2027-06-15,VALID,2026-12-18,FT-000440,ACTIVE,ACTIVE,CHASSIS-SYN-000440,ENGINE-SYN-000440,AR10,dataset\NumberPlate_Annotated_Dataset-main\Images\AR10.jpg,SYNTHETIC_PROTOTYPE
VH-000441,MP09CK4943,MP,Truck,YES,BharatBenz,3123R,Grey,Coastal Commercials,VALID,2028-05-18,VALID,2027-10-10,VALID,2027-09-02,VALID,2027-06-28,FT-000441,ACTIVE,ACTIVE,CHASSIS-SYN-000441,ENGINE-SYN-000441,MP4,dataset\NumberPlate_Annotated_Dataset-main\Images\MP4.jpg,SYNTHETIC_PROTOTYPE
VH-000442,AR01F2523,AR,Truck,YES,BharatBenz,3123R,Blue,Coastal Commercials,VALID,2028-11-17,VALID,2027-06-05,VALID,2027-04-24,VALID,2027-02-08,FT-000442,ACTIVE,ACTIVE,CHASSIS-SYN-000442,ENGINE-SYN-000442,AR2,dataset\NumberPlate_Annotated_Dataset-main\Images\AR2.jpg,SYNTHETIC_PROTOTYPE
VH-000443,KA04MK0368,KA,Bus,YES,Volvo,9400,Blue,Chennai Cargo,VALID,2028-03-28,VALID,2027-06-19,VALID,2027-03-08,VALID,2027-01-05,FT-000443,ACTIVE,ACTIVE,CHASSIS-SYN-000443,ENGINE-SYN-000443,KA11,dataset\NumberPlate_Annotated_Dataset-main\Images\KA11.jpg,SYNTHETIC_PROTOTYPE
VH-000444,GJ01RN4259,GJ,Bus,YES,Ashok Leyland,Viking,White,Tamil Fleet Services,VALID,2026-12-01,VALID,2027-05-09,VALID,2027-05-16,VALID,2027-07-01,FT-000444,ACTIVE,ACTIVE,CHASSIS-SYN-000444,ENGINE-SYN-000444,GJ18,dataset\NumberPlate_Annotated_Dataset-main\Images\GJ18.jpg,SYNTHETIC_PROTOTYPE
VH-000445,CG04HA4553,CG,Mini Truck,YES,Tata,407,Grey,Apex Logistics,VALID,2027-02-11,VALID,2028-05-12,EXPIRED,2026-09-07,VALID,2027-06-25,FT-000445,ACTIVE,ACTIVE,CHASSIS-SYN-000445,ENGINE-SYN-000445,CG11,dataset\NumberPlate_Annotated_Dataset-main\Images\CG11.jpg,SYNTHETIC_PROTOTYPE
VH-000446,SK01PA7708,SK,Car,NO,Hyundai,Aura,Blue,GreenLine Transport,VALID,2027-10-04,VALID,2028-06-30,VALID,2027-09-09,VALID,2027-01-01,FT-000446,ACTIVE,ACTIVE,CHASSIS-SYN-000446,ENGINE-SYN-000446,SK3,dataset\NumberPlate_Annotated_Dataset-main\Images\SK3.jpg,SYNTHETIC_PROTOTYPE
VH-000447,HR26BK8597,HR,Truck,YES,Ashok Leyland,AVTR,Yellow,Metro Transit,VALID,2028-11-10,VALID,2028-03-20,VALID,2027-04-23,VALID,2027-02-02,FT-000447,ACTIVE,ACTIVE,CHASSIS-SYN-000447,ENGINE-SYN-000447,HR17,dataset\NumberPlate_Annotated_Dataset-main\Images\HR17.jpg,SYNTHETIC_PROTOTYPE
VH-000448,WB20AG9041,WB,Truck,YES,Ashok Leyland,AVTR,Yellow,GreenLine Transport,VALID,2027-09-30,VALID,2028-02-28,VALID,2026-11-29,VALID,2027-01-24,FT-000448,ACTIVE,ACTIVE,CHASSIS-SYN-000448,ENGINE-SYN-000448,WB23,dataset\NumberPlate_Annotated_Dataset-main\Images\WB23.jpg,SYNTHETIC_PROTOTYPE
VH-000449,GA03P2839,GA,Car,NO,Maruti,Ertiga,Black,Metro Transit,VALID,2028-09-30,VALID,2027-03-27,VALID,2027-03-20,VALID,2027-01-16,FT-000449,ACTIVE,ACTIVE,CHASSIS-SYN-000449,ENGINE-SYN-000449,GA11,dataset\NumberPlate_Annotated_Dataset-main\Images\GA11.jpg,SYNTHETIC_PROTOTYPE
VH-000450,HR01H4731,HR,Mini Truck,YES,Mahindra,Bolero Pickup,White,Southern Freight,VALID,2028-06-09,EXPIRED,2026-07-02,VALID,2026-11-08,VALID,2027-08-20,FT-000450,ACTIVE,ACTIVE,CHASSIS-SYN-000450,ENGINE-SYN-000450,HR11,dataset\NumberPlate_Annotated_Dataset-main\Images\HR11.jpg,SYNTHETIC_PROTOTYPE
VH-000451,AS01DG6002,AS,Bus,YES,Tata,Starbus,Black,Sri Lakshmi Logistics,VALID,2028-04-11,VALID,2027-09-06,VALID,2026-10-28,VALID,2027-02-11,FT-000451,ACTIVE,ACTIVE,CHASSIS-SYN-000451,ENGINE-SYN-000451,AS10,dataset\NumberPlate_Annotated_Dataset-main\Images\AS10.jpg,SYNTHETIC_PROTOTYPE
VH-000452,AP39DL3537,AP,Car,NO,Hyundai,Aura,Grey,Coastal Commercials,VALID,2027-01-13,VALID,2027-08-16,VALID,2027-08-04,VALID,2027-01-16,FT-000452,ACTIVE,ACTIVE,CHASSIS-SYN-000452,ENGINE-SYN-000452,AP23,dataset\NumberPlate_Annotated_Dataset-main\Images\AP23.jpg,SYNTHETIC_PROTOTYPE
VH-000453,OD02V0007,OD,Car,NO,Hyundai,Aura,Black,Tamil Fleet Services,VALID,2028-03-07,VALID,2028-07-12,VALID,2027-05-02,VALID,2027-07-02,FT-000453,ACTIVE,ACTIVE,CHASSIS-SYN-000453,ENGINE-SYN-000453,OD3,dataset\NumberPlate_Annotated_Dataset-main\Images\OD3.jpg,SYNTHETIC_PROTOTYPE
VH-000454,OD021481,OD,Bike,NO,Honda,Shine,Blue,GreenLine Transport,VALID,2028-04-02,VALID,2027-07-08,VALID,2026-12-24,VALID,2027-05-01,FT-000454,ACTIVE,ACTIVE,CHASSIS-SYN-000454,ENGINE-SYN-000454,OD26,dataset\NumberPlate_Annotated_Dataset-main\Images\OD26.jpg,SYNTHETIC_PROTOTYPE
VH-000455,JK02AJ1525,JK,Car,NO,Toyota,Innova,Red,Tamil Fleet Services,EXPIRED,2026-04-30,VALID,2028-01-09,VALID,2027-04-04,VALID,2027-02-10,FT-000455,ACTIVE,ACTIVE,CHASSIS-SYN-000455,ENGINE-SYN-000455,JK15,dataset\NumberPlate_Annotated_Dataset-main\Images\JK15.jpg,SYNTHETIC_PROTOTYPE
VH-000456,DL9CAE1359,DL,Car,NO,Maruti,Ertiga,Red,Sri Lakshmi Logistics,VALID,2027-02-04,VALID,2028-04-26,VALID,2027-06-24,VALID,2027-08-29,FT-000456,ACTIVE,ACTIVE,CHASSIS-SYN-000456,ENGINE-SYN-000456,DL10,dataset\NumberPlate_Annotated_Dataset-main\Images\DL10.jpg,SYNTHETIC_PROTOTYPE
VH-000457,HR26EJ7668,HR,Car,NO,Maruti,Ertiga,Yellow,Chennai Cargo,VALID,2028-11-20,VALID,2028-05-11,VALID,2027-07-03,VALID,2026-10-26,FT-000457,ACTIVE,ACTIVE,CHASSIS-SYN-000457,ENGINE-SYN-000457,HR20,dataset\NumberPlate_Annotated_Dataset-main\Images\HR20.jpg,SYNTHETIC_PROTOTYPE
VH-000458,JH01BC5210,JH,Mini Truck,YES,Tata,407,Red,Tamil Fleet Services,EXPIRED,2026-05-31,VALID,2027-07-29,VALID,2026-11-15,VALID,2027-02-19,FT-000458,ACTIVE,ACTIVE,CHASSIS-SYN-000458,ENGINE-SYN-000458,JH11,dataset\NumberPlate_Annotated_Dataset-main\Images\JH11.jpg,SYNTHETIC_PROTOTYPE
VH-000459,UP16BD4866,UP,Bus,YES,Ashok Leyland,Viking,Blue,Coastal Commercials,VALID,2027-06-27,VALID,2028-06-02,VALID,2027-06-17,VALID,2027-03-22,FT-000459,ACTIVE,ACTIVE,CHASSIS-SYN-000459,ENGINE-SYN-000459,UP14,dataset\NumberPlate_Annotated_Dataset-main\Images\UP14.jpg,SYNTHETIC_PROTOTYPE
VH-000460,PY01AW2814,PY,Truck,YES,BharatBenz,3123R,Yellow,Coastal Commercials,VALID,2027-09-19,VALID,2028-08-22,VALID,2027-01-11,VALID,2027-02-07,FT-000460,ACTIVE,ACTIVE,CHASSIS-SYN-000460,ENGINE-SYN-000460,PY5,dataset\NumberPlate_Annotated_Dataset-main\Images\PY5.jpg,SYNTHETIC_PROTOTYPE
VH-000461,PB31R8123,PB,Bike,NO,Bajaj,Pulsar,Black,Southern Freight,VALID,2027-12-11,VALID,2027-10-13,VALID,2027-08-15,VALID,2027-06-24,FT-000461,ACTIVE,ACTIVE,CHASSIS-SYN-000461,ENGINE-SYN-000461,PB20,dataset\NumberPlate_Annotated_Dataset-main\Images\PB20.jpg,SYNTHETIC_PROTOTYPE
VH-000462,ML05L1434,ML,Truck,YES,Tata,Prima,Black,Kaveri Transport,VALID,2027-12-26,VALID,2028-03-19,VALID,2027-05-28,VALID,2027-04-08,FT-000462,ACTIVE,ACTIVE,CHASSIS-SYN-000462,ENGINE-SYN-000462,ML11,dataset\NumberPlate_Annotated_Dataset-main\Images\ML11.jpg,SYNTHETIC_PROTOTYPE
VH-000463,DL8CAL4134,DL,Mini Truck,YES,Mahindra,Bolero Pickup,Silver,Southern Freight,VALID,2027-09-18,VALID,2028-04-28,VALID,2027-08-24,VALID,2027-07-28,FT-000463,ACTIVE,ACTIVE,CHASSIS-SYN-000463,ENGINE-SYN-000463,DL29,dataset\NumberPlate_Annotated_Dataset-main\Images\DL29.jpg,SYNTHETIC_PROTOTYPE
VH-000464,JK02AK8967,JK,Truck,YES,BharatBenz,3123R,Yellow,GreenLine Transport,VALID,2028-04-28,VALID,2028-04-01,VALID,2027-07-17,VALID,2027-07-08,FT-000464,ACTIVE,ACTIVE,CHASSIS-SYN-000464,ENGINE-SYN-000464,JK10,dataset\NumberPlate_Annotated_Dataset-main\Images\JK10.jpg,SYNTHETIC_PROTOTYPE
VH-000465,KA01MB9714,KA,Mini Truck,YES,Tata,407,Red,Kaveri Transport,VALID,2027-08-23,VALID,2028-06-17,VALID,2027-09-22,VALID,2027-07-22,FT-000465,ACTIVE,ACTIVE,CHASSIS-SYN-000465,ENGINE-SYN-000465,KA9,dataset\NumberPlate_Annotated_Dataset-main\Images\KA9.jpg,SYNTHETIC_PROTOTYPE
VH-000466,GJ7AG4373,GJ,Bike,NO,Honda,Shine,Red,Chennai Cargo,VALID,2029-03-02,VALID,2027-09-21,VALID,2026-11-12,VALID,2026-12-08,FT-000466,ACTIVE,ACTIVE,CHASSIS-SYN-000466,ENGINE-SYN-000466,GJ1,dataset\NumberPlate_Annotated_Dataset-main\Images\GJ1.jpg,SYNTHETIC_PROTOTYPE
VH-000467,HP719898,HP,Car,NO,Hyundai,Aura,Silver,National Route Logistics,VALID,2028-10-01,VALID,2027-08-06,VALID,2027-01-21,VALID,2027-05-03,FT-000467,ACTIVE,ACTIVE,CHASSIS-SYN-000467,ENGINE-SYN-000467,HP8,dataset\NumberPlate_Annotated_Dataset-main\Images\HP8.jpg,SYNTHETIC_PROTOTYPE
VH-000468,DL4CAM9066,DL,Truck,YES,Ashok Leyland,AVTR,Silver,Tamil Fleet Services,VALID,2028-05-25,VALID,2028-02-23,VALID,2027-02-10,VALID,2027-01-12,FT-000468,ACTIVE,ACTIVE,CHASSIS-SYN-000468,ENGINE-SYN-000468,DL6,dataset\NumberPlate_Annotated_Dataset-main\Images\DL6.jpg,SYNTHETIC_PROTOTYPE
VH-000469,DL2CH8634,DL,Mini Truck,YES,Tata,407,Blue,Southern Freight,EXPIRED,2025-12-30,VALID,2027-12-12,VALID,2027-04-22,VALID,2027-04-19,FT-000469,ACTIVE,ACTIVE,CHASSIS-SYN-000469,ENGINE-SYN-000469,DL9,dataset\NumberPlate_Annotated_Dataset-main\Images\DL9.jpg,SYNTHETIC_PROTOTYPE
VH-000470,PB23S8600,PB,Truck,YES,Ashok Leyland,AVTR,Yellow,Southern Freight,VALID,2028-05-13,VALID,2027-11-02,VALID,2027-07-29,VALID,2027-06-29,FT-000470,ACTIVE,ACTIVE,CHASSIS-SYN-000470,ENGINE-SYN-000470,PB17,dataset\NumberPlate_Annotated_Dataset-main\Images\PB17.jpg,SYNTHETIC_PROTOTYPE
VH-000471,MH05EQ4066,MH,Truck,YES,BharatBenz,3123R,White,Chennai Cargo,VALID,2027-03-19,VALID,2027-02-03,VALID,2027-03-23,VALID,2027-06-16,FT-000471,ACTIVE,ACTIVE,CHASSIS-SYN-000471,ENGINE-SYN-000471,MH15,dataset\NumberPlate_Annotated_Dataset-main\Images\MH15.jpg,SYNTHETIC_PROTOTYPE
VH-000472,NL07CA7631,NL,Car,NO,Maruti,Ertiga,Yellow,Metro Transit,VALID,2027-03-19,VALID,2028-03-27,VALID,2027-07-15,VALID,2027-02-26,FT-000472,ACTIVE,ACTIVE,CHASSIS-SYN-000472,ENGINE-SYN-000472,NL5,dataset\NumberPlate_Annotated_Dataset-main\Images\NL5.jpg,SYNTHETIC_PROTOTYPE
VH-000473,OR08F1001,OR,Bus,YES,Tata,Starbus,Silver,GreenLine Transport,VALID,2028-06-06,VALID,2026-11-16,VALID,2026-10-28,VALID,2027-05-19,FT-000473,ACTIVE,ACTIVE,CHASSIS-SYN-000473,ENGINE-SYN-000473,OD6,dataset\NumberPlate_Annotated_Dataset-main\Images\OD6.jpg,SYNTHETIC_PROTOTYPE
VH-000474,MH43X8997,MH,Car,NO,Toyota,Innova,Black,Metro Transit,VALID,2028-02-15,VALID,2026-10-29,VALID,2027-02-13,VALID,2027-04-12,FT-000474,ACTIVE,ACTIVE,CHASSIS-SYN-000474,ENGINE-SYN-000474,MH14,dataset\NumberPlate_Annotated_Dataset-main\Images\MH14.jpg,SYNTHETIC_PROTOTYPE
VH-000475,GJ06KP8508,GJ,Truck,YES,Tata,Prima,Yellow,Coastal Commercials,VALID,2028-07-22,VALID,2028-03-26,VALID,2027-03-16,VALID,2027-02-24,FT-000475,ACTIVE,ACTIVE,CHASSIS-SYN-000475,ENGINE-SYN-000475,GJ13,dataset\NumberPlate_Annotated_Dataset-main\Images\GJ13.jpg,SYNTHETIC_PROTOTYPE
VH-000476,TS11EQ2914,TS,Car,NO,Toyota,Innova,Blue,GreenLine Transport,VALID,2028-10-04,VALID,2027-09-30,VALID,2027-07-21,VALID,2027-03-14,FT-000476,ACTIVE,ACTIVE,CHASSIS-SYN-000476,ENGINE-SYN-000476,TS10,dataset\NumberPlate_Annotated_Dataset-main\Images\TS10.jpg,SYNTHETIC_PROTOTYPE
VH-000477,CG22H7740,CG,Bike,NO,Bajaj,Pulsar,Blue,Chennai Cargo,VALID,2028-05-12,VALID,2027-03-31,VALID,2027-04-29,VALID,2027-02-03,FT-000477,ACTIVE,ACTIVE,CHASSIS-SYN-000477,ENGINE-SYN-000477,CG10,dataset\NumberPlate_Annotated_Dataset-main\Images\CG10.jpg,SYNTHETIC_PROTOTYPE
VH-000478,DL12CS7886,DL,Truck,YES,BharatBenz,3123R,Black,Kaveri Transport,VALID,2027-10-22,EXPIRED,2026-04-03,VALID,2027-02-13,VALID,2027-04-04,FT-000478,ACTIVE,ACTIVE,CHASSIS-SYN-000478,ENGINE-SYN-000478,DL21,dataset\NumberPlate_Annotated_Dataset-main\Images\DL21.jpg,SYNTHETIC_PROTOTYPE
VH-000479,TR01E2157,TR,Truck,YES,Ashok Leyland,AVTR,Red,Apex Logistics,VALID,2027-05-10,VALID,2028-07-21,VALID,2026-12-03,VALID,2027-07-20,FT-000479,ACTIVE,ACTIVE,CHASSIS-SYN-000479,ENGINE-SYN-000479,TR8,dataset\NumberPlate_Annotated_Dataset-main\Images\TR8.jpg,SYNTHETIC_PROTOTYPE
VH-000480,AN01H1689,AN,Car,NO,Hyundai,Aura,Silver,Kaveri Transport,VALID,2027-12-23,VALID,2027-03-18,VALID,2027-07-29,VALID,2027-05-18,FT-000480,ACTIVE,ACTIVE,CHASSIS-SYN-000480,ENGINE-SYN-000480,AN6,dataset\NumberPlate_Annotated_Dataset-main\Images\AN6.jpg,SYNTHETIC_PROTOTYPE
VH-000481,CH03K7672,CH,Bike,NO,Bajaj,Pulsar,Silver,Southern Freight,VALID,2028-10-23,VALID,2027-09-13,VALID,2027-07-13,VALID,2027-02-13,FT-000481,ACTIVE,ACTIVE,CHASSIS-SYN-000481,ENGINE-SYN-000481,CH3,dataset\NumberPlate_Annotated_Dataset-main\Images\CH3.jpg,SYNTHETIC_PROTOTYPE
VH-000482,BR01PL7594,BR,Truck,YES,Tata,Prima,Grey,National Route Logistics,VALID,2027-10-22,VALID,2027-02-26,VALID,2027-09-04,VALID,2027-08-18,FT-000482,ACTIVE,ACTIVE,CHASSIS-SYN-000482,ENGINE-SYN-000482,BR13,dataset\NumberPlate_Annotated_Dataset-main\Images\BR13.jpg,SYNTHETIC_PROTOTYPE
VH-000483,GA03R9230,GA,Mini Truck,YES,Tata,407,White,Chennai Cargo,VALID,2026-11-01,EXPIRED,2026-05-31,VALID,2027-04-10,VALID,2027-02-03,FT-000483,ACTIVE,ACTIVE,CHASSIS-SYN-000483,ENGINE-SYN-000483,GA1,dataset\NumberPlate_Annotated_Dataset-main\Images\GA1.jpg,SYNTHETIC_PROTOTYPE
VH-000484,CH01AX9090,CH,Car,NO,Hyundai,Aura,Yellow,Kaveri Transport,VALID,2029-01-25,VALID,2027-06-05,VALID,2026-12-23,VALID,2026-11-23,FT-000484,ACTIVE,ACTIVE,CHASSIS-SYN-000484,ENGINE-SYN-000484,CH4,dataset\NumberPlate_Annotated_Dataset-main\Images\CH4.jpg,SYNTHETIC_PROTOTYPE
VH-000485,CH01A09331,CH,Truck,YES,Tata,Prima,Yellow,Southern Freight,VALID,2028-12-30,VALID,2027-04-16,VALID,2027-04-25,VALID,2027-07-23,FT-000485,ACTIVE,ACTIVE,CHASSIS-SYN-000485,ENGINE-SYN-000485,CH8,dataset\NumberPlate_Annotated_Dataset-main\Images\CH8.jpg,SYNTHETIC_PROTOTYPE
VH-000486,OD33L2616,OD,Bus,YES,Tata,Starbus,Grey,Sri Lakshmi Logistics,VALID,2028-07-01,VALID,2027-07-12,VALID,2026-11-24,VALID,2027-05-26,FT-000486,ACTIVE,ACTIVE,CHASSIS-SYN-000486,ENGINE-SYN-000486,OD9,dataset\NumberPlate_Annotated_Dataset-main\Images\OD9.jpg,SYNTHETIC_PROTOTYPE
VH-000487,AP31BL8656,AP,Mini Truck,YES,Mahindra,Bolero Pickup,Grey,Apex Logistics,VALID,2027-05-26,VALID,2027-11-15,VALID,2027-09-14,VALID,2026-12-11,FT-000487,ACTIVE,ACTIVE,CHASSIS-SYN-000487,ENGINE-SYN-000487,AP7,dataset\NumberPlate_Annotated_Dataset-main\Images\AP7.jpg,SYNTHETIC_PROTOTYPE
VH-000488,MH06AB8620,MH,Bus,YES,Tata,Starbus,Grey,GreenLine Transport,VALID,2026-12-05,VALID,2028-07-24,VALID,2026-11-18,VALID,2026-12-14,FT-000488,ACTIVE,ACTIVE,CHASSIS-SYN-000488,ENGINE-SYN-000488,MH1,dataset\NumberPlate_Annotated_Dataset-main\Images\MH1.jpg,SYNTHETIC_PROTOTYPE
VH-000489,GJ01HM5887,GJ,Bike,NO,TVS,Apache,Silver,Chennai Cargo,VALID,2028-12-28,VALID,2027-05-03,VALID,2027-04-12,VALID,2027-01-25,FT-000489,ACTIVE,ACTIVE,CHASSIS-SYN-000489,ENGINE-SYN-000489,GJ25,dataset\NumberPlate_Annotated_Dataset-main\Images\GJ25.jpg,SYNTHETIC_PROTOTYPE
VH-000490,MP09CQ9712,MP,Car,NO,Hyundai,Aura,Grey,Tamil Fleet Services,VALID,2027-03-06,VALID,2027-12-01,VALID,2027-02-03,VALID,2026-12-03,FT-000490,ACTIVE,ACTIVE,CHASSIS-SYN-000490,ENGINE-SYN-000490,MP8,dataset\NumberPlate_Annotated_Dataset-main\Images\MP8.jpg,SYNTHETIC_PROTOTYPE
VH-000491,AR200692,AR,Bike,NO,TVS,Apache,Blue,Southern Freight,VALID,2027-04-04,EXPIRED,2026-07-07,VALID,2027-09-04,VALID,2027-01-31,FT-000491,ACTIVE,ACTIVE,CHASSIS-SYN-000491,ENGINE-SYN-000491,AR13,dataset\NumberPlate_Annotated_Dataset-main\Images\AR13.jpg,SYNTHETIC_PROTOTYPE
VH-000492,JK01AL4613,JK,Bus,YES,Volvo,9400,Red,Southern Freight,VALID,2027-08-07,VALID,2027-11-02,VALID,2027-04-12,VALID,2027-04-19,FT-000492,ACTIVE,ACTIVE,CHASSIS-SYN-000492,ENGINE-SYN-000492,JK22,dataset\NumberPlate_Annotated_Dataset-main\Images\JK22.jpg,SYNTHETIC_PROTOTYPE
VH-000493,TN10AR0131,TN,Truck,YES,Tata,Prima,Yellow,Southern Freight,VALID,2027-01-08,VALID,2027-01-03,VALID,2027-09-08,VALID,2027-07-14,FT-000493,ACTIVE,ACTIVE,CHASSIS-SYN-000493,ENGINE-SYN-000493,TN4,dataset\NumberPlate_Annotated_Dataset-main\Images\TN4.jpg,SYNTHETIC_PROTOTYPE
VH-000494,JK01D8354,JK,Car,NO,Maruti,Ertiga,Grey,Sri Lakshmi Logistics,VALID,2027-05-04,VALID,2028-02-06,VALID,2027-02-01,VALID,2027-06-23,FT-000494,ACTIVE,ACTIVE,CHASSIS-SYN-000494,ENGINE-SYN-000494,JK27,dataset\NumberPlate_Annotated_Dataset-main\Images\JK27.jpg,SYNTHETIC_PROTOTYPE
VH-000495,GJ1SCG7928,GJ,Truck,YES,Tata,Prima,Black,Chennai Cargo,VALID,2029-01-13,VALID,2028-01-15,VALID,2027-05-25,VALID,2027-02-19,FT-000495,ACTIVE,ACTIVE,CHASSIS-SYN-000495,ENGINE-SYN-000495,GJ5,dataset\NumberPlate_Annotated_Dataset-main\Images\GJ5.jpg,SYNTHETIC_PROTOTYPE
VH-000496,WB26S5093,WB,Truck,YES,Tata,Prima,Grey,Tamil Fleet Services,VALID,2027-03-27,VALID,2028-07-21,VALID,2026-10-22,VALID,2027-08-07,FT-000496,ACTIVE,ACTIVE,CHASSIS-SYN-000496,ENGINE-SYN-000496,WB12,dataset\NumberPlate_Annotated_Dataset-main\Images\WB12.jpg,SYNTHETIC_PROTOTYPE
VH-000497,GJ15CB3980,GJ,Truck,YES,BharatBenz,3123R,Blue,Southern Freight,VALID,2027-06-04,VALID,2027-03-17,VALID,2027-01-01,VALID,2027-07-05,FT-000497,ACTIVE,ACTIVE,CHASSIS-SYN-000497,ENGINE-SYN-000497,GJ2,dataset\NumberPlate_Annotated_Dataset-main\Images\GJ2.jpg,SYNTHETIC_PROTOTYPE
VH-000498,KL43D4389,KL,Mini Truck,YES,Ashok Leyland,Dost,Silver,Tamil Fleet Services,VALID,2027-12-20,VALID,2027-03-04,VALID,2027-05-25,VALID,2027-09-17,FT-000498,ACTIVE,ACTIVE,CHASSIS-SYN-000498,ENGINE-SYN-000498,KL19,dataset\NumberPlate_Annotated_Dataset-main\Images\KL19.jpg,SYNTHETIC_PROTOTYPE
VH-000499,CG16B1802,CG,Car,NO,Toyota,Innova,Silver,Chennai Cargo,VALID,2027-01-08,EXPIRED,2026-05-15,VALID,2027-07-18,VALID,2027-03-02,FT-000499,ACTIVE,ACTIVE,CHASSIS-SYN-000499,ENGINE-SYN-000499,CG13,dataset\NumberPlate_Annotated_Dataset-main\Images\CG13.jpg,SYNTHETIC_PROTOTYPE
VH-000500,MH01BT7906,MH,Bus,YES,Ashok Leyland,Viking,Red,Apex Logistics,VALID,2028-01-04,VALID,2028-09-01,VALID,2027-06-28,VALID,2026-11-07,FT-000500,ACTIVE,ACTIVE,CHASSIS-SYN-000500,ENGINE-SYN-000500,MH17,dataset\NumberPlate_Annotated_Dataset-main\Images\MH17.jpg,SYNTHETIC_PROTOTYPE
VH-000501,TS09EZ9293,TS,Bus,YES,Ashok Leyland,Viking,Silver,Southern Freight,VALID,2026-12-19,VALID,2027-08-22,VALID,2026-12-10,VALID,2027-01-23,FT-000501,ACTIVE,ACTIVE,CHASSIS-SYN-000501,ENGINE-SYN-000501,TS3,dataset\NumberPlate_Annotated_Dataset-main\Images\TS3.jpg,SYNTHETIC_PROTOTYPE
VH-000502,PB37A8269,PB,Mini Truck,YES,Mahindra,Bolero Pickup,White,Sri Lakshmi Logistics,VALID,2027-10-11,VALID,2027-10-09,VALID,2027-09-01,VALID,2027-07-02,FT-000502,ACTIVE,ACTIVE,CHASSIS-SYN-000502,ENGINE-SYN-000502,PB21,dataset\NumberPlate_Annotated_Dataset-main\Images\PB21.jpg,SYNTHETIC_PROTOTYPE
VH-000503,UK06CB4595,UK,Bus,YES,Volvo,9400,Black,National Route Logistics,VALID,2027-10-28,VALID,2028-07-09,VALID,2027-07-18,VALID,2026-12-17,FT-000503,ACTIVE,ACTIVE,CHASSIS-SYN-000503,ENGINE-SYN-000503,UK2,dataset\NumberPlate_Annotated_Dataset-main\Images\UK2.jpg,SYNTHETIC_PROTOTYPE
VH-000504,NL01T8152,NL,Car,NO,Hyundai,Aura,Red,National Route Logistics,VALID,2026-12-28,VALID,2027-12-18,VALID,2027-08-27,VALID,2027-07-22,FT-000504,ACTIVE,ACTIVE,CHASSIS-SYN-000504,ENGINE-SYN-000504,NL7,dataset\NumberPlate_Annotated_Dataset-main\Images\NL7.jpg,SYNTHETIC_PROTOTYPE
VH-000505,BR7P3952,BR,Truck,YES,Tata,Prima,Grey,Sri Lakshmi Logistics,VALID,2027-10-09,VALID,2027-11-12,VALID,2027-08-24,VALID,2027-05-04,FT-000505,ACTIVE,ACTIVE,CHASSIS-SYN-000505,ENGINE-SYN-000505,BR6,dataset\NumberPlate_Annotated_Dataset-main\Images\BR6.jpg,SYNTHETIC_PROTOTYPE
VH-000506,MN05A6028,MN,Mini Truck,YES,Ashok Leyland,Dost,Grey,Metro Transit,VALID,2026-10-26,VALID,2027-06-05,VALID,2027-08-29,EXPIRED,2026-09-01,FT-000506,ACTIVE,ACTIVE,CHASSIS-SYN-000506,ENGINE-SYN-000506,MN2,dataset\NumberPlate_Annotated_Dataset-main\Images\MN2.jpg,SYNTHETIC_PROTOTYPE
VH-000507,SK02P1078,SK,Car,NO,Hyundai,Aura,Blue,Coastal Commercials,VALID,2027-03-06,VALID,2028-08-02,VALID,2027-03-18,VALID,2027-08-21,FT-000507,ACTIVE,ACTIVE,CHASSIS-SYN-000507,ENGINE-SYN-000507,SK11,dataset\NumberPlate_Annotated_Dataset-main\Images\SK11.jpg,SYNTHETIC_PROTOTYPE
VH-000508,GA01C2098,GA,Bike,NO,Honda,Shine,Yellow,Chennai Cargo,VALID,2028-12-06,EXPIRED,2026-08-26,VALID,2027-08-26,VALID,2027-03-04,FT-000508,ACTIVE,ACTIVE,CHASSIS-SYN-000508,ENGINE-SYN-000508,GA4,dataset\NumberPlate_Annotated_Dataset-main\Images\GA4.jpg,SYNTHETIC_PROTOTYPE
VH-000509,PY02L4602,PY,Bus,YES,Tata,Starbus,Silver,Tamil Fleet Services,VALID,2028-10-21,VALID,2027-09-05,VALID,2027-08-24,VALID,2026-11-13,FT-000509,ACTIVE,ACTIVE,CHASSIS-SYN-000509,ENGINE-SYN-000509,PY18,dataset\NumberPlate_Annotated_Dataset-main\Images\PY18.jpg,SYNTHETIC_PROTOTYPE
VH-000510,DL2CAR0108,DL,Mini Truck,YES,Mahindra,Bolero Pickup,Silver,Metro Transit,VALID,2027-06-17,VALID,2028-01-01,VALID,2027-08-18,VALID,2027-04-20,FT-000510,ACTIVE,ACTIVE,CHASSIS-SYN-000510,ENGINE-SYN-000510,DL32,dataset\NumberPlate_Annotated_Dataset-main\Images\DL32.jpg,SYNTHETIC_PROTOTYPE
VH-000511,UP27Z7322,UP,Truck,YES,BharatBenz,3123R,Blue,Metro Transit,VALID,2027-01-15,VALID,2028-09-09,VALID,2026-11-18,VALID,2027-08-28,FT-000511,ACTIVE,ACTIVE,CHASSIS-SYN-000511,ENGINE-SYN-000511,UP24,dataset\NumberPlate_Annotated_Dataset-main\Images\UP24.jpg,SYNTHETIC_PROTOTYPE
VH-000512,UK07BK5014,UK,Car,NO,Hyundai,Aura,Blue,Coastal Commercials,VALID,2028-10-22,VALID,2027-12-19,VALID,2027-09-03,VALID,2027-05-06,FT-000512,KYC_PENDING,ACTIVE,CHASSIS-SYN-000512,ENGINE-SYN-000512,UK8,dataset\NumberPlate_Annotated_Dataset-main\Images\UK8.jpg,SYNTHETIC_PROTOTYPE
VH-000513,MH48AK2798,MH,Truck,YES,BharatBenz,3123R,Yellow,Kaveri Transport,VALID,2028-09-09,VALID,2027-03-12,VALID,2027-06-05,VALID,2027-04-03,FT-000513,ACTIVE,ACTIVE,CHASSIS-SYN-000513,ENGINE-SYN-000513,MH2,dataset\NumberPlate_Annotated_Dataset-main\Images\MH2.jpg,SYNTHETIC_PROTOTYPE
VH-000514,OD052323,OD,Bike,NO,Bajaj,Pulsar,Black,National Route Logistics,VALID,2028-10-26,VALID,2028-07-03,VALID,2027-04-30,VALID,2027-02-23,FT-000514,ACTIVE,ACTIVE,CHASSIS-SYN-000514,ENGINE-SYN-000514,OD13,dataset\NumberPlate_Annotated_Dataset-main\Images\OD13.jpg,SYNTHETIC_PROTOTYPE
VH-000515,ML0563550,ML,Truck,YES,Tata,Prima,White,Southern Freight,VALID,2027-05-19,VALID,2028-07-05,VALID,2026-11-06,VALID,2026-12-04,FT-000515,ACTIVE,ACTIVE,CHASSIS-SYN-000515,ENGINE-SYN-000515,ML24,dataset\NumberPlate_Annotated_Dataset-main\Images\ML24.jpg,SYNTHETIC_PROTOTYPE
VH-000516,KL27D9809,KL,Bus,YES,Ashok Leyland,Viking,Blue,Metro Transit,VALID,2029-02-12,VALID,2026-11-06,VALID,2027-04-17,VALID,2027-02-04,FT-000516,ACTIVE,ACTIVE,CHASSIS-SYN-000516,ENGINE-SYN-000516,KL4,dataset\NumberPlate_Annotated_Dataset-main\Images\KL4.jpg,SYNTHETIC_PROTOTYPE
VH-000517,MH05CH1754,MH,Car,NO,Maruti,Ertiga,Yellow,Southern Freight,VALID,2027-09-22,VALID,2028-09-08,VALID,2026-10-30,VALID,2027-04-18,FT-000517,ACTIVE,ACTIVE,CHASSIS-SYN-000517,ENGINE-SYN-000517,MH22,dataset\NumberPlate_Annotated_Dataset-main\Images\MH22.jpg,SYNTHETIC_PROTOTYPE
VH-000518,ML05R1934,ML,Mini Truck,YES,Tata,407,Yellow,Metro Transit,EXPIRED,2026-04-17,VALID,2027-10-28,VALID,2027-01-06,VALID,2027-03-21,FT-000518,ACTIVE,ACTIVE,CHASSIS-SYN-000518,ENGINE-SYN-000518,ML23,dataset\NumberPlate_Annotated_Dataset-main\Images\ML23.jpg,SYNTHETIC_PROTOTYPE
VH-000519,JK02BN3088,JK,Mini Truck,YES,Tata,407,Blue,GreenLine Transport,VALID,2027-05-29,VALID,2027-05-14,VALID,2027-02-28,VALID,2026-12-14,FT-000519,ACTIVE,ACTIVE,CHASSIS-SYN-000519,ENGINE-SYN-000519,JK24,dataset\NumberPlate_Annotated_Dataset-main\Images\JK24.jpg,SYNTHETIC_PROTOTYPE
VH-000520,TS09EA4088,TS,Bus,YES,Ashok Leyland,Viking,Red,Metro Transit,VALID,2028-10-20,VALID,2028-08-22,VALID,2027-09-22,VALID,2027-08-06,FT-000520,ACTIVE,ACTIVE,CHASSIS-SYN-000520,ENGINE-SYN-000520,TS5,dataset\NumberPlate_Annotated_Dataset-main\Images\TS5.jpg,SYNTHETIC_PROTOTYPE
VH-000521,AP39HZ0087,AP,Truck,YES,Ashok Leyland,AVTR,Grey,Coastal Commercials,VALID,2027-01-05,VALID,2026-11-28,VALID,2027-02-13,VALID,2027-02-02,FT-000521,ACTIVE,ACTIVE,CHASSIS-SYN-000521,ENGINE-SYN-000521,AP4,dataset\NumberPlate_Annotated_Dataset-main\Images\AP4.jpg,SYNTHETIC_PROTOTYPE
VH-000522,OD11P6123,OD,Truck,YES,Tata,Prima,Black,Metro Transit,EXPIRED,2026-03-06,VALID,2027-05-13,VALID,2027-07-01,VALID,2027-08-07,FT-000522,ACTIVE,ACTIVE,CHASSIS-SYN-000522,ENGINE-SYN-000522,OD19,dataset\NumberPlate_Annotated_Dataset-main\Images\OD19.jpg,SYNTHETIC_PROTOTYPE
VH-000523,KA01MG1660,KA,Truck,YES,Ashok Leyland,AVTR,Black,Tamil Fleet Services,VALID,2026-11-25,VALID,2028-06-29,VALID,2027-05-17,VALID,2027-08-14,FT-000523,ACTIVE,ACTIVE,CHASSIS-SYN-000523,ENGINE-SYN-000523,KA17,dataset\NumberPlate_Annotated_Dataset-main\Images\KA17.jpg,SYNTHETIC_PROTOTYPE
VH-000524,UK08W2276,UK,Truck,YES,BharatBenz,3123R,Black,Kaveri Transport,VALID,2027-07-01,VALID,2027-10-19,VALID,2027-09-15,VALID,2026-11-10,FT-000524,ACTIVE,ACTIVE,CHASSIS-SYN-000524,ENGINE-SYN-000524,UK1,dataset\NumberPlate_Annotated_Dataset-main\Images\UK1.jpg,SYNTHETIC_PROTOTYPE
VH-000525,GJ01RK2430,GJ,Truck,YES,Tata,Prima,Blue,National Route Logistics,VALID,2029-02-10,VALID,2028-06-29,VALID,2027-04-17,VALID,2027-03-30,FT-000525,ACTIVE,ACTIVE,CHASSIS-SYN-000525,ENGINE-SYN-000525,GJ20,dataset\NumberPlate_Annotated_Dataset-main\Images\GJ20.jpg,SYNTHETIC_PROTOTYPE
VH-000526,WB02AM8548,WB,Car,NO,Hyundai,Aura,White,Sri Lakshmi Logistics,VALID,2028-07-11,VALID,2027-04-08,VALID,2027-01-21,VALID,2027-08-23,FT-000526,ACTIVE,ACTIVE,CHASSIS-SYN-000526,ENGINE-SYN-000526,WB28,dataset\NumberPlate_Annotated_Dataset-main\Images\WB28.jpg,SYNTHETIC_PROTOTYPE
VH-000527,AP31CS2511,AP,Bus,YES,Ashok Leyland,Viking,Silver,Kaveri Transport,VALID,2027-02-20,VALID,2028-03-05,VALID,2027-01-02,VALID,2027-03-16,FT-000527,ACTIVE,ACTIVE,CHASSIS-SYN-000527,ENGINE-SYN-000527,AP46,dataset\NumberPlate_Annotated_Dataset-main\Images\AP46.jpg,SYNTHETIC_PROTOTYPE
VH-000528,MN01K5346,MN,Bus,YES,Tata,Starbus,Red,Kaveri Transport,VALID,2027-02-22,VALID,2028-09-04,VALID,2027-01-06,VALID,2027-04-02,FT-000528,ACTIVE,ACTIVE,CHASSIS-SYN-000528,ENGINE-SYN-000528,MN6,dataset\NumberPlate_Annotated_Dataset-main\Images\MN6.jpg,SYNTHETIC_PROTOTYPE
VH-000529,AS04P4549,AS,Truck,YES,BharatBenz,3123R,Yellow,Tamil Fleet Services,VALID,2027-09-30,VALID,2028-03-14,VALID,2026-12-12,VALID,2026-10-27,FT-000529,ACTIVE,ACTIVE,CHASSIS-SYN-000529,ENGINE-SYN-000529,AS18,dataset\NumberPlate_Annotated_Dataset-main\Images\AS18.jpg,SYNTHETIC_PROTOTYPE
VH-000530,BR06U2470,BR,Truck,YES,Ashok Leyland,AVTR,Yellow,GreenLine Transport,VALID,2027-08-13,VALID,2027-03-02,VALID,2026-11-08,VALID,2027-08-29,FT-000530,ACTIVE,ACTIVE,CHASSIS-SYN-000530,ENGINE-SYN-000530,BR4,dataset\NumberPlate_Annotated_Dataset-main\Images\BR4.jpg,SYNTHETIC_PROTOTYPE
VH-000531,OD02AP3010,OD,Truck,YES,BharatBenz,3123R,Yellow,GreenLine Transport,VALID,2027-06-06,VALID,2027-10-26,VALID,2027-02-05,VALID,2027-07-11,FT-000531,ACTIVE,ACTIVE,CHASSIS-SYN-000531,ENGINE-SYN-000531,OD25,dataset\NumberPlate_Annotated_Dataset-main\Images\OD25.jpg,SYNTHETIC_PROTOTYPE
VH-000532,HP34C8986,HP,Car,NO,Maruti,Ertiga,Silver,Sri Lakshmi Logistics,VALID,2028-06-19,VALID,2027-02-02,VALID,2027-03-26,VALID,2027-09-05,FT-000532,ACTIVE,ACTIVE,CHASSIS-SYN-000532,ENGINE-SYN-000532,HP13,dataset\NumberPlate_Annotated_Dataset-main\Images\HP13.jpg,SYNTHETIC_PROTOTYPE
VH-000533,KA06C9590,KA,Car,NO,Maruti,Ertiga,Silver,National Route Logistics,VALID,2028-02-25,EXPIRED,2026-04-02,VALID,2027-07-09,VALID,2026-12-25,FT-000533,ACTIVE,ACTIVE,CHASSIS-SYN-000533,ENGINE-SYN-000533,KA3,dataset\NumberPlate_Annotated_Dataset-main\Images\KA3.jpg,SYNTHETIC_PROTOTYPE
VH-000534,TN76V1978,TN,Bike,NO,Bajaj,Pulsar,Blue,Kaveri Transport,VALID,2027-05-26,VALID,2027-09-12,VALID,2027-06-19,VALID,2026-12-27,FT-000534,ACTIVE,ACTIVE,CHASSIS-SYN-000534,ENGINE-SYN-000534,TN2,dataset\NumberPlate_Annotated_Dataset-main\Images\TN2.jpg,SYNTHETIC_PROTOTYPE
VH-000535,AP31AT5064,AP,Bike,NO,Honda,Shine,Silver,Coastal Commercials,VALID,2027-12-04,VALID,2027-03-11,VALID,2027-03-31,VALID,2027-01-21,FT-000535,ACTIVE,ACTIVE,CHASSIS-SYN-000535,ENGINE-SYN-000535,AP21,dataset\NumberPlate_Annotated_Dataset-main\Images\AP21.jpg,SYNTHETIC_PROTOTYPE
VH-000536,MP08CA6293,MP,Car,NO,Toyota,Innova,White,GreenLine Transport,VALID,2028-03-23,VALID,2026-10-26,VALID,2027-03-25,VALID,2027-09-04,FT-000536,ACTIVE,ACTIVE,CHASSIS-SYN-000536,ENGINE-SYN-000536,MP10,dataset\NumberPlate_Annotated_Dataset-main\Images\MP10.jpg,SYNTHETIC_PROTOTYPE
VH-000537,WB26T6688,WB,Truck,YES,Tata,Prima,Silver,Kaveri Transport,VALID,2029-01-04,VALID,2026-11-14,EXPIRED,2026-06-16,VALID,2027-07-13,FT-000537,INACTIVE,ACTIVE,CHASSIS-SYN-000537,ENGINE-SYN-000537,WB1,dataset\NumberPlate_Annotated_Dataset-main\Images\WB1.jpg,SYNTHETIC_PROTOTYPE
VH-000538,MH12KJ7659,MH,Truck,YES,Ashok Leyland,AVTR,Grey,Metro Transit,VALID,2028-03-19,VALID,2026-10-27,VALID,2027-07-06,VALID,2027-07-30,FT-000538,ACTIVE,ACTIVE,CHASSIS-SYN-000538,ENGINE-SYN-000538,MH20,dataset\NumberPlate_Annotated_Dataset-main\Images\MH20.jpg,SYNTHETIC_PROTOTYPE
VH-000539,GA01S5594,GA,Mini Truck,YES,Ashok Leyland,Dost,Black,Chennai Cargo,VALID,2028-05-12,VALID,2027-03-01,VALID,2027-07-22,VALID,2027-08-24,FT-000539,ACTIVE,ACTIVE,CHASSIS-SYN-000539,ENGINE-SYN-000539,GA3,dataset\NumberPlate_Annotated_Dataset-main\Images\GA3.jpg,SYNTHETIC_PROTOTYPE
VH-000540,WB06H2237,WB,Car,NO,Maruti,Ertiga,White,Sri Lakshmi Logistics,VALID,2027-05-25,VALID,2027-07-31,VALID,2027-04-06,VALID,2026-12-07,FT-000540,ACTIVE,ACTIVE,CHASSIS-SYN-000540,ENGINE-SYN-000540,WB25,dataset\NumberPlate_Annotated_Dataset-main\Images\WB25.jpg,SYNTHETIC_PROTOTYPE
VH-000541,DL5CH7599,DL,Truck,YES,Ashok Leyland,AVTR,Blue,Coastal Commercials,VALID,2027-10-05,VALID,2027-07-11,EXPIRED,2026-06-17,VALID,2027-09-21,FT-000541,BLACKLISTED,ACTIVE,CHASSIS-SYN-000541,ENGINE-SYN-000541,DL12,dataset\NumberPlate_Annotated_Dataset-main\Images\DL12.jpg,SYNTHETIC_PROTOTYPE
VH-000542,ML087084,ML,Truck,YES,Ashok Leyland,AVTR,Blue,GreenLine Transport,VALID,2026-11-04,VALID,2028-03-05,VALID,2027-07-24,VALID,2026-11-15,FT-000542,ACTIVE,ACTIVE,CHASSIS-SYN-000542,ENGINE-SYN-000542,ML8,dataset\NumberPlate_Annotated_Dataset-main\Images\ML8.jpg,SYNTHETIC_PROTOTYPE
VH-000543,UP80FA1666,UP,Bus,YES,Volvo,9400,Silver,Kaveri Transport,VALID,2027-06-21,VALID,2027-07-21,VALID,2026-12-04,VALID,2027-05-17,FT-000543,ACTIVE,ACTIVE,CHASSIS-SYN-000543,ENGINE-SYN-000543,UP3,dataset\NumberPlate_Annotated_Dataset-main\Images\UP3.jpg,SYNTHETIC_PROTOTYPE
VH-000544,TN19F0816,TN,Truck,YES,BharatBenz,3123R,Silver,Metro Transit,VALID,2027-07-27,VALID,2027-12-26,VALID,2026-11-20,VALID,2027-09-14,FT-000544,ACTIVE,ACTIVE,CHASSIS-SYN-000544,ENGINE-SYN-000544,TN6,dataset\NumberPlate_Annotated_Dataset-main\Images\TN6.jpg,SYNTHETIC_PROTOTYPE
VH-000545,RJ23CB4320,RJ,Bus,YES,Tata,Starbus,Silver,Sri Lakshmi Logistics,VALID,2027-02-27,VALID,2028-03-17,VALID,2027-01-19,VALID,2027-04-21,FT-000545,ACTIVE,ACTIVE,CHASSIS-SYN-000545,ENGINE-SYN-000545,RJ7,dataset\NumberPlate_Annotated_Dataset-main\Images\RJ7.jpg,SYNTHETIC_PROTOTYPE
VH-000546,UP14CV7920,UP,Mini Truck,YES,Ashok Leyland,Dost,Grey,GreenLine Transport,VALID,2028-05-26,VALID,2027-03-04,VALID,2026-12-17,VALID,2027-09-08,FT-000546,ACTIVE,ACTIVE,CHASSIS-SYN-000546,ENGINE-SYN-000546,UP12,dataset\NumberPlate_Annotated_Dataset-main\Images\UP12.jpg,SYNTHETIC_PROTOTYPE
VH-000547,WB06G4120,WB,Car,NO,Maruti,Ertiga,Red,Southern Freight,VALID,2028-01-06,VALID,2026-12-02,VALID,2027-09-03,VALID,2027-04-22,FT-000547,ACTIVE,SUSPENDED,CHASSIS-SYN-000547,ENGINE-SYN-000547,WB5,dataset\NumberPlate_Annotated_Dataset-main\Images\WB5.jpg,SYNTHETIC_PROTOTYPE
VH-000548,AP31EF1155,AP,Bike,NO,Honda,Shine,Yellow,Kaveri Transport,VALID,2028-08-26,VALID,2028-09-07,VALID,2027-04-26,VALID,2027-05-16,FT-000548,ACTIVE,ACTIVE,CHASSIS-SYN-000548,ENGINE-SYN-000548,AP27,dataset\NumberPlate_Annotated_Dataset-main\Images\AP27.jpg,SYNTHETIC_PROTOTYPE
VH-000549,JH01AX5392,JH,Truck,YES,Ashok Leyland,AVTR,Yellow,Sri Lakshmi Logistics,VALID,2027-10-25,VALID,2028-09-14,VALID,2027-04-05,VALID,2027-03-17,FT-000549,ACTIVE,ACTIVE,CHASSIS-SYN-000549,ENGINE-SYN-000549,JH12,dataset\NumberPlate_Annotated_Dataset-main\Images\JH12.jpg,SYNTHETIC_PROTOTYPE
VH-000550,AP31DT9378,AP,Car,NO,Maruti,Ertiga,Black,Apex Logistics,VALID,2028-11-07,VALID,2028-03-13,VALID,2026-12-17,VALID,2027-09-08,FT-000550,ACTIVE,ACTIVE,CHASSIS-SYN-000550,ENGINE-SYN-000550,AP30,dataset\NumberPlate_Annotated_Dataset-main\Images\AP30.jpg,SYNTHETIC_PROTOTYPE
VH-000551,AS018P2415,AS,Bike,NO,Honda,Shine,Black,Southern Freight,VALID,2027-08-05,VALID,2027-12-29,VALID,2026-11-08,VALID,2027-08-02,FT-000551,ACTIVE,ACTIVE,CHASSIS-SYN-000551,ENGINE-SYN-000551,AS14,dataset\NumberPlate_Annotated_Dataset-main\Images\AS14.jpg,SYNTHETIC_PROTOTYPE
VH-000552,PB2313752,PB,Bus,YES,Ashok Leyland,Viking,Silver,Coastal Commercials,VALID,2029-02-14,VALID,2028-09-17,VALID,2027-06-19,VALID,2027-05-30,FT-000552,ACTIVE,ACTIVE,CHASSIS-SYN-000552,ENGINE-SYN-000552,PB5,dataset\NumberPlate_Annotated_Dataset-main\Images\PB5.jpg,SYNTHETIC_PROTOTYPE
VH-000553,AS19D9919,AS,Car,NO,Toyota,Innova,Black,Metro Transit,VALID,2029-01-09,VALID,2027-12-07,VALID,2027-02-23,VALID,2027-04-11,FT-000553,ACTIVE,ACTIVE,CHASSIS-SYN-000553,ENGINE-SYN-000553,AS23,dataset\NumberPlate_Annotated_Dataset-main\Images\AS23.jpg,SYNTHETIC_PROTOTYPE
VH-000554,AP31TV6847,AP,Mini Truck,YES,Tata,407,Black,Tamil Fleet Services,VALID,2027-11-08,VALID,2027-11-29,VALID,2026-11-30,VALID,2027-03-29,FT-000554,ACTIVE,SUSPENDED,CHASSIS-SYN-000554,ENGINE-SYN-000554,AP42,dataset\NumberPlate_Annotated_Dataset-main\Images\AP42.jpg,SYNTHETIC_PROTOTYPE
VH-000555,SK02P3471,SK,Truck,YES,BharatBenz,3123R,Silver,Southern Freight,VALID,2027-04-15,VALID,2027-11-30,VALID,2027-06-19,VALID,2027-02-17,FT-000555,ACTIVE,SUSPENDED,CHASSIS-SYN-000555,ENGINE-SYN-000555,SK7,dataset\NumberPlate_Annotated_Dataset-main\Images\SK7.jpg,SYNTHETIC_PROTOTYPE
VH-000556,DL6CR7002,DL,Bus,YES,Ashok Leyland,Viking,Blue,GreenLine Transport,VALID,2028-12-13,VALID,2028-06-21,VALID,2027-06-06,VALID,2026-12-30,FT-000556,ACTIVE,ACTIVE,CHASSIS-SYN-000556,ENGINE-SYN-000556,DL2,dataset\NumberPlate_Annotated_Dataset-main\Images\DL2.jpg,SYNTHETIC_PROTOTYPE
VH-000557,PY01CM5400,PY,Bike,NO,TVS,Apache,Black,Kaveri Transport,VALID,2027-05-20,VALID,2028-05-11,VALID,2027-07-31,VALID,2027-06-24,FT-000557,ACTIVE,ACTIVE,CHASSIS-SYN-000557,ENGINE-SYN-000557,PY3,dataset\NumberPlate_Annotated_Dataset-main\Images\PY3.jpg,SYNTHETIC_PROTOTYPE
VH-000558,NL02C9593,NL,Truck,YES,Tata,Prima,Red,National Route Logistics,VALID,2027-09-09,VALID,2027-02-25,VALID,2027-07-18,EXPIRED,2026-09-21,FT-000558,ACTIVE,ACTIVE,CHASSIS-SYN-000558,ENGINE-SYN-000558,NL6,dataset\NumberPlate_Annotated_Dataset-main\Images\NL6.jpg,SYNTHETIC_PROTOTYPE
VH-000559,BR03PA3803,BR,Truck,YES,Ashok Leyland,AVTR,Grey,Southern Freight,VALID,2028-03-04,VALID,2028-04-03,VALID,2027-08-07,VALID,2027-02-26,FT-000559,ACTIVE,ACTIVE,CHASSIS-SYN-000559,ENGINE-SYN-000559,BR12,dataset\NumberPlate_Annotated_Dataset-main\Images\BR12.jpg,SYNTHETIC_PROTOTYPE
VH-000560,KL43D4444,KL,Truck,YES,Tata,Prima,Blue,National Route Logistics,VALID,2027-06-19,VALID,2028-07-03,VALID,2026-11-30,VALID,2027-03-22,FT-000560,ACTIVE,ACTIVE,CHASSIS-SYN-000560,ENGINE-SYN-000560,KL16,dataset\NumberPlate_Annotated_Dataset-main\Images\KL16.jpg,SYNTHETIC_PROTOTYPE
VH-000561,JH04C7104,JH,Mini Truck,YES,Tata,407,White,Apex Logistics,VALID,2027-07-06,VALID,2027-07-25,VALID,2026-12-16,VALID,2027-04-15,FT-000561,ACTIVE,ACTIVE,CHASSIS-SYN-000561,ENGINE-SYN-000561,JH8,dataset\NumberPlate_Annotated_Dataset-main\Images\JH8.jpg,SYNTHETIC_PROTOTYPE
VH-000562,DL8CNA1596,DL,Truck,YES,BharatBenz,3123R,Red,GreenLine Transport,VALID,2028-04-03,VALID,2026-12-10,VALID,2027-01-16,EXPIRED,2026-07-01,FT-000562,ACTIVE,ACTIVE,CHASSIS-SYN-000562,ENGINE-SYN-000562,DL31,dataset\NumberPlate_Annotated_Dataset-main\Images\DL31.jpg,SYNTHETIC_PROTOTYPE
VH-000563,AS01BF9673,AS,Car,NO,Toyota,Innova,Grey,Tamil Fleet Services,VALID,2027-01-24,VALID,2028-05-07,VALID,2027-07-10,VALID,2027-07-28,FT-000563,KYC_PENDING,ACTIVE,CHASSIS-SYN-000563,ENGINE-SYN-000563,AS15,dataset\NumberPlate_Annotated_Dataset-main\Images\AS15.jpg,SYNTHETIC_PROTOTYPE
VH-000564,PY01Q7947,PY,Bus,YES,Tata,Starbus,Red,Southern Freight,VALID,2027-11-18,VALID,2028-09-03,VALID,2027-03-10,VALID,2026-12-31,FT-000564,ACTIVE,SUSPENDED,CHASSIS-SYN-000564,ENGINE-SYN-000564,PY1,dataset\NumberPlate_Annotated_Dataset-main\Images\PY1.jpg,SYNTHETIC_PROTOTYPE
VH-000565,JK02CD0461,JK,Truck,YES,BharatBenz,3123R,White,Tamil Fleet Services,VALID,2028-09-24,VALID,2027-09-09,VALID,2027-05-11,VALID,2027-01-07,FT-000565,ACTIVE,ACTIVE,CHASSIS-SYN-000565,ENGINE-SYN-000565,JK9,dataset\NumberPlate_Annotated_Dataset-main\Images\JK9.jpg,SYNTHETIC_PROTOTYPE
VH-000566,GJ06FK2977,GJ,Mini Truck,YES,Ashok Leyland,Dost,Grey,National Route Logistics,VALID,2029-03-03,VALID,2026-10-29,VALID,2027-04-22,EXPIRED,2026-08-17,FT-000566,ACTIVE,ACTIVE,CHASSIS-SYN-000566,ENGINE-SYN-000566,GJ6,dataset\NumberPlate_Annotated_Dataset-main\Images\GJ6.jpg,SYNTHETIC_PROTOTYPE
VH-000567,SK01T8791,SK,Truck,YES,Tata,Prima,Yellow,Sri Lakshmi Logistics,VALID,2028-07-01,VALID,2028-08-20,VALID,2027-07-18,VALID,2027-03-24,FT-000567,ACTIVE,ACTIVE,CHASSIS-SYN-000567,ENGINE-SYN-000567,SK9,dataset\NumberPlate_Annotated_Dataset-main\Images\SK9.jpg,SYNTHETIC_PROTOTYPE
VH-000568,OD05Y5787,OD,Truck,YES,Ashok Leyland,AVTR,White,Tamil Fleet Services,VALID,2028-02-04,VALID,2028-08-28,EXPIRED,2026-07-07,VALID,2027-09-22,FT-000568,ACTIVE,ACTIVE,CHASSIS-SYN-000568,ENGINE-SYN-000568,OD15,dataset\NumberPlate_Annotated_Dataset-main\Images\OD15.jpg,SYNTHETIC_PROTOTYPE
VH-000569,MP04CL8840,MP,Truck,YES,Ashok Leyland,AVTR,Blue,Tamil Fleet Services,EXPIRED,2026-06-21,VALID,2027-02-02,VALID,2026-10-29,VALID,2027-03-11,FT-000569,ACTIVE,ACTIVE,CHASSIS-SYN-000569,ENGINE-SYN-000569,MP2,dataset\NumberPlate_Annotated_Dataset-main\Images\MP2.jpg,SYNTHETIC_PROTOTYPE
VH-000570,AR01E1034,AR,Car,NO,Toyota,Innova,Black,Metro Transit,VALID,2027-08-28,VALID,2028-01-20,VALID,2027-03-05,VALID,2027-03-17,FT-000570,ACTIVE,ACTIVE,CHASSIS-SYN-000570,ENGINE-SYN-000570,AR9,dataset\NumberPlate_Annotated_Dataset-main\Images\AR9.jpg,SYNTHETIC_PROTOTYPE
VH-000571,UP53AK1161,UP,Truck,YES,Ashok Leyland,AVTR,Black,Tamil Fleet Services,VALID,2026-12-08,VALID,2027-10-18,VALID,2027-05-01,VALID,2027-07-16,FT-000571,ACTIVE,ACTIVE,CHASSIS-SYN-000571,ENGINE-SYN-000571,UP11,dataset\NumberPlate_Annotated_Dataset-main\Images\UP11.jpg,SYNTHETIC_PROTOTYPE
VH-000572,GJ01HS1902,GJ,Bus,YES,Ashok Leyland,Viking,Blue,Sri Lakshmi Logistics,VALID,2027-07-21,VALID,2027-12-07,VALID,2027-05-11,VALID,2027-09-14,FT-000572,ACTIVE,ACTIVE,CHASSIS-SYN-000572,ENGINE-SYN-000572,GJ15,dataset\NumberPlate_Annotated_Dataset-main\Images\GJ15.jpg,SYNTHETIC_PROTOTYPE
VH-000573,JH05S3291,JH,Car,NO,Maruti,Ertiga,Blue,Chennai Cargo,VALID,2026-11-22,EXPIRED,2026-08-09,VALID,2027-08-13,VALID,2027-03-11,FT-000573,ACTIVE,ACTIVE,CHASSIS-SYN-000573,ENGINE-SYN-000573,JH18,dataset\NumberPlate_Annotated_Dataset-main\Images\JH18.jpg,SYNTHETIC_PROTOTYPE
VH-000574,MH02DN7410,MH,Bus,YES,Volvo,9400,Grey,Coastal Commercials,VALID,2028-11-16,VALID,2027-03-21,VALID,2027-07-18,VALID,2027-07-30,FT-000574,KYC_PENDING,ACTIVE,CHASSIS-SYN-000574,ENGINE-SYN-000574,MH8,dataset\NumberPlate_Annotated_Dataset-main\Images\MH8.jpg,SYNTHETIC_PROTOTYPE
VH-000575,TS08FZ8298,TS,Mini Truck,YES,Ashok Leyland,Dost,Red,GreenLine Transport,VALID,2026-12-22,VALID,2027-05-15,VALID,2027-01-31,VALID,2027-02-23,FT-000575,ACTIVE,ACTIVE,CHASSIS-SYN-000575,ENGINE-SYN-000575,TS11,dataset\NumberPlate_Annotated_Dataset-main\Images\TS11.jpg,SYNTHETIC_PROTOTYPE
VH-000576,JK01AD3147,JK,Truck,YES,Ashok Leyland,AVTR,Blue,Apex Logistics,VALID,2027-07-08,VALID,2028-07-02,VALID,2027-05-16,VALID,2027-04-20,FT-000576,ACTIVE,ACTIVE,CHASSIS-SYN-000576,ENGINE-SYN-000576,JK12,dataset\NumberPlate_Annotated_Dataset-main\Images\JK12.jpg,SYNTHETIC_PROTOTYPE
VH-000577,PY01BU2406,PY,Bus,YES,Tata,Starbus,Silver,Coastal Commercials,VALID,2027-11-29,VALID,2028-03-20,VALID,2027-09-11,VALID,2027-03-16,FT-000577,ACTIVE,ACTIVE,CHASSIS-SYN-000577,ENGINE-SYN-000577,PY16,dataset\NumberPlate_Annotated_Dataset-main\Images\PY16.jpg,SYNTHETIC_PROTOTYPE
VH-000578,AP26AM1260,AP,Bus,YES,Volvo,9400,Blue,Metro Transit,EXPIRED,2026-08-04,VALID,2026-11-12,VALID,2027-01-16,VALID,2027-07-31,FT-000578,ACTIVE,ACTIVE,CHASSIS-SYN-000578,ENGINE-SYN-000578,AP25,dataset\NumberPlate_Annotated_Dataset-main\Images\AP25.jpg,SYNTHETIC_PROTOTYPE
VH-000579,AP37EJ2277,AP,Car,NO,Toyota,Innova,Yellow,Apex Logistics,VALID,2027-03-28,VALID,2028-06-28,VALID,2027-09-01,VALID,2026-10-31,FT-000579,ACTIVE,ACTIVE,CHASSIS-SYN-000579,ENGINE-SYN-000579,AP34,dataset\NumberPlate_Annotated_Dataset-main\Images\AP34.jpg,SYNTHETIC_PROTOTYPE
VH-000580,CH01BL3528,CH,Mini Truck,YES,Tata,407,Yellow,Coastal Commercials,VALID,2027-04-02,VALID,2026-11-06,VALID,2027-05-06,EXPIRED,2026-09-20,FT-000580,ACTIVE,ACTIVE,CHASSIS-SYN-000580,ENGINE-SYN-000580,CH2,dataset\NumberPlate_Annotated_Dataset-main\Images\CH2.jpg,SYNTHETIC_PROTOTYPE
VH-000581,CH01AB4559,CH,Bike,NO,TVS,Apache,Blue,Metro Transit,VALID,2028-03-27,VALID,2027-01-04,VALID,2027-06-13,VALID,2026-12-09,FT-000581,ACTIVE,ACTIVE,CHASSIS-SYN-000581,ENGINE-SYN-000581,CH10,dataset\NumberPlate_Annotated_Dataset-main\Images\CH10.jpg,SYNTHETIC_PROTOTYPE
VH-000582,RJ14CM3730,RJ,Bus,YES,Volvo,9400,Yellow,Tamil Fleet Services,VALID,2027-10-23,VALID,2027-09-20,VALID,2027-08-22,VALID,2026-11-22,FT-000582,ACTIVE,ACTIVE,CHASSIS-SYN-000582,ENGINE-SYN-000582,RJ10,dataset\NumberPlate_Annotated_Dataset-main\Images\RJ10.jpg,SYNTHETIC_PROTOTYPE
VH-000583,JH01AM2354,JH,Truck,YES,Tata,Prima,Red,Coastal Commercials,VALID,2027-07-20,VALID,2028-09-06,VALID,2027-09-03,VALID,2027-02-21,FT-000583,ACTIVE,ACTIVE,CHASSIS-SYN-000583,ENGINE-SYN-000583,JH13,dataset\NumberPlate_Annotated_Dataset-main\Images\JH13.jpg,SYNTHETIC_PROTOTYPE
VH-000584,KA04MG7528,KA,Car,NO,Maruti,Ertiga,Black,Metro Transit,VALID,2027-06-20,VALID,2028-06-27,VALID,2027-02-09,VALID,2027-04-25,FT-000584,ACTIVE,ACTIVE,CHASSIS-SYN-000584,ENGINE-SYN-000584,KA10,dataset\NumberPlate_Annotated_Dataset-main\Images\KA10.jpg,SYNTHETIC_PROTOTYPE
VH-000585,AS23G2612,AS,Mini Truck,YES,Tata,407,Silver,GreenLine Transport,VALID,2028-06-15,VALID,2027-10-16,VALID,2027-02-08,VALID,2026-12-23,FT-000585,ACTIVE,ACTIVE,CHASSIS-SYN-000585,ENGINE-SYN-000585,AS24,dataset\NumberPlate_Annotated_Dataset-main\Images\AS24.jpg,SYNTHETIC_PROTOTYPE
VH-000586,GA08M0184,GA,Bike,NO,Bajaj,Pulsar,Black,Apex Logistics,VALID,2028-12-17,VALID,2027-08-24,VALID,2027-02-01,VALID,2027-03-01,FT-000586,ACTIVE,ACTIVE,CHASSIS-SYN-000586,ENGINE-SYN-000586,GA2,dataset\NumberPlate_Annotated_Dataset-main\Images\GA2.jpg,SYNTHETIC_PROTOTYPE
VH-000587,AN01L6155,AN,Car,NO,Toyota,Innova,White,Chennai Cargo,VALID,2027-05-03,EXPIRED,2026-08-30,VALID,2026-11-14,VALID,2026-11-10,FT-000587,ACTIVE,ACTIVE,CHASSIS-SYN-000587,ENGINE-SYN-000587,AN5,dataset\NumberPlate_Annotated_Dataset-main\Images\AN5.jpg,SYNTHETIC_PROTOTYPE
VH-000588,OD05K6964,OD,Car,NO,Hyundai,Aura,White,Metro Transit,EXPIRED,2026-01-13,VALID,2028-09-18,VALID,2027-03-13,VALID,2027-02-02,FT-000588,ACTIVE,ACTIVE,CHASSIS-SYN-000588,ENGINE-SYN-000588,OD10,dataset\NumberPlate_Annotated_Dataset-main\Images\OD10.jpg,SYNTHETIC_PROTOTYPE
VH-000589,ML10B9308,ML,Bike,NO,Honda,Shine,Black,Apex Logistics,VALID,2028-03-22,VALID,2026-11-25,VALID,2027-07-01,VALID,2027-08-19,FT-000589,ACTIVE,ACTIVE,CHASSIS-SYN-000589,ENGINE-SYN-000589,ML14,dataset\NumberPlate_Annotated_Dataset-main\Images\ML14.jpg,SYNTHETIC_PROTOTYPE
VH-000590,AP28AT5333,AP,Truck,YES,BharatBenz,3123R,Red,Southern Freight,VALID,2027-01-27,VALID,2027-07-21,EXPIRED,2026-08-10,VALID,2027-03-21,FT-000590,ACTIVE,ACTIVE,CHASSIS-SYN-000590,ENGINE-SYN-000590,AP15,dataset\NumberPlate_Annotated_Dataset-main\Images\AP15.jpg,SYNTHETIC_PROTOTYPE
VH-000591,TS07HM2684,TS,Bike,NO,TVS,Apache,Black,Chennai Cargo,VALID,2027-06-12,VALID,2028-08-20,VALID,2027-01-19,VALID,2027-04-22,FT-000591,ACTIVE,ACTIVE,CHASSIS-SYN-000591,ENGINE-SYN-000591,TS16,dataset\NumberPlate_Annotated_Dataset-main\Images\TS16.jpg,SYNTHETIC_PROTOTYPE
VH-000592,JH01BU9956,JH,Truck,YES,Ashok Leyland,AVTR,Red,Metro Transit,VALID,2026-10-31,VALID,2026-12-09,VALID,2027-05-24,VALID,2027-07-26,FT-000592,ACTIVE,ACTIVE,CHASSIS-SYN-000592,ENGINE-SYN-000592,JH9,dataset\NumberPlate_Annotated_Dataset-main\Images\JH9.jpg,SYNTHETIC_PROTOTYPE
VH-000593,WB70G3763,WB,Truck,YES,Tata,Prima,Silver,Metro Transit,VALID,2027-05-14,VALID,2028-04-16,EXPIRED,2026-09-16,VALID,2027-07-15,FT-000593,ACTIVE,ACTIVE,CHASSIS-SYN-000593,ENGINE-SYN-000593,WB3,dataset\NumberPlate_Annotated_Dataset-main\Images\WB3.jpg,SYNTHETIC_PROTOTYPE
VH-000594,AP39E1493,AP,Car,NO,Hyundai,Aura,White,Coastal Commercials,VALID,2029-02-07,VALID,2028-03-10,VALID,2026-12-22,VALID,2027-02-18,FT-000594,ACTIVE,ACTIVE,CHASSIS-SYN-000594,ENGINE-SYN-000594,AP10,dataset\NumberPlate_Annotated_Dataset-main\Images\AP10.jpg,SYNTHETIC_PROTOTYPE
VH-000595,JK1182360,JK,Car,NO,Maruti,Ertiga,Black,National Route Logistics,VALID,2027-09-15,EXPIRED,2026-06-29,VALID,2026-11-04,VALID,2027-01-08,FT-000595,ACTIVE,ACTIVE,CHASSIS-SYN-000595,ENGINE-SYN-000595,JK18,dataset\NumberPlate_Annotated_Dataset-main\Images\JK18.jpg,SYNTHETIC_PROTOTYPE
VH-000596,CH01AP4538,CH,Bus,YES,Ashok Leyland,Viking,Silver,Chennai Cargo,VALID,2026-11-06,VALID,2028-09-01,VALID,2026-10-30,VALID,2027-09-19,FT-000596,ACTIVE,ACTIVE,CHASSIS-SYN-000596,ENGINE-SYN-000596,CH5,dataset\NumberPlate_Annotated_Dataset-main\Images\CH5.jpg,SYNTHETIC_PROTOTYPE
VH-000597,UP23K0008,UP,Car,NO,Toyota,Innova,Grey,Sri Lakshmi Logistics,VALID,2026-11-02,VALID,2027-12-27,VALID,2027-05-01,VALID,2027-06-29,FT-000597,ACTIVE,ACTIVE,CHASSIS-SYN-000597,ENGINE-SYN-000597,UK4,dataset\NumberPlate_Annotated_Dataset-main\Images\UK4.jpg,SYNTHETIC_PROTOTYPE
VH-000598,LA020749,LA,Mini Truck,YES,Tata,407,Black,Chennai Cargo,VALID,2027-07-11,VALID,2027-08-08,VALID,2027-05-31,VALID,2027-05-28,FT-000598,ACTIVE,ACTIVE,CHASSIS-SYN-000598,ENGINE-SYN-000598,LA1,dataset\NumberPlate_Annotated_Dataset-main\Images\LA1.jpg,SYNTHETIC_PROTOTYPE
VH-000599,TS15ES0894,TS,Car,NO,Maruti,Ertiga,Red,Southern Freight,VALID,2027-09-07,VALID,2026-12-31,VALID,2027-03-07,VALID,2027-03-26,FT-000599,INACTIVE,ACTIVE,CHASSIS-SYN-000599,ENGINE-SYN-000599,TS13,dataset\NumberPlate_Annotated_Dataset-main\Images\TS13.jpg,SYNTHETIC_PROTOTYPE
VH-000600,DL8CNA5085,DL,Mini Truck,YES,Tata,407,Blue,GreenLine Transport,VALID,2028-04-19,VALID,2028-06-23,VALID,2027-05-03,VALID,2027-07-30,FT-000600,ACTIVE,ACTIVE,CHASSIS-SYN-000600,ENGINE-SYN-000600,DL34,dataset\NumberPlate_Annotated_Dataset-main\Images\DL34.jpg,SYNTHETIC_PROTOTYPE
